"text";"orders";"orders_str";"num_items";"grand_total"
"1 bakso aci original Rp49000 dan kohike karamelo au lait 39500";"[{""product"":""bakso aci original"",""quantity"":1,""price"":49000,""total_price"":49000},{""product"":""kohike karamelo au lait"",""quantity"":1,""price"":39500,""total_price"":39500}]";"bakso aci original:1:49000|kohike karamelo au lait:1:39500";"2";"88500"
"kak 2 porsi strawberry parmesan rp 14500";"[{""product"":""strawberry parmesan"",""quantity"":2,""price"":14500,""total_price"":29000}]";"strawberry parmesan:2:14500";"1";"29000"
"kak satu ice lychee tea 2000";"[{""product"":""ice lychee tea"",""quantity"":1,""price"":2000,""total_price"":2000}]";"ice lychee tea:1:2000";"1";"2000"
"wkwk satu double cheese burger 8500";"[{""product"":""double cheese burger"",""quantity"":1,""price"":8500,""total_price"":8500}]";"double cheese burger:1:8500";"1";"8500"
"kak 2 mix vanilla Rp48500";"[{""product"":""mix vanilla"",""quantity"":2,""price"":48500,""total_price"":97000}]";"mix vanilla:2:48500";"1";"97000"
"seporsi nenas pineapple rp 41500 dan tiga caffe latte 38500 dan tumis kepiting Rp4500";"[{""product"":""nenas pineapple"",""quantity"":1,""price"":41500,""total_price"":41500},{""product"":""caffe latte"",""quantity"":3,""price"":38500,""total_price"":115500},{""product"":""tumis kepiting"",""quantity"":1,""price"":4500,""total_price"":4500}]";"nenas pineapple:1:41500|caffe latte:3:38500|tumis kepiting:1:4500";"3";"161500"
"kak satu nopia spesial Rp12000 + 1 kopi pancung rp 44500";"[{""product"":""nopia spesial"",""quantity"":1,""price"":12000,""total_price"":12000},{""product"":""kopi pancung"",""quantity"":1,""price"":44500,""total_price"":44500}]";"nopia spesial:1:12000|kopi pancung:1:44500";"2";"56500"
"wkwk 1 es mangga l Rp12000";"[{""product"":""es mangga l"",""quantity"":1,""price"":12000,""total_price"":12000}]";"es mangga l:1:12000";"1";"12000"
"kak 3 uncle goober bites rp 16500 sama tiga ice kopi gula aren Rp27500 sama 1 mie ayam jamur special 38000";"[{""product"":""uncle goober bites"",""quantity"":3,""price"":16500,""total_price"":49500},{""product"":""ice kopi gula aren"",""quantity"":3,""price"":27500,""total_price"":82500},{""product"":""mie ayam jamur special"",""quantity"":1,""price"":38000,""total_price"":38000}]";"uncle goober bites:3:16500|ice kopi gula aren:3:27500|mie ayam jamur special:1:38000";"3";"170000"
"kak sampler rp 17500";"[{""product"":""sampler"",""quantity"":1,""price"":17500,""total_price"":17500}]";"sampler:1:17500";"1";"17500"
"tiga raspberry tea 25000";"[{""product"":""raspberry tea"",""quantity"":3,""price"":25000,""total_price"":75000}]";"raspberry tea:3:25000";"1";"75000"
"kak 3 bihun jagung mentah 42000";"[{""product"":""bihun jagung mentah"",""quantity"":3,""price"":42000,""total_price"":126000}]";"bihun jagung mentah:3:42000";"1";"126000"
"kak satu olahan cumi Rp35500";"[{""product"":""olahan cumi"",""quantity"":1,""price"":35500,""total_price"":35500}]";"olahan cumi:1:35500";"1";"35500"
"kak 2 porsi churros topping ice cream Rp23500 + terriyaki furai don 12000";"[{""product"":""churros topping ice cream"",""quantity"":2,""price"":23500,""total_price"":47000},{""product"":""terriyaki furai don"",""quantity"":1,""price"":12000,""total_price"":12000}]";"churros topping ice cream:2:23500|terriyaki furai don:1:12000";"2";"59000"
"wkwk 2 porsi spunbond belikopi large rp 8500";"[{""product"":""spunbond belikopi large"",""quantity"":2,""price"":8500,""total_price"":17000}]";"spunbond belikopi large:2:8500";"1";"17000"
"gurame asem manis masakan rp 36500";"[{""product"":""gurame asem manis masakan"",""quantity"":1,""price"":36500,""total_price"":36500}]";"gurame asem manis masakan:1:36500";"1";"36500"
"aykatsu ori 21500";"[{""product"":""aykatsu ori"",""quantity"":1,""price"":21500,""total_price"":21500}]";"aykatsu ori:1:21500";"1";"21500"
"2 cafelatte ice Rp36000 sama 2 cappucino hangat rp 44000";"[{""product"":""cafelatte ice"",""quantity"":2,""price"":36000,""total_price"":72000},{""product"":""cappucino hangat"",""quantity"":2,""price"":44000,""total_price"":88000}]";"cafelatte ice:2:36000|cappucino hangat:2:44000";"2";"160000"
"wkwk 5 pudding oreo Rp47500";"[{""product"":""pudding oreo"",""quantity"":5,""price"":47500,""total_price"":237500}]";"pudding oreo:5:47500";"1";"237500"
"kak 1 roti abon rp 16000 dan tahu susu ori siap masak 39500";"[{""product"":""roti abon"",""quantity"":1,""price"":16000,""total_price"":16000},{""product"":""tahu susu ori siap masak"",""quantity"":1,""price"":39500,""total_price"":39500}]";"roti abon:1:16000|tahu susu ori siap masak:1:39500";"2";"55500"
"kak 1 bolu gulung blueberry keju r 23000";"[{""product"":""bolu gulung blueberry keju r"",""quantity"":1,""price"":23000,""total_price"":23000}]";"bolu gulung blueberry keju r:1:23000";"1";"23000"
"kak 1 soes kering original rp 48000";"[{""product"":""soes kering original"",""quantity"":1,""price"":48000,""total_price"":48000}]";"soes kering original:1:48000";"1";"48000"
"kak 3 sec 8000";"[{""product"":""sec"",""quantity"":3,""price"":8000,""total_price"":24000}]";"sec:3:8000";"1";"24000"
"kak seporsi pisang goreng rp 5000";"[{""product"":""pisang goreng"",""quantity"":1,""price"":5000,""total_price"":5000}]";"pisang goreng:1:5000";"1";"5000"
"2 peanut butter croffle 17500";"[{""product"":""peanut butter croffle"",""quantity"":2,""price"":17500,""total_price"":35000}]";"peanut butter croffle:2:17500";"1";"35000"
"wkwk premium tiramisu 17500";"[{""product"":""premium tiramisu"",""quantity"":1,""price"":17500,""total_price"":17500}]";"premium tiramisu:1:17500";"1";"17500"
"3 tiamo toast 50000";"[{""product"":""tiamo toast"",""quantity"":3,""price"":50000,""total_price"":150000}]";"tiamo toast:3:50000";"1";"150000"
"3 hotdog single Rp12500";"[{""product"":""hotdog single"",""quantity"":3,""price"":12500,""total_price"":37500}]";"hotdog single:3:12500";"1";"37500"
"kak seporsi salmon mentai rp 48500";"[{""product"":""salmon mentai"",""quantity"":1,""price"":48500,""total_price"":48500}]";"salmon mentai:1:48500";"1";"48500"
"kak 1 frozen chicken skin rp 39000";"[{""product"":""frozen chicken skin"",""quantity"":1,""price"":39000,""total_price"":39000}]";"frozen chicken skin:1:39000";"1";"39000"
"seporsi bobor 35500 + black coffee nescafe rp 13500";"[{""product"":""bobor"",""quantity"":1,""price"":35500,""total_price"":35500},{""product"":""black coffee nescafe"",""quantity"":1,""price"":13500,""total_price"":13500}]";"bobor:1:35500|black coffee nescafe:1:13500";"2";"49000"
"kak 4 pelepah manuk masakan Rp39000 + seporsi cocoffee aren rp 7000";"[{""product"":""pelepah manuk masakan"",""quantity"":4,""price"":39000,""total_price"":156000},{""product"":""cocoffee aren"",""quantity"":1,""price"":7000,""total_price"":7000}]";"pelepah manuk masakan:4:39000|cocoffee aren:1:7000";"2";"163000"
"wkwk seporsi kebab daging sapi 22000";"[{""product"":""kebab daging sapi"",""quantity"":1,""price"":22000,""total_price"":22000}]";"kebab daging sapi:1:22000";"1";"22000"
"kak 1 linggardjati lemon lime Rp2500";"[{""product"":""linggardjati lemon lime"",""quantity"":1,""price"":2500,""total_price"":2500}]";"linggardjati lemon lime:1:2500";"1";"2500"
"kak 1 burger rp 24000 + 3 thai spicy beancurd  vegan Rp25500 + satu hot thai tea rp 36500";"[{""product"":""burger"",""quantity"":1,""price"":24000,""total_price"":24000},{""product"":""thai spicy beancurd  vegan"",""quantity"":3,""price"":25500,""total_price"":76500},{""product"":""hot thai tea"",""quantity"":1,""price"":36500,""total_price"":36500}]";"burger:1:24000|thai spicy beancurd  vegan:3:25500|hot thai tea:1:36500";"3";"137000"
"wkwk seporsi udang gala panggang keju m 8500";"[{""product"":""udang gala panggang keju m"",""quantity"":1,""price"":8500,""total_price"":8500}]";"udang gala panggang keju m:1:8500";"1";"8500"
"kak seporsi two island sauvignon blanc rp 15000 sama 2 double cheese bombolone Rp45500";"[{""product"":""two island sauvignon blanc"",""quantity"":1,""price"":15000,""total_price"":15000},{""product"":""double cheese bombolone"",""quantity"":2,""price"":45500,""total_price"":91000}]";"two island sauvignon blanc:1:15000|double cheese bombolone:2:45500";"2";"106000"
"black kebab jumbo 19500";"[{""product"":""black kebab jumbo"",""quantity"":1,""price"":19500,""total_price"":19500}]";"black kebab jumbo:1:19500";"1";"19500"
"2 porsi kecipir biji 47000 + 1 ena chike cheese rp 9000";"[{""product"":""kecipir biji"",""quantity"":2,""price"":47000,""total_price"":94000},{""product"":""ena chike cheese"",""quantity"":1,""price"":9000,""total_price"":9000}]";"kecipir biji:2:47000|ena chike cheese:1:9000";"2";"103000"
"1 nasi ikan tuna sambal matah 29500";"[{""product"":""nasi ikan tuna sambal matah"",""quantity"":1,""price"":29500,""total_price"":29500}]";"nasi ikan tuna sambal matah:1:29500";"1";"29500"
"kak 3 beef teriyaki rice bowl 45500";"[{""product"":""beef teriyaki rice bowl"",""quantity"":3,""price"":45500,""total_price"":136500}]";"beef teriyaki rice bowl:3:45500";"1";"136500"
"tiga vegan beef steak rp 41500";"[{""product"":""vegan beef steak"",""quantity"":3,""price"":41500,""total_price"":124500}]";"vegan beef steak:3:41500";"1";"124500"
"es teh manis  tawar 28000 sama 3 pisang kidang segar rp 19000";"[{""product"":""es teh manis  tawar"",""quantity"":1,""price"":28000,""total_price"":28000},{""product"":""pisang kidang segar"",""quantity"":3,""price"":19000,""total_price"":57000}]";"es teh manis  tawar:1:28000|pisang kidang segar:3:19000";"2";"85000"
"seblak komplit  es teh 24000 sama 1 ice sakura latte rp 16000";"[{""product"":""seblak komplit  es teh"",""quantity"":1,""price"":24000,""total_price"":24000},{""product"":""ice sakura latte"",""quantity"":1,""price"":16000,""total_price"":16000}]";"seblak komplit  es teh:1:24000|ice sakura latte:1:16000";"2";"40000"
"kak 5 bsb vanila rp 24000";"[{""product"":""bsb vanila"",""quantity"":5,""price"":24000,""total_price"":120000}]";"bsb vanila:5:24000";"1";"120000"
"wkwk 4 teriyaki blackpaper 18500 sama mie kuning jawagorengkuah rp 4000";"[{""product"":""teriyaki blackpaper"",""quantity"":4,""price"":18500,""total_price"":74000},{""product"":""mie kuning jawagorengkuah"",""quantity"":1,""price"":4000,""total_price"":4000}]";"teriyaki blackpaper:4:18500|mie kuning jawagorengkuah:1:4000";"2";"78000"
"kak 2 porsi martabak keju coklat wijen susu Rp9000 sama seporsi robak coklat 14000";"[{""product"":""martabak keju coklat wijen susu"",""quantity"":2,""price"":9000,""total_price"":18000},{""product"":""robak coklat"",""quantity"":1,""price"":14000,""total_price"":14000}]";"martabak keju coklat wijen susu:2:9000|robak coklat:1:14000";"2";"32000"
"2 porsi thai tea ice rp 49000";"[{""product"":""thai tea ice"",""quantity"":2,""price"":49000,""total_price"":98000}]";"thai tea ice:2:49000";"1";"98000"
"wkwk 2 porsi mie kobong ikan suwir rp 9500";"[{""product"":""mie kobong ikan suwir"",""quantity"":2,""price"":9500,""total_price"":19000}]";"mie kobong ikan suwir:2:9500";"1";"19000"
"seporsi pillow roll rp 20500";"[{""product"":""pillow roll"",""quantity"":1,""price"":20500,""total_price"":20500}]";"pillow roll:1:20500";"1";"20500"
"wkwk 2 nila belur cabe ijo rp 41000";"[{""product"":""nila belur cabe ijo"",""quantity"":2,""price"":41000,""total_price"":82000}]";"nila belur cabe ijo:2:41000";"1";"82000"
"kak 1 abundance gift box rp 29500";"[{""product"":""abundance gift box"",""quantity"":1,""price"":29500,""total_price"":29500}]";"abundance gift box:1:29500";"1";"29500"
"kak 1 roti cane susu Rp34500";"[{""product"":""roti cane susu"",""quantity"":1,""price"":34500,""total_price"":34500}]";"roti cane susu:1:34500";"1";"34500"
"2 porsi krupuk telur asin Rp23000 dan tahu 45000";"[{""product"":""krupuk telur asin"",""quantity"":2,""price"":23000,""total_price"":46000},{""product"":""tahu"",""quantity"":1,""price"":45000,""total_price"":45000}]";"krupuk telur asin:2:23000|tahu:1:45000";"2";"91000"
"kak 5 javanese Rp31000";"[{""product"":""javanese"",""quantity"":5,""price"":31000,""total_price"":155000}]";"javanese:5:31000";"1";"155000"
"kak 1 oguri wagyu steak sirloin rp 11000";"[{""product"":""oguri wagyu steak sirloin"",""quantity"":1,""price"":11000,""total_price"":11000}]";"oguri wagyu steak sirloin:1:11000";"1";"11000"
"seporsi choco chip s 35000 sama seporsi putri malu segar Rp17500";"[{""product"":""choco chip s"",""quantity"":1,""price"":35000,""total_price"":35000},{""product"":""putri malu segar"",""quantity"":1,""price"":17500,""total_price"":17500}]";"choco chip s:1:35000|putri malu segar:1:17500";"2";"52500"
"kak 5 vanilla gelato Rp41000 sama tiga matcha latte mambo regular 37000";"[{""product"":""vanilla gelato"",""quantity"":5,""price"":41000,""total_price"":205000},{""product"":""matcha latte mambo regular"",""quantity"":3,""price"":37000,""total_price"":111000}]";"vanilla gelato:5:41000|matcha latte mambo regular:3:37000";"2";"316000"
"kak tiga juas buah naga Rp35000";"[{""product"":""juas buah naga"",""quantity"":3,""price"":35000,""total_price"":105000}]";"juas buah naga:3:35000";"1";"105000"
"wkwk 2 cabe bawang putih Rp19000";"[{""product"":""cabe bawang putih"",""quantity"":2,""price"":19000,""total_price"":38000}]";"cabe bawang putih:2:19000";"1";"38000"
"seporsi dimsum keju rp 11500";"[{""product"":""dimsum keju"",""quantity"":1,""price"":11500,""total_price"":11500}]";"dimsum keju:1:11500";"1";"11500"
"wkwk satu mie kuning 5500";"[{""product"":""mie kuning"",""quantity"":1,""price"":5500,""total_price"":5500}]";"mie kuning:1:5500";"1";"5500"
"wkwk azuki 21000 sama dua nugget ayam Rp36000 sama 2 porsi shoyu 40500";"[{""product"":""azuki"",""quantity"":1,""price"":21000,""total_price"":21000},{""product"":""nugget ayam"",""quantity"":2,""price"":36000,""total_price"":72000},{""product"":""shoyu"",""quantity"":2,""price"":40500,""total_price"":81000}]";"azuki:1:21000|nugget ayam:2:36000|shoyu:2:40500";"3";"174000"
"seporsi orange milkut rp 27500";"[{""product"":""orange milkut"",""quantity"":1,""price"":27500,""total_price"":27500}]";"orange milkut:1:27500";"1";"27500"
"seporsi tempe telur asin Rp3500 sama bakso kuah ceker Rp10500 sama 3 ottoke taichan bowl Rp5000";"[{""product"":""tempe telur asin"",""quantity"":1,""price"":3500,""total_price"":3500},{""product"":""bakso kuah ceker"",""quantity"":1,""price"":10500,""total_price"":10500},{""product"":""ottoke taichan bowl"",""quantity"":3,""price"":5000,""total_price"":15000}]";"tempe telur asin:1:3500|bakso kuah ceker:1:10500|ottoke taichan bowl:3:5000";"3";"29000"
"wkwk satu nila belur cabe ijo 18000";"[{""product"":""nila belur cabe ijo"",""quantity"":1,""price"":18000,""total_price"":18000}]";"nila belur cabe ijo:1:18000";"1";"18000"
"kak 1 blackcurrant tea 43500 dan muillfuille coklat nogat 17500";"[{""product"":""blackcurrant tea"",""quantity"":1,""price"":43500,""total_price"":43500},{""product"":""muillfuille coklat nogat"",""quantity"":1,""price"":17500,""total_price"":17500}]";"blackcurrant tea:1:43500|muillfuille coklat nogat:1:17500";"2";"61000"
"kak 2 porsi sei diego burger Rp15500";"[{""product"":""sei diego burger"",""quantity"":2,""price"":15500,""total_price"":31000}]";"sei diego burger:2:15500";"1";"31000"
"wkwk 2 es kopi berry rp 21500 sama churros topping ice cream rp 21500";"[{""product"":""es kopi berry"",""quantity"":2,""price"":21500,""total_price"":43000},{""product"":""churros topping ice cream"",""quantity"":1,""price"":21500,""total_price"":21500}]";"es kopi berry:2:21500|churros topping ice cream:1:21500";"2";"64500"
"gulai kepala kakap Rp45500 + 2 butter bun cheese rp 38000 + dua jambu berry Rp36000";"[{""product"":""gulai kepala kakap"",""quantity"":1,""price"":45500,""total_price"":45500},{""product"":""butter bun cheese"",""quantity"":2,""price"":38000,""total_price"":76000},{""product"":""jambu berry"",""quantity"":2,""price"":36000,""total_price"":72000}]";"gulai kepala kakap:1:45500|butter bun cheese:2:38000|jambu berry:2:36000";"3";"193500"
"3 ayam geprek sambal penyet 29500 + 5 pork petty cheese burger Rp47000";"[{""product"":""ayam geprek sambal penyet"",""quantity"":3,""price"":29500,""total_price"":88500},{""product"":""pork petty cheese burger"",""quantity"":5,""price"":47000,""total_price"":235000}]";"ayam geprek sambal penyet:3:29500|pork petty cheese burger:5:47000";"2";"323500"
"wkwk 2 porsi kerupuk kulit kerbau Rp32500";"[{""product"":""kerupuk kulit kerbau"",""quantity"":2,""price"":32500,""total_price"":65000}]";"kerupuk kulit kerbau:2:32500";"1";"65000"
"3 mie aceh dagingtelur Rp19500";"[{""product"":""mie aceh dagingtelur"",""quantity"":3,""price"":19500,""total_price"":58500}]";"mie aceh dagingtelur:3:19500";"1";"58500"
"wkwk satu nila asam manis 22500";"[{""product"":""nila asam manis"",""quantity"":1,""price"":22500,""total_price"":22500}]";"nila asam manis:1:22500";"1";"22500"
"kak seporsi karage Rp46500";"[{""product"":""karage"",""quantity"":1,""price"":46500,""total_price"":46500}]";"karage:1:46500";"1";"46500"
"fruits chocolate cake rp 33000";"[{""product"":""fruits chocolate cake"",""quantity"":1,""price"":33000,""total_price"":33000}]";"fruits chocolate cake:1:33000";"1";"33000"
"1 sosis twist Rp7500";"[{""product"":""sosis twist"",""quantity"":1,""price"":7500,""total_price"":7500}]";"sosis twist:1:7500";"1";"7500"
"kak seporsi lychee red Rp24000 sama seporsi nasi ikan mas goreng Rp37000";"[{""product"":""lychee red"",""quantity"":1,""price"":24000,""total_price"":24000},{""product"":""nasi ikan mas goreng"",""quantity"":1,""price"":37000,""total_price"":37000}]";"lychee red:1:24000|nasi ikan mas goreng:1:37000";"2";"61000"
"seporsi jus sirsak jumbo Rp14000";"[{""product"":""jus sirsak jumbo"",""quantity"":1,""price"":14000,""total_price"":14000}]";"jus sirsak jumbo:1:14000";"1";"14000"
"kak fish stick rp 19500";"[{""product"":""fish stick"",""quantity"":1,""price"":19500,""total_price"":19500}]";"fish stick:1:19500";"1";"19500"
"tiga chicken shawarma roll Rp16500";"[{""product"":""chicken shawarma roll"",""quantity"":3,""price"":16500,""total_price"":49500}]";"chicken shawarma roll:3:16500";"1";"49500"
"wkwk tempe telur asin rp 5000";"[{""product"":""tempe telur asin"",""quantity"":1,""price"":5000,""total_price"":5000}]";"tempe telur asin:1:5000";"1";"5000"
"satu sosmotang 32500 + 1 chicken wonton ramen Rp5000 + satu ayam geprek mozarella nasi Rp9000";"[{""product"":""sosmotang"",""quantity"":1,""price"":32500,""total_price"":32500},{""product"":""chicken wonton ramen"",""quantity"":1,""price"":5000,""total_price"":5000},{""product"":""ayam geprek mozarella nasi"",""quantity"":1,""price"":9000,""total_price"":9000}]";"sosmotang:1:32500|chicken wonton ramen:1:5000|ayam geprek mozarella nasi:1:9000";"3";"46500"
"kak bluder kopi Rp7000 + 5 diy yogurt rp 37500";"[{""product"":""bluder kopi"",""quantity"":1,""price"":7000,""total_price"":7000},{""product"":""diy yogurt"",""quantity"":5,""price"":37500,""total_price"":187500}]";"bluder kopi:1:7000|diy yogurt:5:37500";"2";"194500"
"wkwk satu taro vocado frappe rp 21000";"[{""product"":""taro vocado frappe"",""quantity"":1,""price"":21000,""total_price"":21000}]";"taro vocado frappe:1:21000";"1";"21000"
"kak 2 porsi bolu gulung tiramisu 8000";"[{""product"":""bolu gulung tiramisu"",""quantity"":2,""price"":8000,""total_price"":16000}]";"bolu gulung tiramisu:2:8000";"1";"16000"
"cake pandan kacang 37000";"[{""product"":""cake pandan kacang"",""quantity"":1,""price"":37000,""total_price"":37000}]";"cake pandan kacang:1:37000";"1";"37000"
"wkwk 1 seblak ceker special rp 20000";"[{""product"":""seblak ceker special"",""quantity"":1,""price"":20000,""total_price"":20000}]";"seblak ceker special:1:20000";"1";"20000"
"4 bubur ketan 29000 dan ikan lele bakargoreng ekor Rp43000";"[{""product"":""bubur ketan"",""quantity"":4,""price"":29000,""total_price"":116000},{""product"":""ikan lele bakargoreng ekor"",""quantity"":1,""price"":43000,""total_price"":43000}]";"bubur ketan:4:29000|ikan lele bakargoreng ekor:1:43000";"2";"159000"
"seporsi makaroni bantet Rp20000";"[{""product"":""makaroni bantet"",""quantity"":1,""price"":20000,""total_price"":20000}]";"makaroni bantet:1:20000";"1";"20000"
"kak satu peanut butter  jelly bomboloni rp 30000 sama kibo mini double choco berry Rp29500";"[{""product"":""peanut butter  jelly bomboloni"",""quantity"":1,""price"":30000,""total_price"":30000},{""product"":""kibo mini double choco berry"",""quantity"":1,""price"":29500,""total_price"":29500}]";"peanut butter  jelly bomboloni:1:30000|kibo mini double choco berry:1:29500";"2";"59500"
"kak 5 ifumie siram spesial Rp45000";"[{""product"":""ifumie siram spesial"",""quantity"":5,""price"":45000,""total_price"":225000}]";"ifumie siram spesial:5:45000";"1";"225000"
"wkwk satu es sugersusu doger Rp19500 sama seblak jeletet endoll 42500";"[{""product"":""es sugersusu doger"",""quantity"":1,""price"":19500,""total_price"":19500},{""product"":""seblak jeletet endoll"",""quantity"":1,""price"":42500,""total_price"":42500}]";"es sugersusu doger:1:19500|seblak jeletet endoll:1:42500";"2";"62000"
"kak 2 mentarang Rp23000";"[{""product"":""mentarang"",""quantity"":2,""price"":23000,""total_price"":46000}]";"mentarang:2:23000";"1";"46000"
"wkwk 3 paris puding coklat 31000";"[{""product"":""paris puding coklat"",""quantity"":3,""price"":31000,""total_price"":93000}]";"paris puding coklat:3:31000";"1";"93000"
"wkwk 3 penfolds koonunga hill c sauvignon rp 44000";"[{""product"":""penfolds koonunga hill c sauvignon"",""quantity"":3,""price"":44000,""total_price"":132000}]";"penfolds koonunga hill c sauvignon:3:44000";"1";"132000"
"satu taiyaki ice cream uji matcha Rp42000";"[{""product"":""taiyaki ice cream uji matcha"",""quantity"":1,""price"":42000,""total_price"":42000}]";"taiyaki ice cream uji matcha:1:42000";"1";"42000"
"4 corndog mozarella coklat kacang Rp46500";"[{""product"":""corndog mozarella coklat kacang"",""quantity"":4,""price"":46500,""total_price"":186000}]";"corndog mozarella coklat kacang:4:46500";"1";"186000"
"kak seporsi ini teh manis rp 28000 sama duo crispy chicken ol Rp31500 sama 4 mango peach jelly float rp 33500";"[{""product"":""ini teh manis"",""quantity"":1,""price"":28000,""total_price"":28000},{""product"":""duo crispy chicken ol"",""quantity"":1,""price"":31500,""total_price"":31500},{""product"":""mango peach jelly float"",""quantity"":4,""price"":33500,""total_price"":134000}]";"ini teh manis:1:28000|duo crispy chicken ol:1:31500|mango peach jelly float:4:33500";"3";"193500"
"5 smoke beef cream cheese bun rp 31000";"[{""product"":""smoke beef cream cheese bun"",""quantity"":5,""price"":31000,""total_price"":155000}]";"smoke beef cream cheese bun:5:31000";"1";"155000"
"wkwk 2 sunkist wortel mix Rp6000";"[{""product"":""sunkist wortel mix"",""quantity"":2,""price"":6000,""total_price"":12000}]";"sunkist wortel mix:2:6000";"1";"12000"
"kak satu sukun tua segar Rp39500 + seporsi kerang batu  dagok Rp33000 + tiga almond choco cheese Rp36000";"[{""product"":""sukun tua segar"",""quantity"":1,""price"":39500,""total_price"":39500},{""product"":""kerang batu  dagok"",""quantity"":1,""price"":33000,""total_price"":33000},{""product"":""almond choco cheese"",""quantity"":3,""price"":36000,""total_price"":108000}]";"sukun tua segar:1:39500|kerang batu  dagok:1:33000|almond choco cheese:3:36000";"3";"180500"
"3 mi sedaaap goreng Rp38500";"[{""product"":""mi sedaaap goreng"",""quantity"":3,""price"":38500,""total_price"":115500}]";"mi sedaaap goreng:3:38500";"1";"115500"
"kak dua sec rp 26500";"[{""product"":""sec"",""quantity"":2,""price"":26500,""total_price"":53000}]";"sec:2:26500";"1";"53000"
"beef bulgogi Rp8000";"[{""product"":""beef bulgogi"",""quantity"":1,""price"":8000,""total_price"":8000}]";"beef bulgogi:1:8000";"1";"8000"
"kak 3 ayam kebuli perpotong dada 6500 sama satu daging bebek asap Rp23500 sama dua pisang bakar keju susu rp 43500";"[{""product"":""ayam kebuli perpotong dada"",""quantity"":3,""price"":6500,""total_price"":19500},{""product"":""daging bebek asap"",""quantity"":1,""price"":23500,""total_price"":23500},{""product"":""pisang bakar keju susu"",""quantity"":2,""price"":43500,""total_price"":87000}]";"ayam kebuli perpotong dada:3:6500|daging bebek asap:1:23500|pisang bakar keju susu:2:43500";"3";"130000"
"wkwk 2 sop marina bay rp 42000 dan dua tim obat ayam hitam rp 16500 dan dua bebek hoisom  mantou 8000";"[{""product"":""sop marina bay"",""quantity"":2,""price"":42000,""total_price"":84000},{""product"":""tim obat ayam hitam"",""quantity"":2,""price"":16500,""total_price"":33000},{""product"":""bebek hoisom  mantou"",""quantity"":2,""price"":8000,""total_price"":16000}]";"sop marina bay:2:42000|tim obat ayam hitam:2:16500|bebek hoisom  mantou:2:8000";"3";"133000"
"wkwk 1 balinese sambal matah with rice 20500 + satu bihun balap seafood rp 11000";"[{""product"":""balinese sambal matah with rice"",""quantity"":1,""price"":20500,""total_price"":20500},{""product"":""bihun balap seafood"",""quantity"":1,""price"":11000,""total_price"":11000}]";"balinese sambal matah with rice:1:20500|bihun balap seafood:1:11000";"2";"31500"
"wkwk extra boba 41500 + dua es kopi susu taro 39000";"[{""product"":""extra boba"",""quantity"":1,""price"":41500,""total_price"":41500},{""product"":""es kopi susu taro"",""quantity"":2,""price"":39000,""total_price"":78000}]";"extra boba:1:41500|es kopi susu taro:2:39000";"2";"119500"
"kak dua kahlua jelly rp 20000";"[{""product"":""kahlua jelly"",""quantity"":2,""price"":20000,""total_price"":40000}]";"kahlua jelly:2:20000";"1";"40000"
"kak 5 mochi choux sakura cream Rp42500";"[{""product"":""mochi choux sakura cream"",""quantity"":5,""price"":42500,""total_price"":212500}]";"mochi choux sakura cream:5:42500";"1";"212500"
"lontong 32500";"[{""product"":""lontong"",""quantity"":1,""price"":32500,""total_price"":32500}]";"lontong:1:32500";"1";"32500"
"wkwk 5 leci bahagia rp 3000";"[{""product"":""leci bahagia"",""quantity"":5,""price"":3000,""total_price"":15000}]";"leci bahagia:5:3000";"1";"15000"
"kak 4 biscoff nougat 20000";"[{""product"":""biscoff nougat"",""quantity"":4,""price"":20000,""total_price"":80000}]";"biscoff nougat:4:20000";"1";"80000"
"kak 2 porsi frozen pentol goreng rp 50000";"[{""product"":""frozen pentol goreng"",""quantity"":2,""price"":50000,""total_price"":100000}]";"frozen pentol goreng:2:50000";"1";"100000"
"wkwk satu chicken cutlet 4000 + seporsi beef sausage mozarella Rp10000";"[{""product"":""chicken cutlet"",""quantity"":1,""price"":4000,""total_price"":4000},{""product"":""beef sausage mozarella"",""quantity"":1,""price"":10000,""total_price"":10000}]";"chicken cutlet:1:4000|beef sausage mozarella:1:10000";"2";"14000"
"wkwk gyoza ramen rp 35500";"[{""product"":""gyoza ramen"",""quantity"":1,""price"":35500,""total_price"":35500}]";"gyoza ramen:1:35500";"1";"35500"
"5 skippypeanut butter Rp49500";"[{""product"":""skippypeanut butter"",""quantity"":5,""price"":49500,""total_price"":247500}]";"skippypeanut butter:5:49500";"1";"247500"
"wkwk 5 cumi ekstra pedas rp 7500 + 2 iced leci tea rp 18500 + satu pancong polos rp 25500";"[{""product"":""cumi ekstra pedas"",""quantity"":5,""price"":7500,""total_price"":37500},{""product"":""iced leci tea"",""quantity"":2,""price"":18500,""total_price"":37000},{""product"":""pancong polos"",""quantity"":1,""price"":25500,""total_price"":25500}]";"cumi ekstra pedas:5:7500|iced leci tea:2:18500|pancong polos:1:25500";"3";"100000"
"kak nasi lodeh pindang 32000";"[{""product"":""nasi lodeh pindang"",""quantity"":1,""price"":32000,""total_price"":32000}]";"nasi lodeh pindang:1:32000";"1";"32000"
"wkwk 2 porsi ice milosaurus rp 31500";"[{""product"":""ice milosaurus"",""quantity"":2,""price"":31500,""total_price"":63000}]";"ice milosaurus:2:31500";"1";"63000"
"cuan bertiga b Rp21000";"[{""product"":""cuan bertiga b"",""quantity"":1,""price"":21000,""total_price"":21000}]";"cuan bertiga b:1:21000";"1";"21000"
"kak thai milk tea h rp 25500";"[{""product"":""thai milk tea h"",""quantity"":1,""price"":25500,""total_price"":25500}]";"thai milk tea h:1:25500";"1";"25500"
"dua popcan roasted tea Rp41000 + satu donut sosis 4000 + 2 pizza special Rp30000";"[{""product"":""popcan roasted tea"",""quantity"":2,""price"":41000,""total_price"":82000},{""product"":""donut sosis"",""quantity"":1,""price"":4000,""total_price"":4000},{""product"":""pizza special"",""quantity"":2,""price"":30000,""total_price"":60000}]";"popcan roasted tea:2:41000|donut sosis:1:4000|pizza special:2:30000";"3";"146000"
"wkwk nasi bungkus  usus 14000";"[{""product"":""nasi bungkus  usus"",""quantity"":1,""price"":14000,""total_price"":14000}]";"nasi bungkus  usus:1:14000";"1";"14000"
"kak 2 bacon cheese bombs rp 10000 dan 2 black forest roll 6000";"[{""product"":""bacon cheese bombs"",""quantity"":2,""price"":10000,""total_price"":20000},{""product"":""black forest roll"",""quantity"":2,""price"":6000,""total_price"":12000}]";"bacon cheese bombs:2:10000|black forest roll:2:6000";"2";"32000"
"2 porsi ikan kerapu pedas manis rp 2000 dan 1 mie goreng sapi Rp10000";"[{""product"":""ikan kerapu pedas manis"",""quantity"":2,""price"":2000,""total_price"":4000},{""product"":""mie goreng sapi"",""quantity"":1,""price"":10000,""total_price"":10000}]";"ikan kerapu pedas manis:2:2000|mie goreng sapi:1:10000";"2";"14000"
"kak bakso campur 39500 sama 1 corndog mozzarella kentang 18500";"[{""product"":""bakso campur"",""quantity"":1,""price"":39500,""total_price"":39500},{""product"":""corndog mozzarella kentang"",""quantity"":1,""price"":18500,""total_price"":18500}]";"bakso campur:1:39500|corndog mozzarella kentang:1:18500";"2";"58000"
"satu boy coklat rp 34500";"[{""product"":""boy coklat"",""quantity"":1,""price"":34500,""total_price"":34500}]";"boy coklat:1:34500";"1";"34500"
"wkwk 2 porsi berry wild Rp35000";"[{""product"":""berry wild"",""quantity"":2,""price"":35000,""total_price"":70000}]";"berry wild:2:35000";"1";"70000"
"wkwk 1 bolu lapis panjang nastar crumble 33000 + dua siomay goreng frozen 6500 + tiga patbingsoo chicken dub bab 40500";"[{""product"":""bolu lapis panjang nastar crumble"",""quantity"":1,""price"":33000,""total_price"":33000},{""product"":""siomay goreng frozen"",""quantity"":2,""price"":6500,""total_price"":13000},{""product"":""patbingsoo chicken dub bab"",""quantity"":3,""price"":40500,""total_price"":121500}]";"bolu lapis panjang nastar crumble:1:33000|siomay goreng frozen:2:6500|patbingsoo chicken dub bab:3:40500";"3";"167500"
"kak seporsi toumiao bawang putih Rp35500 dan seporsi mie bakwan jumbo 40500";"[{""product"":""toumiao bawang putih"",""quantity"":1,""price"":35500,""total_price"":35500},{""product"":""mie bakwan jumbo"",""quantity"":1,""price"":40500,""total_price"":40500}]";"toumiao bawang putih:1:35500|mie bakwan jumbo:1:40500";"2";"76000"
"1 tteomoza big Rp28000 sama satu ice avocado rp 27500";"[{""product"":""tteomoza big"",""quantity"":1,""price"":28000,""total_price"":28000},{""product"":""ice avocado"",""quantity"":1,""price"":27500,""total_price"":27500}]";"tteomoza big:1:28000|ice avocado:1:27500";"2";"55500"
"1 kacang tunggak rempeyek Rp45500";"[{""product"":""kacang tunggak rempeyek"",""quantity"":1,""price"":45500,""total_price"":45500}]";"kacang tunggak rempeyek:1:45500";"1";"45500"
"kak cheese sweet cake rp 10000 dan seporsi redvelvet roll Rp37500";"[{""product"":""cheese sweet cake"",""quantity"":1,""price"":10000,""total_price"":10000},{""product"":""redvelvet roll"",""quantity"":1,""price"":37500,""total_price"":37500}]";"cheese sweet cake:1:10000|redvelvet roll:1:37500";"2";"47500"
"wkwk 3 pudding kelengkeng rp 20000";"[{""product"":""pudding kelengkeng"",""quantity"":3,""price"":20000,""total_price"":60000}]";"pudding kelengkeng:3:20000";"1";"60000"
"seporsi suka ikan kerapu sedang 32500";"[{""product"":""suka ikan kerapu sedang"",""quantity"":1,""price"":32500,""total_price"":32500}]";"suka ikan kerapu sedang:1:32500";"1";"32500"
"wkwk 2 porsi nasi gurame asam manis rp 16000 dan 3 cilok gajeh rp 40500";"[{""product"":""nasi gurame asam manis"",""quantity"":2,""price"":16000,""total_price"":32000},{""product"":""cilok gajeh"",""quantity"":3,""price"":40500,""total_price"":121500}]";"nasi gurame asam manis:2:16000|cilok gajeh:3:40500";"2";"153500"
"4 manggo latte 2000";"[{""product"":""manggo latte"",""quantity"":4,""price"":2000,""total_price"":8000}]";"manggo latte:4:2000";"1";"8000"
"wkwk 2 buah kom segar Rp7500 dan 2 cumi saus thailand Rp26000";"[{""product"":""buah kom segar"",""quantity"":2,""price"":7500,""total_price"":15000},{""product"":""cumi saus thailand"",""quantity"":2,""price"":26000,""total_price"":52000}]";"buah kom segar:2:7500|cumi saus thailand:2:26000";"2";"67000"
"2 porsi mie ayam kecap 40000";"[{""product"":""mie ayam kecap"",""quantity"":2,""price"":40000,""total_price"":80000}]";"mie ayam kecap:2:40000";"1";"80000"
"wkwk dua black beef rp 30000";"[{""product"":""black beef"",""quantity"":2,""price"":30000,""total_price"":60000}]";"black beef:2:30000";"1";"60000"
"kak seporsi pizza landing on you rp 9000 sama 1 kimchi bokkeumbbapp rp 20000";"[{""product"":""pizza landing on you"",""quantity"":1,""price"":9000,""total_price"":9000},{""product"":""kimchi bokkeumbbapp"",""quantity"":1,""price"":20000,""total_price"":20000}]";"pizza landing on you:1:9000|kimchi bokkeumbbapp:1:20000";"2";"29000"
"mangga kopek 40000";"[{""product"":""mangga kopek"",""quantity"":1,""price"":40000,""total_price"":40000}]";"mangga kopek:1:40000";"1";"40000"
"dua hot kopi sus Rp20500";"[{""product"":""hot kopi sus"",""quantity"":2,""price"":20500,""total_price"":41000}]";"hot kopi sus:2:20500";"1";"41000"
"red velvet ice rp 36000";"[{""product"":""red velvet ice"",""quantity"":1,""price"":36000,""total_price"":36000}]";"red velvet ice:1:36000";"1";"36000"
"wkwk nasi ayam geprekes susu 29500";"[{""product"":""nasi ayam geprekes susu"",""quantity"":1,""price"":29500,""total_price"":29500}]";"nasi ayam geprekes susu:1:29500";"1";"29500"
"wkwk dua red cooling 20500 + pentol rp 22500";"[{""product"":""red cooling"",""quantity"":2,""price"":20500,""total_price"":41000},{""product"":""pentol"",""quantity"":1,""price"":22500,""total_price"":22500}]";"red cooling:2:20500|pentol:1:22500";"2";"63500"
"kak seporsi carica papaya segar 27500 dan satu rolade sapi 21500 dan 2 choco caramel rp 23000";"[{""product"":""carica papaya segar"",""quantity"":1,""price"":27500,""total_price"":27500},{""product"":""rolade sapi"",""quantity"":1,""price"":21500,""total_price"":21500},{""product"":""choco caramel"",""quantity"":2,""price"":23000,""total_price"":46000}]";"carica papaya segar:1:27500|rolade sapi:1:21500|choco caramel:2:23000";"3";"95000"
"kak 4 garlic cheese toast rp 24000";"[{""product"":""garlic cheese toast"",""quantity"":4,""price"":24000,""total_price"":96000}]";"garlic cheese toast:4:24000";"1";"96000"
"kak 1 dasting coklat 40500";"[{""product"":""dasting coklat"",""quantity"":1,""price"":40500,""total_price"":40500}]";"dasting coklat:1:40500";"1";"40500"
"kak seporsi spaghetti bolognise Rp39000";"[{""product"":""spaghetti bolognise"",""quantity"":1,""price"":39000,""total_price"":39000}]";"spaghetti bolognise:1:39000";"1";"39000"
"wkwk mie aceh udang cumi daging rp 32000 + satu matah bite 19500";"[{""product"":""mie aceh udang cumi daging"",""quantity"":1,""price"":32000,""total_price"":32000},{""product"":""matah bite"",""quantity"":1,""price"":19500,""total_price"":19500}]";"mie aceh udang cumi daging:1:32000|matah bite:1:19500";"2";"51500"
"1 sapi kecap Rp25500";"[{""product"":""sapi kecap"",""quantity"":1,""price"":25500,""total_price"":25500}]";"sapi kecap:1:25500";"1";"25500"
"seporsi char kwe tiao rp 37000 sama 5 suka bowl goreng soka rp 30500";"[{""product"":""char kwe tiao"",""quantity"":1,""price"":37000,""total_price"":37000},{""product"":""suka bowl goreng soka"",""quantity"":5,""price"":30500,""total_price"":152500}]";"char kwe tiao:1:37000|suka bowl goreng soka:5:30500";"2";"189500"
"kak 5 srikaya keju 8500 dan tiga dimsum kepiting rp 47500";"[{""product"":""srikaya keju"",""quantity"":5,""price"":8500,""total_price"":42500},{""product"":""dimsum kepiting"",""quantity"":3,""price"":47500,""total_price"":142500}]";"srikaya keju:5:8500|dimsum kepiting:3:47500";"2";"185000"
"wkwk 5 rose coffee Rp25000";"[{""product"":""rose coffee"",""quantity"":5,""price"":25000,""total_price"":125000}]";"rose coffee:5:25000";"1";"125000"
"wkwk 2 milky choco banana rp 42000";"[{""product"":""milky choco banana"",""quantity"":2,""price"":42000,""total_price"":84000}]";"milky choco banana:2:42000";"1";"84000"
"kak dua vanila blue mini non boba rp 18000";"[{""product"":""vanila blue mini non boba"",""quantity"":2,""price"":18000,""total_price"":36000}]";"vanila blue mini non boba:2:18000";"1";"36000"
"1 mie tiaw goreng  telur rp 24000 + seporsi cake pisang potong Rp46500";"[{""product"":""mie tiaw goreng  telur"",""quantity"":1,""price"":24000,""total_price"":24000},{""product"":""cake pisang potong"",""quantity"":1,""price"":46500,""total_price"":46500}]";"mie tiaw goreng  telur:1:24000|cake pisang potong:1:46500";"2";"70500"
"kak seporsi capcay sosis rp 23000 sama 3 mango  watermelon s Rp43000";"[{""product"":""capcay sosis"",""quantity"":1,""price"":23000,""total_price"":23000},{""product"":""mango  watermelon s"",""quantity"":3,""price"":43000,""total_price"":129000}]";"capcay sosis:1:23000|mango  watermelon s:3:43000";"2";"152000"
"manggo frappe Rp23500";"[{""product"":""manggo frappe"",""quantity"":1,""price"":23500,""total_price"":23500}]";"manggo frappe:1:23500";"1";"23500"
"3 dory fish n chips 34000 dan 2 porsi butterscoth coffee rp 35500 dan lean crying tiger steak plate Rp41500";"[{""product"":""dory fish n chips"",""quantity"":3,""price"":34000,""total_price"":102000},{""product"":""butterscoth coffee"",""quantity"":2,""price"":35500,""total_price"":71000},{""product"":""lean crying tiger steak plate"",""quantity"":1,""price"":41500,""total_price"":41500}]";"dory fish n chips:3:34000|butterscoth coffee:2:35500|lean crying tiger steak plate:1:41500";"3";"214500"
"kak 2 es drink bengbeng Rp28000";"[{""product"":""es drink bengbeng"",""quantity"":2,""price"":28000,""total_price"":56000}]";"es drink bengbeng:2:28000";"1";"56000"
"kak 2 porsi roti jumbo vanilla 30500";"[{""product"":""roti jumbo vanilla"",""quantity"":2,""price"":30500,""total_price"":61000}]";"roti jumbo vanilla:2:30500";"1";"61000"
"kak 4 seblak bakso  sosis rp 25500";"[{""product"":""seblak bakso  sosis"",""quantity"":4,""price"":25500,""total_price"":102000}]";"seblak bakso  sosis:4:25500";"1";"102000"
"2 porsi kori konyaku strawberry Rp35500";"[{""product"":""kori konyaku strawberry"",""quantity"":2,""price"":35500,""total_price"":71000}]";"kori konyaku strawberry:2:35500";"1";"71000"
"wkwk croffle vanilla creme rp 25500 dan 1 jus blimbing jumbo 47500";"[{""product"":""croffle vanilla creme"",""quantity"":1,""price"":25500,""total_price"":25500},{""product"":""jus blimbing jumbo"",""quantity"":1,""price"":47500,""total_price"":47500}]";"croffle vanilla creme:1:25500|jus blimbing jumbo:1:47500";"2";"73000"
"wkwk 4 kiji elevated garlic cheese Rp29500 dan roti sobek 30500";"[{""product"":""kiji elevated garlic cheese"",""quantity"":4,""price"":29500,""total_price"":118000},{""product"":""roti sobek"",""quantity"":1,""price"":30500,""total_price"":30500}]";"kiji elevated garlic cheese:4:29500|roti sobek:1:30500";"2";"148500"
"1 nasi putih 25500";"[{""product"":""nasi putih"",""quantity"":1,""price"":25500,""total_price"":25500}]";"nasi putih:1:25500";"1";"25500"
"kak milk hazelnut Rp46500 + tiga dark chocolate mint 30500 + 2 crispy strips 3000";"[{""product"":""milk hazelnut"",""quantity"":1,""price"":46500,""total_price"":46500},{""product"":""dark chocolate mint"",""quantity"":3,""price"":30500,""total_price"":91500},{""product"":""crispy strips"",""quantity"":2,""price"":3000,""total_price"":6000}]";"milk hazelnut:1:46500|dark chocolate mint:3:30500|crispy strips:2:3000";"3";"144000"
"wkwk 2 pudding zebra cup rp 21000 dan chocolate cheese large rp 28500";"[{""product"":""pudding zebra cup"",""quantity"":2,""price"":21000,""total_price"":42000},{""product"":""chocolate cheese large"",""quantity"":1,""price"":28500,""total_price"":28500}]";"pudding zebra cup:2:21000|chocolate cheese large:1:28500";"2";"70500"
"kak 1 spikoe kuno lusi rp 42000";"[{""product"":""spikoe kuno lusi"",""quantity"":1,""price"":42000,""total_price"":42000}]";"spikoe kuno lusi:1:42000";"1";"42000"
"kak labu waluh segar rp 17000 sama 1 red cincau cold 44500";"[{""product"":""labu waluh segar"",""quantity"":1,""price"":17000,""total_price"":17000},{""product"":""red cincau cold"",""quantity"":1,""price"":44500,""total_price"":44500}]";"labu waluh segar:1:17000|red cincau cold:1:44500";"2";"61500"
"wkwk seporsi teh bunga 37000";"[{""product"":""teh bunga"",""quantity"":1,""price"":37000,""total_price"":37000}]";"teh bunga:1:37000";"1";"37000"
"wkwk 5 onigiri mala 49500";"[{""product"":""onigiri mala"",""quantity"":5,""price"":49500,""total_price"":247500}]";"onigiri mala:5:49500";"1";"247500"
"2 porsi chiken sambal matah with rice Rp50000";"[{""product"":""chiken sambal matah with rice"",""quantity"":2,""price"":50000,""total_price"":100000}]";"chiken sambal matah with rice:2:50000";"1";"100000"
"kak 3 milky melon Rp45500";"[{""product"":""milky melon"",""quantity"":3,""price"":45500,""total_price"":136500}]";"milky melon:3:45500";"1";"136500"
"wkwk dua creme brulee maki sushi 4000 + 1 botok rempelo ati Rp14500";"[{""product"":""creme brulee maki sushi"",""quantity"":2,""price"":4000,""total_price"":8000},{""product"":""botok rempelo ati"",""quantity"":1,""price"":14500,""total_price"":14500}]";"creme brulee maki sushi:2:4000|botok rempelo ati:1:14500";"2";"22500"
"1 toge kacang tunggak rp 50000";"[{""product"":""toge kacang tunggak"",""quantity"":1,""price"":50000,""total_price"":50000}]";"toge kacang tunggak:1:50000";"1";"50000"
"wkwk tiga bika ambon coklat kecil 19000";"[{""product"":""bika ambon coklat kecil"",""quantity"":3,""price"":19000,""total_price"":57000}]";"bika ambon coklat kecil:3:19000";"1";"57000"
"kak 1 roti bakar nutella Rp33500 sama dua onigiri  spicy tuna 35000";"[{""product"":""roti bakar nutella"",""quantity"":1,""price"":33500,""total_price"":33500},{""product"":""onigiri  spicy tuna"",""quantity"":2,""price"":35000,""total_price"":70000}]";"roti bakar nutella:1:33500|onigiri  spicy tuna:2:35000";"2";"103500"
"wkwk satu extra dark fudgy brownie 8500";"[{""product"":""extra dark fudgy brownie"",""quantity"":1,""price"":8500,""total_price"":8500}]";"extra dark fudgy brownie:1:8500";"1";"8500"
"wkwk dua roti kukus srikaya set rp 12500";"[{""product"":""roti kukus srikaya set"",""quantity"":2,""price"":12500,""total_price"":25000}]";"roti kukus srikaya set:2:12500";"1";"25000"
"dua nasgor sei ayam rp 19500";"[{""product"":""nasgor sei ayam"",""quantity"":2,""price"":19500,""total_price"":39000}]";"nasgor sei ayam:2:19500";"1";"39000"
"wkwk seporsi peppy mango l rp 45000 dan nasi goreng jawa kartika rp 11000";"[{""product"":""peppy mango l"",""quantity"":1,""price"":45000,""total_price"":45000},{""product"":""nasi goreng jawa kartika"",""quantity"":1,""price"":11000,""total_price"":11000}]";"peppy mango l:1:45000|nasi goreng jawa kartika:1:11000";"2";"56000"
"kak dua ikan tongkol segar Rp25000";"[{""product"":""ikan tongkol segar"",""quantity"":2,""price"":25000,""total_price"":50000}]";"ikan tongkol segar:2:25000";"1";"50000"
"wkwk 1 roti strawberry Rp38500 dan nasi lele ayam potong rp 27000";"[{""product"":""roti strawberry"",""quantity"":1,""price"":38500,""total_price"":38500},{""product"":""nasi lele ayam potong"",""quantity"":1,""price"":27000,""total_price"":27000}]";"roti strawberry:1:38500|nasi lele ayam potong:1:27000";"2";"65500"
"seporsi bakso daging cincang rp 9500 dan satu fluffy cream roll uji matcha Rp47000 dan seporsi spicy mayo chicken rice 20000";"[{""product"":""bakso daging cincang"",""quantity"":1,""price"":9500,""total_price"":9500},{""product"":""fluffy cream roll uji matcha"",""quantity"":1,""price"":47000,""total_price"":47000},{""product"":""spicy mayo chicken rice"",""quantity"":1,""price"":20000,""total_price"":20000}]";"bakso daging cincang:1:9500|fluffy cream roll uji matcha:1:47000|spicy mayo chicken rice:1:20000";"3";"76500"
"tiga rujak mangga mengkal Rp7500 + tiga es nutrisari florida orange rp 44500";"[{""product"":""rujak mangga mengkal"",""quantity"":3,""price"":7500,""total_price"":22500},{""product"":""es nutrisari florida orange"",""quantity"":3,""price"":44500,""total_price"":133500}]";"rujak mangga mengkal:3:7500|es nutrisari florida orange:3:44500";"2";"156000"
"3 linggardjati aardbeien rp 25000";"[{""product"":""linggardjati aardbeien"",""quantity"":3,""price"":25000,""total_price"":75000}]";"linggardjati aardbeien:3:25000";"1";"75000"
"wkwk croissant smoked beef Rp31500 + 3 indomie ayam bbq rp 41000 + 3 spaghetti bolognese ff rp 21500";"[{""product"":""croissant smoked beef"",""quantity"":1,""price"":31500,""total_price"":31500},{""product"":""indomie ayam bbq"",""quantity"":3,""price"":41000,""total_price"":123000},{""product"":""spaghetti bolognese ff"",""quantity"":3,""price"":21500,""total_price"":64500}]";"croissant smoked beef:1:31500|indomie ayam bbq:3:41000|spaghetti bolognese ff:3:21500";"3";"219000"
"kak 3 pink senorita Rp10000";"[{""product"":""pink senorita"",""quantity"":3,""price"":10000,""total_price"":30000}]";"pink senorita:3:10000";"1";"30000"
"seporsi tahu seafood rp 42500";"[{""product"":""tahu seafood"",""quantity"":1,""price"":42500,""total_price"":42500}]";"tahu seafood:1:42500";"1";"42500"
"3 blueberry juice 21000";"[{""product"":""blueberry juice"",""quantity"":3,""price"":21000,""total_price"":63000}]";"blueberry juice:3:21000";"1";"63000"
"3 iced irish latte 18000 + moctail  classic mojito rp 10000 + 2 porsi takoyaki mozarella rp 36000";"[{""product"":""iced irish latte"",""quantity"":3,""price"":18000,""total_price"":54000},{""product"":""moctail  classic mojito"",""quantity"":1,""price"":10000,""total_price"":10000},{""product"":""takoyaki mozarella"",""quantity"":2,""price"":36000,""total_price"":72000}]";"iced irish latte:3:18000|moctail  classic mojito:1:10000|takoyaki mozarella:2:36000";"3";"136000"
"wkwk 3 donut gula rp 3500 + es mango booster rp 43500 + seporsi milkshake oreo 28500";"[{""product"":""donut gula"",""quantity"":3,""price"":3500,""total_price"":10500},{""product"":""es mango booster"",""quantity"":1,""price"":43500,""total_price"":43500},{""product"":""milkshake oreo"",""quantity"":1,""price"":28500,""total_price"":28500}]";"donut gula:3:3500|es mango booster:1:43500|milkshake oreo:1:28500";"3";"82500"
"wkwk seporsi lontong Rp27500";"[{""product"":""lontong"",""quantity"":1,""price"":27500,""total_price"":27500}]";"lontong:1:27500";"1";"27500"
"kak satu dumpling cheese rp 15000 sama 1 roti bakar mini Rp22000";"[{""product"":""dumpling cheese"",""quantity"":1,""price"":15000,""total_price"":15000},{""product"":""roti bakar mini"",""quantity"":1,""price"":22000,""total_price"":22000}]";"dumpling cheese:1:15000|roti bakar mini:1:22000";"2";"37000"
"wkwk satu corndog mozabakso ikan Rp17000 dan satu nasi kulit Rp30500 dan 1 swiss roll keju rp 5000";"[{""product"":""corndog mozabakso ikan"",""quantity"":1,""price"":17000,""total_price"":17000},{""product"":""nasi kulit"",""quantity"":1,""price"":30500,""total_price"":30500},{""product"":""swiss roll keju"",""quantity"":1,""price"":5000,""total_price"":5000}]";"corndog mozabakso ikan:1:17000|nasi kulit:1:30500|swiss roll keju:1:5000";"3";"52500"
"wkwk eeg benedict 33500 dan 5 mie gobyoss sosis Rp33500 dan tiga markisa sunshine rp 3000";"[{""product"":""eeg benedict"",""quantity"":1,""price"":33500,""total_price"":33500},{""product"":""mie gobyoss sosis"",""quantity"":5,""price"":33500,""total_price"":167500},{""product"":""markisa sunshine"",""quantity"":3,""price"":3000,""total_price"":9000}]";"eeg benedict:1:33500|mie gobyoss sosis:5:33500|markisa sunshine:3:3000";"3";"210000"
"kak nasi  ayam kremes rp 33500";"[{""product"":""nasi  ayam kremes"",""quantity"":1,""price"":33500,""total_price"":33500}]";"nasi  ayam kremes:1:33500";"1";"33500"
"wkwk terong goreng tepung 29500";"[{""product"":""terong goreng tepung"",""quantity"":1,""price"":29500,""total_price"":29500}]";"terong goreng tepung:1:29500";"1";"29500"
"kak satu pecay rp 5000";"[{""product"":""pecay"",""quantity"":1,""price"":5000,""total_price"":5000}]";"pecay:1:5000";"1";"5000"
"kak kwetiau goreng pedas sekali Rp37000";"[{""product"":""kwetiau goreng pedas sekali"",""quantity"":1,""price"":37000,""total_price"":37000}]";"kwetiau goreng pedas sekali:1:37000";"1";"37000"
"wkwk satu cookies and cream rp 37500 + 4 chicken chop with blackpepper sc rp 14500";"[{""product"":""cookies and cream"",""quantity"":1,""price"":37500,""total_price"":37500},{""product"":""chicken chop with blackpepper sc"",""quantity"":4,""price"":14500,""total_price"":58000}]";"cookies and cream:1:37500|chicken chop with blackpepper sc:4:14500";"2";"95500"
"wkwk beef ramebox rp 32000";"[{""product"":""beef ramebox"",""quantity"":1,""price"":32000,""total_price"":32000}]";"beef ramebox:1:32000";"1";"32000"
"kak seporsi tahu  tempe  terong Rp22000 + cuan bertiga b rp 39500";"[{""product"":""tahu  tempe  terong"",""quantity"":1,""price"":22000,""total_price"":22000},{""product"":""cuan bertiga b"",""quantity"":1,""price"":39500,""total_price"":39500}]";"tahu  tempe  terong:1:22000|cuan bertiga b:1:39500";"2";"61500"
"kak 1 wedhang kopi hitam Rp25500";"[{""product"":""wedhang kopi hitam"",""quantity"":1,""price"":25500,""total_price"":25500}]";"wedhang kopi hitam:1:25500";"1";"25500"
"wkwk seporsi makaroni goreng rp 39000 dan seporsi bakso kasar sedang rp 5000 dan 1 selai peanut butter rp 35500";"[{""product"":""makaroni goreng"",""quantity"":1,""price"":39000,""total_price"":39000},{""product"":""bakso kasar sedang"",""quantity"":1,""price"":5000,""total_price"":5000},{""product"":""selai peanut butter"",""quantity"":1,""price"":35500,""total_price"":35500}]";"makaroni goreng:1:39000|bakso kasar sedang:1:5000|selai peanut butter:1:35500";"3";"79500"
"wkwk seporsi jagung susu keju Rp9000 + banroll strawberry 22000";"[{""product"":""jagung susu keju"",""quantity"":1,""price"":9000,""total_price"":9000},{""product"":""banroll strawberry"",""quantity"":1,""price"":22000,""total_price"":22000}]";"jagung susu keju:1:9000|banroll strawberry:1:22000";"2";"31000"
"dua stawberry popping boba rp 49000";"[{""product"":""stawberry popping boba"",""quantity"":2,""price"":49000,""total_price"":98000}]";"stawberry popping boba:2:49000";"1";"98000"
"wkwk seporsi honey  milk tea rp 32500";"[{""product"":""honey  milk tea"",""quantity"":1,""price"":32500,""total_price"":32500}]";"honey  milk tea:1:32500";"1";"32500"
"seporsi sanger cold Rp48000 sama 2 porsi teman jalan rp 18500 sama 2 minuman panas dan dingin Rp17500";"[{""product"":""sanger cold"",""quantity"":1,""price"":48000,""total_price"":48000},{""product"":""teman jalan"",""quantity"":2,""price"":18500,""total_price"":37000},{""product"":""minuman panas dan dingin"",""quantity"":2,""price"":17500,""total_price"":35000}]";"sanger cold:1:48000|teman jalan:2:18500|minuman panas dan dingin:2:17500";"3";"120000"
"kak satu homemade donut gula 37500 + 4 sosis bakar sobat rasa ayam rp 20000";"[{""product"":""homemade donut gula"",""quantity"":1,""price"":37500,""total_price"":37500},{""product"":""sosis bakar sobat rasa ayam"",""quantity"":4,""price"":20000,""total_price"":80000}]";"homemade donut gula:1:37500|sosis bakar sobat rasa ayam:4:20000";"2";"117500"
"wkwk 3 paha ayam 20500";"[{""product"":""paha ayam"",""quantity"":3,""price"":20500,""total_price"":61500}]";"paha ayam:3:20500";"1";"61500"
"2 porsi roti cokelat roll 32500";"[{""product"":""roti cokelat roll"",""quantity"":2,""price"":32500,""total_price"":65000}]";"roti cokelat roll:2:32500";"1";"65000"
"kak 2 wahaha pork knuckle rp 8500";"[{""product"":""wahaha pork knuckle"",""quantity"":2,""price"":8500,""total_price"":17000}]";"wahaha pork knuckle:2:8500";"1";"17000"
"2 porsi black jasmine tea rp 16000";"[{""product"":""black jasmine tea"",""quantity"":2,""price"":16000,""total_price"":32000}]";"black jasmine tea:2:16000";"1";"32000"
"2 mie kremes 45500";"[{""product"":""mie kremes"",""quantity"":2,""price"":45500,""total_price"":91000}]";"mie kremes:2:45500";"1";"91000"
"kak 1 dulce de leche rp 50000 + 5 pesto pasta creamy 20000 + 2 serai tea rp 43500";"[{""product"":""dulce de leche"",""quantity"":1,""price"":50000,""total_price"":50000},{""product"":""pesto pasta creamy"",""quantity"":5,""price"":20000,""total_price"":100000},{""product"":""serai tea"",""quantity"":2,""price"":43500,""total_price"":87000}]";"dulce de leche:1:50000|pesto pasta creamy:5:20000|serai tea:2:43500";"3";"237000"
"wkwk 1 beef caramel 4000 dan 5 es subeng susu beng beng rp 33500";"[{""product"":""beef caramel"",""quantity"":1,""price"":4000,""total_price"":4000},{""product"":""es subeng susu beng beng"",""quantity"":5,""price"":33500,""total_price"":167500}]";"beef caramel:1:4000|es subeng susu beng beng:5:33500";"2";"171500"
"kak dua zesty chicken tikka meal Rp20000";"[{""product"":""zesty chicken tikka meal"",""quantity"":2,""price"":20000,""total_price"":40000}]";"zesty chicken tikka meal:2:20000";"1";"40000"
"tiga creamy cheese corn 19000";"[{""product"":""creamy cheese corn"",""quantity"":3,""price"":19000,""total_price"":57000}]";"creamy cheese corn:3:19000";"1";"57000"
"kak 2 porsi sampler taman 13500";"[{""product"":""sampler taman"",""quantity"":2,""price"":13500,""total_price"":27000}]";"sampler taman:2:13500";"1";"27000"
"zeribowl lime rp 29000 dan 1 galian delima putih 27500";"[{""product"":""zeribowl lime"",""quantity"":1,""price"":29000,""total_price"":29000},{""product"":""galian delima putih"",""quantity"":1,""price"":27500,""total_price"":27500}]";"zeribowl lime:1:29000|galian delima putih:1:27500";"2";"56500"
"wkwk juice mangga Rp17000";"[{""product"":""juice mangga"",""quantity"":1,""price"":17000,""total_price"":17000}]";"juice mangga:1:17000";"1";"17000"
"satu ayam clbk sayap 46000";"[{""product"":""ayam clbk sayap"",""quantity"":1,""price"":46000,""total_price"":46000}]";"ayam clbk sayap:1:46000";"1";"46000"
"kak macadamia white chocolate 46000";"[{""product"":""macadamia white chocolate"",""quantity"":1,""price"":46000,""total_price"":46000}]";"macadamia white chocolate:1:46000";"1";"46000"
"wkwk 1 ice matcha latte jelly 32500";"[{""product"":""ice matcha latte jelly"",""quantity"":1,""price"":32500,""total_price"":32500}]";"ice matcha latte jelly:1:32500";"1";"32500"
"4 nasi penyetan Rp17500 dan 2 porsi pocai bawang putih 7000 dan seporsi tropical appleberries rp 47000";"[{""product"":""nasi penyetan"",""quantity"":4,""price"":17500,""total_price"":70000},{""product"":""pocai bawang putih"",""quantity"":2,""price"":7000,""total_price"":14000},{""product"":""tropical appleberries"",""quantity"":1,""price"":47000,""total_price"":47000}]";"nasi penyetan:4:17500|pocai bawang putih:2:7000|tropical appleberries:1:47000";"3";"131000"
"1 strawberry pop 12500 + seporsi happy birthday castle rp 30000";"[{""product"":""strawberry pop"",""quantity"":1,""price"":12500,""total_price"":12500},{""product"":""happy birthday castle"",""quantity"":1,""price"":30000,""total_price"":30000}]";"strawberry pop:1:12500|happy birthday castle:1:30000";"2";"42500"
"tiga cheese bites Rp5500";"[{""product"":""cheese bites"",""quantity"":3,""price"":5500,""total_price"":16500}]";"cheese bites:3:5500";"1";"16500"
"kak whole hellboy pizza Rp45000";"[{""product"":""whole hellboy pizza"",""quantity"":1,""price"":45000,""total_price"":45000}]";"whole hellboy pizza:1:45000";"1";"45000"
"wkwk 2 porsi almond maple 6500";"[{""product"":""almond maple"",""quantity"":2,""price"":6500,""total_price"":13000}]";"almond maple:2:6500";"1";"13000"
"kak 4 timun serut 32000 + bolu gulung tiramisu r rp 13500";"[{""product"":""timun serut"",""quantity"":4,""price"":32000,""total_price"":128000},{""product"":""bolu gulung tiramisu r"",""quantity"":1,""price"":13500,""total_price"":13500}]";"timun serut:4:32000|bolu gulung tiramisu r:1:13500";"2";"141500"
"tiga nasi sambelan lele rp 26000 + oat crusted teriyaki chicken plate Rp43500 + 3 roti polo butter coklat rp 13000";"[{""product"":""nasi sambelan lele"",""quantity"":3,""price"":26000,""total_price"":78000},{""product"":""oat crusted teriyaki chicken plate"",""quantity"":1,""price"":43500,""total_price"":43500},{""product"":""roti polo butter coklat"",""quantity"":3,""price"":13000,""total_price"":39000}]";"nasi sambelan lele:3:26000|oat crusted teriyaki chicken plate:1:43500|roti polo butter coklat:3:13000";"3";"160500"
"seporsi aloevera Rp36500 dan satu bakmi ayam kampung super topping 16500 dan satu lemon yogurt m rp 11500";"[{""product"":""aloevera"",""quantity"":1,""price"":36500,""total_price"":36500},{""product"":""bakmi ayam kampung super topping"",""quantity"":1,""price"":16500,""total_price"":16500},{""product"":""lemon yogurt m"",""quantity"":1,""price"":11500,""total_price"":11500}]";"aloevera:1:36500|bakmi ayam kampung super topping:1:16500|lemon yogurt m:1:11500";"3";"64500"
"1 popcorn balado medium rp 8000 dan satu ayam kota belur cabe ijo rp 40000";"[{""product"":""popcorn balado medium"",""quantity"":1,""price"":8000,""total_price"":8000},{""product"":""ayam kota belur cabe ijo"",""quantity"":1,""price"":40000,""total_price"":40000}]";"popcorn balado medium:1:8000|ayam kota belur cabe ijo:1:40000";"2";"48000"
"1 peach tart rp 50000 + 3 roti bakar coklat keju Rp10500";"[{""product"":""peach tart"",""quantity"":1,""price"":50000,""total_price"":50000},{""product"":""roti bakar coklat keju"",""quantity"":3,""price"":10500,""total_price"":31500}]";"peach tart:1:50000|roti bakar coklat keju:3:10500";"2";"81500"
"1 mendoan rp 44000";"[{""product"":""mendoan"",""quantity"":1,""price"":44000,""total_price"":44000}]";"mendoan:1:44000";"1";"44000"
"kak seporsi bolu marmer slice 49000";"[{""product"":""bolu marmer slice"",""quantity"":1,""price"":49000,""total_price"":49000}]";"bolu marmer slice:1:49000";"1";"49000"
"wkwk special burger keju rp 43000";"[{""product"":""special burger keju"",""quantity"":1,""price"":43000,""total_price"":43000}]";"special burger keju:1:43000";"1";"43000"
"kak satu pokat kocok  milo 26000";"[{""product"":""pokat kocok  milo"",""quantity"":1,""price"":26000,""total_price"":26000}]";"pokat kocok  milo:1:26000";"1";"26000"
"seporsi iced hazelnut latte Rp11000";"[{""product"":""iced hazelnut latte"",""quantity"":1,""price"":11000,""total_price"":11000}]";"iced hazelnut latte:1:11000";"1";"11000"
"wkwk 1 pokpia kukus 26500";"[{""product"":""pokpia kukus"",""quantity"":1,""price"":26500,""total_price"":26500}]";"pokpia kukus:1:26500";"1";"26500"
"kak 4 cah jamur ayam rp 7500";"[{""product"":""cah jamur ayam"",""quantity"":4,""price"":7500,""total_price"":30000}]";"cah jamur ayam:4:7500";"1";"30000"
"2 porsi nasi udang asam pedas 4500";"[{""product"":""nasi udang asam pedas"",""quantity"":2,""price"":4500,""total_price"":9000}]";"nasi udang asam pedas:2:4500";"1";"9000"
"satu vanilla frappresso 21000 + 5 ice coffe caramel rp 15500";"[{""product"":""vanilla frappresso"",""quantity"":1,""price"":21000,""total_price"":21000},{""product"":""ice coffe caramel"",""quantity"":5,""price"":15500,""total_price"":77500}]";"vanilla frappresso:1:21000|ice coffe caramel:5:15500";"2";"98500"
"kak 1 siomay goreng Rp37000 sama satu jalapeno cheddar bagel Rp26000 sama seporsi hazelnut frappresso Rp24500";"[{""product"":""siomay goreng"",""quantity"":1,""price"":37000,""total_price"":37000},{""product"":""jalapeno cheddar bagel"",""quantity"":1,""price"":26000,""total_price"":26000},{""product"":""hazelnut frappresso"",""quantity"":1,""price"":24500,""total_price"":24500}]";"siomay goreng:1:37000|jalapeno cheddar bagel:1:26000|hazelnut frappresso:1:24500";"3";"87500"
"wkwk dua seblak batagor  pop ice Rp15000";"[{""product"":""seblak batagor  pop ice"",""quantity"":2,""price"":15000,""total_price"":30000}]";"seblak batagor  pop ice:2:15000";"1";"30000"
"kak 2 ice milo latte rp 18500";"[{""product"":""ice milo latte"",""quantity"":2,""price"":18500,""total_price"":37000}]";"ice milo latte:2:18500";"1";"37000"
"kak lauk aja ayam rp 26000 sama 1 dolce latte rp 33500";"[{""product"":""lauk aja ayam"",""quantity"":1,""price"":26000,""total_price"":26000},{""product"":""dolce latte"",""quantity"":1,""price"":33500,""total_price"":33500}]";"lauk aja ayam:1:26000|dolce latte:1:33500";"2";"59500"
"kak 5 sosis bakar jumbo 31000";"[{""product"":""sosis bakar jumbo"",""quantity"":5,""price"":31000,""total_price"":155000}]";"sosis bakar jumbo:5:31000";"1";"155000"
"kak seporsi topping siomay kecil 43000";"[{""product"":""topping siomay kecil"",""quantity"":1,""price"":43000,""total_price"":43000}]";"topping siomay kecil:1:43000";"1";"43000"
"dua burger daging sapi special rp 10500 dan 3 bimbimbapp nasi campur korea 6000";"[{""product"":""burger daging sapi special"",""quantity"":2,""price"":10500,""total_price"":21000},{""product"":""bimbimbapp nasi campur korea"",""quantity"":3,""price"":6000,""total_price"":18000}]";"burger daging sapi special:2:10500|bimbimbapp nasi campur korea:3:6000";"2";"39000"
"nasi pecelurap empal Rp44000";"[{""product"":""nasi pecelurap empal"",""quantity"":1,""price"":44000,""total_price"":44000}]";"nasi pecelurap empal:1:44000";"1";"44000"
"pisang goreng crispy Rp36000";"[{""product"":""pisang goreng crispy"",""quantity"":1,""price"":36000,""total_price"":36000}]";"pisang goreng crispy:1:36000";"1";"36000"
"wkwk red velvet h rp 35500 sama esteh avocado medium Rp41500";"[{""product"":""red velvet h"",""quantity"":1,""price"":35500,""total_price"":35500},{""product"":""esteh avocado medium"",""quantity"":1,""price"":41500,""total_price"":41500}]";"red velvet h:1:35500|esteh avocado medium:1:41500";"2";"77000"
"5 cah baby buncis Rp38000 + seporsi nasi pecel telor rp 16000";"[{""product"":""cah baby buncis"",""quantity"":5,""price"":38000,""total_price"":190000},{""product"":""nasi pecel telor"",""quantity"":1,""price"":16000,""total_price"":16000}]";"cah baby buncis:5:38000|nasi pecel telor:1:16000";"2";"206000"
"seporsi bantal rp 32000 + cheese ttoekbokki Rp46500 + penyetan bebek  nasi rp 29500";"[{""product"":""bantal"",""quantity"":1,""price"":32000,""total_price"":32000},{""product"":""cheese ttoekbokki"",""quantity"":1,""price"":46500,""total_price"":46500},{""product"":""penyetan bebek  nasi"",""quantity"":1,""price"":29500,""total_price"":29500}]";"bantal:1:32000|cheese ttoekbokki:1:46500|penyetan bebek  nasi:1:29500";"3";"108000"
"kak 1 ikan bakar garam Rp6500 dan dua hot kopi tem 36500 dan 1 yeoksam patbingso 13000";"[{""product"":""ikan bakar garam"",""quantity"":1,""price"":6500,""total_price"":6500},{""product"":""hot kopi tem"",""quantity"":2,""price"":36500,""total_price"":73000},{""product"":""yeoksam patbingso"",""quantity"":1,""price"":13000,""total_price"":13000}]";"ikan bakar garam:1:6500|hot kopi tem:2:36500|yeoksam patbingso:1:13000";"3";"92500"
"wkwk seporsi pandan jade slice rp 17000 + satu butterkill double Rp45000";"[{""product"":""pandan jade slice"",""quantity"":1,""price"":17000,""total_price"":17000},{""product"":""butterkill double"",""quantity"":1,""price"":45000,""total_price"":45000}]";"pandan jade slice:1:17000|butterkill double:1:45000";"2";"62000"
"wkwk satu cafe latte hot 5000";"[{""product"":""cafe latte hot"",""quantity"":1,""price"":5000,""total_price"":5000}]";"cafe latte hot:1:5000";"1";"5000"
"kak 5 milo pyramid 3500 sama dua pancong keju susu l Rp33000";"[{""product"":""milo pyramid"",""quantity"":5,""price"":3500,""total_price"":17500},{""product"":""pancong keju susu l"",""quantity"":2,""price"":33000,""total_price"":66000}]";"milo pyramid:5:3500|pancong keju susu l:2:33000";"2";"83500"
"noona chiken wrap spicy rp 17500";"[{""product"":""noona chiken wrap spicy"",""quantity"":1,""price"":17500,""total_price"":17500}]";"noona chiken wrap spicy:1:17500";"1";"17500"
"wkwk 2 porsi noodle bowl ayam rp 11500";"[{""product"":""noodle bowl ayam"",""quantity"":2,""price"":11500,""total_price"":23000}]";"noodle bowl ayam:2:11500";"1";"23000"
"wkwk cheese crackling Rp30000";"[{""product"":""cheese crackling"",""quantity"":1,""price"":30000,""total_price"":30000}]";"cheese crackling:1:30000";"1";"30000"
"wkwk seporsi french fries medium rp 37500";"[{""product"":""french fries medium"",""quantity"":1,""price"":37500,""total_price"":37500}]";"french fries medium:1:37500";"1";"37500"
"wkwk seporsi nasi ayam geprek mozarella Rp40000";"[{""product"":""nasi ayam geprek mozarella"",""quantity"":1,""price"":40000,""total_price"":40000}]";"nasi ayam geprek mozarella:1:40000";"1";"40000"
"kak 2 porsi opak mie gb sambal matah 37500";"[{""product"":""opak mie gb sambal matah"",""quantity"":2,""price"":37500,""total_price"":75000}]";"opak mie gb sambal matah:2:37500";"1";"75000"
"wkwk nutella bombolone Rp21000";"[{""product"":""nutella bombolone"",""quantity"":1,""price"":21000,""total_price"":21000}]";"nutella bombolone:1:21000";"1";"21000"
"wkwk satu rice popcorn 32500";"[{""product"":""rice popcorn"",""quantity"":1,""price"":32500,""total_price"":32500}]";"rice popcorn:1:32500";"1";"32500"
"kak special fried banana Rp2000 dan 4 getuk goreng Rp41500 dan satu sambal teri kacang rp 30000";"[{""product"":""special fried banana"",""quantity"":1,""price"":2000,""total_price"":2000},{""product"":""getuk goreng"",""quantity"":4,""price"":41500,""total_price"":166000},{""product"":""sambal teri kacang"",""quantity"":1,""price"":30000,""total_price"":30000}]";"special fried banana:1:2000|getuk goreng:4:41500|sambal teri kacang:1:30000";"3";"198000"
"wkwk 1 gyu chiizu udon Rp27000";"[{""product"":""gyu chiizu udon"",""quantity"":1,""price"":27000,""total_price"":27000}]";"gyu chiizu udon:1:27000";"1";"27000"
"satu sostel rp 27000 + seporsi jahe merahhabbatusaudaginsengmadumenghangatkan tubuh rp 14500";"[{""product"":""sostel"",""quantity"":1,""price"":27000,""total_price"":27000},{""product"":""jahe merahhabbatusaudaginsengmadumenghangatkan tubuh"",""quantity"":1,""price"":14500,""total_price"":14500}]";"sostel:1:27000|jahe merahhabbatusaudaginsengmadumenghangatkan tubuh:1:14500";"2";"41500"
"wkwk 4 bakso kriuk Rp30000 dan 2 porsi sapi daleman segar rp 6000";"[{""product"":""bakso kriuk"",""quantity"":4,""price"":30000,""total_price"":120000},{""product"":""sapi daleman segar"",""quantity"":2,""price"":6000,""total_price"":12000}]";"bakso kriuk:4:30000|sapi daleman segar:2:6000";"2";"132000"
"kak 2 porsi jagung putih pipil lama rp 29000 sama 2 kacang endel biji Rp30500";"[{""product"":""jagung putih pipil lama"",""quantity"":2,""price"":29000,""total_price"":58000},{""product"":""kacang endel biji"",""quantity"":2,""price"":30500,""total_price"":61000}]";"jagung putih pipil lama:2:29000|kacang endel biji:2:30500";"2";"119000"
"kak satu pop ice es doger rp 46500";"[{""product"":""pop ice es doger"",""quantity"":1,""price"":46500,""total_price"":46500}]";"pop ice es doger:1:46500";"1";"46500"
"choco roll 38000 + 5 juice melon 50000 + satu nasi ayam kongdhe Rp8500";"[{""product"":""choco roll"",""quantity"":1,""price"":38000,""total_price"":38000},{""product"":""juice melon"",""quantity"":5,""price"":50000,""total_price"":250000},{""product"":""nasi ayam kongdhe"",""quantity"":1,""price"":8500,""total_price"":8500}]";"choco roll:1:38000|juice melon:5:50000|nasi ayam kongdhe:1:8500";"3";"296500"
"wkwk satu vanila c rp 31500 dan 2 porsi ice milky brown sugar 46000";"[{""product"":""vanila c"",""quantity"":1,""price"":31500,""total_price"":31500},{""product"":""ice milky brown sugar"",""quantity"":2,""price"":46000,""total_price"":92000}]";"vanila c:1:31500|ice milky brown sugar:2:46000";"2";"123500"
"1 lawar kacang rp 9000";"[{""product"":""lawar kacang"",""quantity"":1,""price"":9000,""total_price"":9000}]";"lawar kacang:1:9000";"1";"9000"
"wkwk 2 porsi salmon pepper rice Rp32500";"[{""product"":""salmon pepper rice"",""quantity"":2,""price"":32500,""total_price"":65000}]";"salmon pepper rice:2:32500";"1";"65000"
"satu rumput laut rp 4500";"[{""product"":""rumput laut"",""quantity"":1,""price"":4500,""total_price"":4500}]";"rumput laut:1:4500";"1";"4500"
"wkwk 4 choco roll rp 35000 dan es choco milo m Rp23000";"[{""product"":""choco roll"",""quantity"":4,""price"":35000,""total_price"":140000},{""product"":""es choco milo m"",""quantity"":1,""price"":23000,""total_price"":23000}]";"choco roll:4:35000|es choco milo m:1:23000";"2";"163000"
"wkwk dua fish bite spicy rp 27000 dan fore wallmug black Rp30500";"[{""product"":""fish bite spicy"",""quantity"":2,""price"":27000,""total_price"":54000},{""product"":""fore wallmug black"",""quantity"":1,""price"":30500,""total_price"":30500}]";"fish bite spicy:2:27000|fore wallmug black:1:30500";"2";"84500"
"wkwk 2 hepia bakwan udang Rp38500 dan kopi sadis susu original 25000";"[{""product"":""hepia bakwan udang"",""quantity"":2,""price"":38500,""total_price"":77000},{""product"":""kopi sadis susu original"",""quantity"":1,""price"":25000,""total_price"":25000}]";"hepia bakwan udang:2:38500|kopi sadis susu original:1:25000";"2";"102000"
"wkwk seporsi sosis egg roll rp 22000";"[{""product"":""sosis egg roll"",""quantity"":1,""price"":22000,""total_price"":22000}]";"sosis egg roll:1:22000";"1";"22000"
"kak satu christmas hampers 41500";"[{""product"":""christmas hampers"",""quantity"":1,""price"":41500,""total_price"":41500}]";"christmas hampers:1:41500";"1";"41500"
"wkwk 1 capcay spesial 21500 sama cream puff rp 46000";"[{""product"":""capcay spesial"",""quantity"":1,""price"":21500,""total_price"":21500},{""product"":""cream puff"",""quantity"":1,""price"":46000,""total_price"":46000}]";"capcay spesial:1:21500|cream puff:1:46000";"2";"67500"
"kak satu odeng steam saos gochujang rp 42500";"[{""product"":""odeng steam saos gochujang"",""quantity"":1,""price"":42500,""total_price"":42500}]";"odeng steam saos gochujang:1:42500";"1";"42500"
"wkwk 1 es orange booster Rp13500 + satu udang goreng saos mentega 41500 + es jeruk manis small 2500";"[{""product"":""es orange booster"",""quantity"":1,""price"":13500,""total_price"":13500},{""product"":""udang goreng saos mentega"",""quantity"":1,""price"":41500,""total_price"":41500},{""product"":""es jeruk manis small"",""quantity"":1,""price"":2500,""total_price"":2500}]";"es orange booster:1:13500|udang goreng saos mentega:1:41500|es jeruk manis small:1:2500";"3";"57500"
"wkwk satu spaghetti with cheese truffle sauce rp 28500";"[{""product"":""spaghetti with cheese truffle sauce"",""quantity"":1,""price"":28500,""total_price"":28500}]";"spaghetti with cheese truffle sauce:1:28500";"1";"28500"
"wkwk woy corn dog sausage 20500";"[{""product"":""woy corn dog sausage"",""quantity"":1,""price"":20500,""total_price"":20500}]";"woy corn dog sausage:1:20500";"1";"20500"
"kak 2 porsi es kopi gula aren Rp49500";"[{""product"":""es kopi gula aren"",""quantity"":2,""price"":49500,""total_price"":99000}]";"es kopi gula aren:2:49500";"1";"99000"
"seporsi chris chocolate cake rp 25000";"[{""product"":""chris chocolate cake"",""quantity"":1,""price"":25000,""total_price"":25000}]";"chris chocolate cake:1:25000";"1";"25000"
"5 ice frappucino rp 49000";"[{""product"":""ice frappucino"",""quantity"":5,""price"":49000,""total_price"":245000}]";"ice frappucino:5:49000";"1";"245000"
"kak 1 baso aci dumpling chicken 30000 + 3 roti sosis keju rp 17000";"[{""product"":""baso aci dumpling chicken"",""quantity"":1,""price"":30000,""total_price"":30000},{""product"":""roti sosis keju"",""quantity"":3,""price"":17000,""total_price"":51000}]";"baso aci dumpling chicken:1:30000|roti sosis keju:3:17000";"2";"81000"
"rasi beras singkong 15000";"[{""product"":""rasi beras singkong"",""quantity"":1,""price"":15000,""total_price"":15000}]";"rasi beras singkong:1:15000";"1";"15000"
"wkwk 1 korean fried pork bowl rp 22500";"[{""product"":""korean fried pork bowl"",""quantity"":1,""price"":22500,""total_price"":22500}]";"korean fried pork bowl:1:22500";"1";"22500"
"5 sweet onion small Rp10500";"[{""product"":""sweet onion small"",""quantity"":5,""price"":10500,""total_price"":52500}]";"sweet onion small:5:10500";"1";"52500"
"kak seporsi combo ayam geprek original 22500 sama tiga cosa nostra rp 33000";"[{""product"":""combo ayam geprek original"",""quantity"":1,""price"":22500,""total_price"":22500},{""product"":""cosa nostra"",""quantity"":3,""price"":33000,""total_price"":99000}]";"combo ayam geprek original:1:22500|cosa nostra:3:33000";"2";"121500"
"wkwk nasi sereh Rp27500 sama satu rujak jambu nanas jumbo Rp46000";"[{""product"":""nasi sereh"",""quantity"":1,""price"":27500,""total_price"":27500},{""product"":""rujak jambu nanas jumbo"",""quantity"":1,""price"":46000,""total_price"":46000}]";"nasi sereh:1:27500|rujak jambu nanas jumbo:1:46000";"2";"73500"
"kak dua cheese streak rp 42500";"[{""product"":""cheese streak"",""quantity"":2,""price"":42500,""total_price"":85000}]";"cheese streak:2:42500";"1";"85000"
"kak satu tempura tobiko roll Rp15500 dan satu pancong strawberry rp 20000";"[{""product"":""tempura tobiko roll"",""quantity"":1,""price"":15500,""total_price"":15500},{""product"":""pancong strawberry"",""quantity"":1,""price"":20000,""total_price"":20000}]";"tempura tobiko roll:1:15500|pancong strawberry:1:20000";"2";"35500"
"2 porsi soes fla 5000";"[{""product"":""soes fla"",""quantity"":2,""price"":5000,""total_price"":10000}]";"soes fla:2:5000";"1";"10000"
"kak sanger coklat rp 30000 sama satu ayam paha atas hot lava 14500";"[{""product"":""sanger coklat"",""quantity"":1,""price"":30000,""total_price"":30000},{""product"":""ayam paha atas hot lava"",""quantity"":1,""price"":14500,""total_price"":14500}]";"sanger coklat:1:30000|ayam paha atas hot lava:1:14500";"2";"44500"
"wkwk kiwi tea 18000";"[{""product"":""kiwi tea"",""quantity"":1,""price"":18000,""total_price"":18000}]";"kiwi tea:1:18000";"1";"18000"
"2 porsi es drink beng beng 46500 + dua black tea ice Rp43500 + pancong coklat  pisbak cokju 2000";"[{""product"":""es drink beng beng"",""quantity"":2,""price"":46500,""total_price"":93000},{""product"":""black tea ice"",""quantity"":2,""price"":43500,""total_price"":87000},{""product"":""pancong coklat  pisbak cokju"",""quantity"":1,""price"":2000,""total_price"":2000}]";"es drink beng beng:2:46500|black tea ice:2:43500|pancong coklat  pisbak cokju:1:2000";"3";"182000"
"kak roti keset coklat Rp9500";"[{""product"":""roti keset coklat"",""quantity"":1,""price"":9500,""total_price"":9500}]";"roti keset coklat:1:9500";"1";"9500"
"wkwk seporsi ifumie udang 8500";"[{""product"":""ifumie udang"",""quantity"":1,""price"":8500,""total_price"":8500}]";"ifumie udang:1:8500";"1";"8500"
"2 crispy kani rp 43000 + 5 oboost  orange boost rp 6000";"[{""product"":""crispy kani"",""quantity"":2,""price"":43000,""total_price"":86000},{""product"":""oboost  orange boost"",""quantity"":5,""price"":6000,""total_price"":30000}]";"crispy kani:2:43000|oboost  orange boost:5:6000";"2";"116000"
"2 porsi roti bakar skippy rp 49500 dan nadi goreng suwir Rp41000";"[{""product"":""roti bakar skippy"",""quantity"":2,""price"":49500,""total_price"":99000},{""product"":""nadi goreng suwir"",""quantity"":1,""price"":41000,""total_price"":41000}]";"roti bakar skippy:2:49500|nadi goreng suwir:1:41000";"2";"140000"
"kak satu cuka 24000 dan 5 coffee milk brown sugar hot Rp10500";"[{""product"":""cuka"",""quantity"":1,""price"":24000,""total_price"":24000},{""product"":""coffee milk brown sugar hot"",""quantity"":5,""price"":10500,""total_price"":52500}]";"cuka:1:24000|coffee milk brown sugar hot:5:10500";"2";"76500"
"wkwk 2 porsi kue bohong rp 3500";"[{""product"":""kue bohong"",""quantity"":2,""price"":3500,""total_price"":7000}]";"kue bohong:2:3500";"1";"7000"
"sup tomyam rp 20500";"[{""product"":""sup tomyam"",""quantity"":1,""price"":20500,""total_price"":20500}]";"sup tomyam:1:20500";"1";"20500"
"kak seporsi chocolate mousse 40000";"[{""product"":""chocolate mousse"",""quantity"":1,""price"":40000,""total_price"":40000}]";"chocolate mousse:1:40000";"1";"40000"
"wkwk tiga matcha dessert box rp 25000 dan 1 corndog original moza mie 32000 dan 5 onigiri japanese chicken curry 3000";"[{""product"":""matcha dessert box"",""quantity"":3,""price"":25000,""total_price"":75000},{""product"":""corndog original moza mie"",""quantity"":1,""price"":32000,""total_price"":32000},{""product"":""onigiri japanese chicken curry"",""quantity"":5,""price"":3000,""total_price"":15000}]";"matcha dessert box:3:25000|corndog original moza mie:1:32000|onigiri japanese chicken curry:5:3000";"3";"122000"
"kak 4 bolu kukus Rp34000";"[{""product"":""bolu kukus"",""quantity"":4,""price"":34000,""total_price"":136000}]";"bolu kukus:4:34000";"1";"136000"
"kak satu plankton ramen rp 7000";"[{""product"":""plankton ramen"",""quantity"":1,""price"":7000,""total_price"":7000}]";"plankton ramen:1:7000";"1";"7000"
"kak seporsi kopi kocok telur Rp15000 + 5 cap cay goreng Rp36000";"[{""product"":""kopi kocok telur"",""quantity"":1,""price"":15000,""total_price"":15000},{""product"":""cap cay goreng"",""quantity"":5,""price"":36000,""total_price"":180000}]";"kopi kocok telur:1:15000|cap cay goreng:5:36000";"2";"195000"
"kak 2 porsi brown sugar thai tea m 17000 + mango ibiza Rp29500";"[{""product"":""brown sugar thai tea m"",""quantity"":2,""price"":17000,""total_price"":34000},{""product"":""mango ibiza"",""quantity"":1,""price"":29500,""total_price"":29500}]";"brown sugar thai tea m:2:17000|mango ibiza:1:29500";"2";"63500"
"es susu kedele small 46500";"[{""product"":""es susu kedele small"",""quantity"":1,""price"":46500,""total_price"":46500}]";"es susu kedele small:1:46500";"1";"46500"
"tauco genjer Rp49500 sama dua tahu pletok Rp48500 sama 3 katak rp 23000";"[{""product"":""tauco genjer"",""quantity"":1,""price"":49500,""total_price"":49500},{""product"":""tahu pletok"",""quantity"":2,""price"":48500,""total_price"":97000},{""product"":""katak"",""quantity"":3,""price"":23000,""total_price"":69000}]";"tauco genjer:1:49500|tahu pletok:2:48500|katak:3:23000";"3";"215500"
"wkwk satu butterscotch coffee latte Rp5500 dan seporsi special kebab komplit extra keju 12500";"[{""product"":""butterscotch coffee latte"",""quantity"":1,""price"":5500,""total_price"":5500},{""product"":""special kebab komplit extra keju"",""quantity"":1,""price"":12500,""total_price"":12500}]";"butterscotch coffee latte:1:5500|special kebab komplit extra keju:1:12500";"2";"18000"
"wkwk 2 cilor tusuk 4500 sama 3 ifumie cumi Rp17500";"[{""product"":""cilor tusuk"",""quantity"":2,""price"":4500,""total_price"":9000},{""product"":""ifumie cumi"",""quantity"":3,""price"":17500,""total_price"":52500}]";"cilor tusuk:2:4500|ifumie cumi:3:17500";"2";"61500"
"kak tiga espresso dingin Rp16000 dan satu bebek bakar setengah ekor 48000 dan 1 tuna spicy mayo gunkan rp 38500";"[{""product"":""espresso dingin"",""quantity"":3,""price"":16000,""total_price"":48000},{""product"":""bebek bakar setengah ekor"",""quantity"":1,""price"":48000,""total_price"":48000},{""product"":""tuna spicy mayo gunkan"",""quantity"":1,""price"":38500,""total_price"":38500}]";"espresso dingin:3:16000|bebek bakar setengah ekor:1:48000|tuna spicy mayo gunkan:1:38500";"3";"134500"
"wkwk 5 tahu bakso daging sapi Rp6000";"[{""product"":""tahu bakso daging sapi"",""quantity"":5,""price"":6000,""total_price"":30000}]";"tahu bakso daging sapi:5:6000";"1";"30000"
"kak satu twisted potato Rp14500";"[{""product"":""twisted potato"",""quantity"":1,""price"":14500,""total_price"":14500}]";"twisted potato:1:14500";"1";"14500"
"wkwk satu jajangmyeon 14500 dan 2 porsi sate jeroan 17500";"[{""product"":""jajangmyeon"",""quantity"":1,""price"":14500,""total_price"":14500},{""product"":""sate jeroan"",""quantity"":2,""price"":17500,""total_price"":35000}]";"jajangmyeon:1:14500|sate jeroan:2:17500";"2";"49500"
"2 porsi moicibif spicy Rp2500";"[{""product"":""moicibif spicy"",""quantity"":2,""price"":2500,""total_price"":5000}]";"moicibif spicy:2:2500";"1";"5000"
"makan berdua ox tongue dabu Rp28500";"[{""product"":""makan berdua ox tongue dabu"",""quantity"":1,""price"":28500,""total_price"":28500}]";"makan berdua ox tongue dabu:1:28500";"1";"28500"
"4 cheese stick fries 46500 + tiga biasa ayam tbtelor bebek rp 49500";"[{""product"":""cheese stick fries"",""quantity"":4,""price"":46500,""total_price"":186000},{""product"":""biasa ayam tbtelor bebek"",""quantity"":3,""price"":49500,""total_price"":148500}]";"cheese stick fries:4:46500|biasa ayam tbtelor bebek:3:49500";"2";"334500"
"oyako tori katsu curry rp 29500";"[{""product"":""oyako tori katsu curry"",""quantity"":1,""price"":29500,""total_price"":29500}]";"oyako tori katsu curry:1:29500";"1";"29500"
"wkwk 4 martabak telor samyang rp 46500";"[{""product"":""martabak telor samyang"",""quantity"":4,""price"":46500,""total_price"":186000}]";"martabak telor samyang:4:46500";"1";"186000"
"ikan manyung tanpa nasi rp 10500";"[{""product"":""ikan manyung tanpa nasi"",""quantity"":1,""price"":10500,""total_price"":10500}]";"ikan manyung tanpa nasi:1:10500";"1";"10500"
"wkwk satu roti sobek manis  original rp 9500";"[{""product"":""roti sobek manis  original"",""quantity"":1,""price"":9500,""total_price"":9500}]";"roti sobek manis  original:1:9500";"1";"9500"
"kak 1 sate ayam usus 7500";"[{""product"":""sate ayam usus"",""quantity"":1,""price"":7500,""total_price"":7500}]";"sate ayam usus:1:7500";"1";"7500"
"tiga beef yamin Rp11000 + ice avocado rp 24500";"[{""product"":""beef yamin"",""quantity"":3,""price"":11000,""total_price"":33000},{""product"":""ice avocado"",""quantity"":1,""price"":24500,""total_price"":24500}]";"beef yamin:3:11000|ice avocado:1:24500";"2";"57500"
"kak es rasa strawberry rp 30500";"[{""product"":""es rasa strawberry"",""quantity"":1,""price"":30500,""total_price"":30500}]";"es rasa strawberry:1:30500";"1";"30500"
"sapi saos 9500";"[{""product"":""sapi saos"",""quantity"":1,""price"":9500,""total_price"":9500}]";"sapi saos:1:9500";"1";"9500"
"kak seporsi paru crispy 43000";"[{""product"":""paru crispy"",""quantity"":1,""price"":43000,""total_price"":43000}]";"paru crispy:1:43000";"1";"43000"
"wkwk burger sosis rp 14500";"[{""product"":""burger sosis"",""quantity"":1,""price"":14500,""total_price"":14500}]";"burger sosis:1:14500";"1";"14500"
"kak mie nyemek jumbo 5000";"[{""product"":""mie nyemek jumbo"",""quantity"":1,""price"":5000,""total_price"":5000}]";"mie nyemek jumbo:1:5000";"1";"5000"
"pahit dingin Rp13000 dan 1 special kebab komplit extra keju Rp19500";"[{""product"":""pahit dingin"",""quantity"":1,""price"":13000,""total_price"":13000},{""product"":""special kebab komplit extra keju"",""quantity"":1,""price"":19500,""total_price"":19500}]";"pahit dingin:1:13000|special kebab komplit extra keju:1:19500";"2";"32500"
"seporsi jeruk anget 32500 + latte tiramisu Rp26500";"[{""product"":""jeruk anget"",""quantity"":1,""price"":32500,""total_price"":32500},{""product"":""latte tiramisu"",""quantity"":1,""price"":26500,""total_price"":26500}]";"jeruk anget:1:32500|latte tiramisu:1:26500";"2";"59000"
"wkwk 2 porsi teh  tarik panas  dingin rp 3000 + 5 juice tomat Rp32500";"[{""product"":""teh  tarik panas  dingin"",""quantity"":2,""price"":3000,""total_price"":6000},{""product"":""juice tomat"",""quantity"":5,""price"":32500,""total_price"":162500}]";"teh  tarik panas  dingin:2:3000|juice tomat:5:32500";"2";"168500"
"1 orange blue sea rp 22000";"[{""product"":""orange blue sea"",""quantity"":1,""price"":22000,""total_price"":22000}]";"orange blue sea:1:22000";"1";"22000"
"tiga korean donat keju 35500 + seporsi bolu gulung astor 16500";"[{""product"":""korean donat keju"",""quantity"":3,""price"":35500,""total_price"":106500},{""product"":""bolu gulung astor"",""quantity"":1,""price"":16500,""total_price"":16500}]";"korean donat keju:3:35500|bolu gulung astor:1:16500";"2";"123000"
"wkwk 3 tempe goreng plus nasi rp 16000";"[{""product"":""tempe goreng plus nasi"",""quantity"":3,""price"":16000,""total_price"":48000}]";"tempe goreng plus nasi:3:16000";"1";"48000"
"seporsi es pukat rp 46500 sama seporsi es susu vanila 3500 sama dua inari tuna roll rp 38000";"[{""product"":""es pukat"",""quantity"":1,""price"":46500,""total_price"":46500},{""product"":""es susu vanila"",""quantity"":1,""price"":3500,""total_price"":3500},{""product"":""inari tuna roll"",""quantity"":2,""price"":38000,""total_price"":76000}]";"es pukat:1:46500|es susu vanila:1:3500|inari tuna roll:2:38000";"3";"126000"
"kak 1 es susu dancaw coklat 5500";"[{""product"":""es susu dancaw coklat"",""quantity"":1,""price"":5500,""total_price"":5500}]";"es susu dancaw coklat:1:5500";"1";"5500"
"kak singkong lepas Rp10000";"[{""product"":""singkong lepas"",""quantity"":1,""price"":10000,""total_price"":10000}]";"singkong lepas:1:10000";"1";"10000"
"wkwk mie ayam  telor rp 9000 sama tiga bolu gulung meses 6500 sama seporsi bagelen coklat Rp27000";"[{""product"":""mie ayam  telor"",""quantity"":1,""price"":9000,""total_price"":9000},{""product"":""bolu gulung meses"",""quantity"":3,""price"":6500,""total_price"":19500},{""product"":""bagelen coklat"",""quantity"":1,""price"":27000,""total_price"":27000}]";"mie ayam  telor:1:9000|bolu gulung meses:3:6500|bagelen coklat:1:27000";"3";"55500"
"kak dua dragonfly moscato Rp42500";"[{""product"":""dragonfly moscato"",""quantity"":2,""price"":42500,""total_price"":85000}]";"dragonfly moscato:2:42500";"1";"85000"
"kak 2 porsi wagyu sushi 24500";"[{""product"":""wagyu sushi"",""quantity"":2,""price"":24500,""total_price"":49000}]";"wagyu sushi:2:24500";"1";"49000"
"kak dua nawa nawa rp 10000 dan macadamia white chocolate Rp46500";"[{""product"":""nawa nawa"",""quantity"":2,""price"":10000,""total_price"":20000},{""product"":""macadamia white chocolate"",""quantity"":1,""price"":46500,""total_price"":46500}]";"nawa nawa:2:10000|macadamia white chocolate:1:46500";"2";"66500"
"4 maxi choco chese rp 42500";"[{""product"":""maxi choco chese"",""quantity"":4,""price"":42500,""total_price"":170000}]";"maxi choco chese:4:42500";"1";"170000"
"satu caesar schnitzel rp 12500";"[{""product"":""caesar schnitzel"",""quantity"":1,""price"":12500,""total_price"":12500}]";"caesar schnitzel:1:12500";"1";"12500"
"milk shake chocolatos 17500 dan dua roti maryam blueberry keju rp 18000";"[{""product"":""milk shake chocolatos"",""quantity"":1,""price"":17500,""total_price"":17500},{""product"":""roti maryam blueberry keju"",""quantity"":2,""price"":18000,""total_price"":36000}]";"milk shake chocolatos:1:17500|roti maryam blueberry keju:2:18000";"2";"53500"
"wkwk 5 popcorn sweet glaze medium Rp33500";"[{""product"":""popcorn sweet glaze medium"",""quantity"":5,""price"":33500,""total_price"":167500}]";"popcorn sweet glaze medium:5:33500";"1";"167500"
"2 porsi siomay mini rp 43500";"[{""product"":""siomay mini"",""quantity"":2,""price"":43500,""total_price"":87000}]";"siomay mini:2:43500";"1";"87000"
"satu batar daan 18500";"[{""product"":""batar daan"",""quantity"":1,""price"":18500,""total_price"":18500}]";"batar daan:1:18500";"1";"18500"
"wkwk nasi sop sapi 37000";"[{""product"":""nasi sop sapi"",""quantity"":1,""price"":37000,""total_price"":37000}]";"nasi sop sapi:1:37000";"1";"37000"
"kak 4 smoked beef and cheese aqua Rp40500 + 3 banana uyu rp 5000 + red velvet oreo rp 14000";"[{""product"":""smoked beef and cheese aqua"",""quantity"":4,""price"":40500,""total_price"":162000},{""product"":""banana uyu"",""quantity"":3,""price"":5000,""total_price"":15000},{""product"":""red velvet oreo"",""quantity"":1,""price"":14000,""total_price"":14000}]";"smoked beef and cheese aqua:4:40500|banana uyu:3:5000|red velvet oreo:1:14000";"3";"191000"
"kak 1 korean spicy fried chicken Rp5000";"[{""product"":""korean spicy fried chicken"",""quantity"":1,""price"":5000,""total_price"":5000}]";"korean spicy fried chicken:1:5000";"1";"5000"
"satu donat siram strawberry rp 7500 dan seporsi blue moon Rp42000";"[{""product"":""donat siram strawberry"",""quantity"":1,""price"":7500,""total_price"":7500},{""product"":""blue moon"",""quantity"":1,""price"":42000,""total_price"":42000}]";"donat siram strawberry:1:7500|blue moon:1:42000";"2";"49500"
"wkwk 2 es lemon tea small 32000";"[{""product"":""es lemon tea small"",""quantity"":2,""price"":32000,""total_price"":64000}]";"es lemon tea small:2:32000";"1";"64000"
"wkwk kentang nugget goreng Rp13500";"[{""product"":""kentang nugget goreng"",""quantity"":1,""price"":13500,""total_price"":13500}]";"kentang nugget goreng:1:13500";"1";"13500"
"wkwk satu biasa kornet 18500";"[{""product"":""biasa kornet"",""quantity"":1,""price"":18500,""total_price"":18500}]";"biasa kornet:1:18500";"1";"18500"
"kak chicken chop with blackpepper sc Rp36500";"[{""product"":""chicken chop with blackpepper sc"",""quantity"":1,""price"":36500,""total_price"":36500}]";"chicken chop with blackpepper sc:1:36500";"1";"36500"
"wkwk tiga onigiri salmon teriyaki rp 36000";"[{""product"":""onigiri salmon teriyaki"",""quantity"":3,""price"":36000,""total_price"":108000}]";"onigiri salmon teriyaki:3:36000";"1";"108000"
"shabu  shabu mix rp 34000 dan seporsi lemper pulut hitam rp 38500";"[{""product"":""shabu  shabu mix"",""quantity"":1,""price"":34000,""total_price"":34000},{""product"":""lemper pulut hitam"",""quantity"":1,""price"":38500,""total_price"":38500}]";"shabu  shabu mix:1:34000|lemper pulut hitam:1:38500";"2";"72500"
"kak 5 roti sisir cream rp 10000 dan es nutrisari madu jeruk Rp45500 dan seporsi es joshua small Rp11000";"[{""product"":""roti sisir cream"",""quantity"":5,""price"":10000,""total_price"":50000},{""product"":""es nutrisari madu jeruk"",""quantity"":1,""price"":45500,""total_price"":45500},{""product"":""es joshua small"",""quantity"":1,""price"":11000,""total_price"":11000}]";"roti sisir cream:5:10000|es nutrisari madu jeruk:1:45500|es joshua small:1:11000";"3";"106500"
"wkwk satu udang steam rp 19500";"[{""product"":""udang steam"",""quantity"":1,""price"":19500,""total_price"":19500}]";"udang steam:1:19500";"1";"19500"
"taro vocado frappe 11000 sama seporsi popcorn mix small rp 8000";"[{""product"":""taro vocado frappe"",""quantity"":1,""price"":11000,""total_price"":11000},{""product"":""popcorn mix small"",""quantity"":1,""price"":8000,""total_price"":8000}]";"taro vocado frappe:1:11000|popcorn mix small:1:8000";"2";"19000"
"wkwk seporsi mix tongue 33000 dan satu pisang dikeramasin nutela Rp4000";"[{""product"":""mix tongue"",""quantity"":1,""price"":33000,""total_price"":33000},{""product"":""pisang dikeramasin nutela"",""quantity"":1,""price"":4000,""total_price"":4000}]";"mix tongue:1:33000|pisang dikeramasin nutela:1:4000";"2";"37000"
"satu patin bakar ala w r Rp46000 sama seporsi beef prosperity  fish prosperity Rp32000";"[{""product"":""patin bakar ala w r"",""quantity"":1,""price"":46000,""total_price"":46000},{""product"":""beef prosperity  fish prosperity"",""quantity"":1,""price"":32000,""total_price"":32000}]";"patin bakar ala w r:1:46000|beef prosperity  fish prosperity:1:32000";"2";"78000"
"wkwk satu lotus biscoff dessert box Rp46500 sama 2 mango so young rp 10500";"[{""product"":""lotus biscoff dessert box"",""quantity"":1,""price"":46500,""total_price"":46500},{""product"":""mango so young"",""quantity"":2,""price"":10500,""total_price"":21000}]";"lotus biscoff dessert box:1:46500|mango so young:2:10500";"2";"67500"
"2 polo butter Rp14000";"[{""product"":""polo butter"",""quantity"":2,""price"":14000,""total_price"":28000}]";"polo butter:2:14000";"1";"28000"
"kak 3 tahu gejrot 6000 dan seporsi nasi polos bosgil rp 27500";"[{""product"":""tahu gejrot"",""quantity"":3,""price"":6000,""total_price"":18000},{""product"":""nasi polos bosgil"",""quantity"":1,""price"":27500,""total_price"":27500}]";"tahu gejrot:3:6000|nasi polos bosgil:1:27500";"2";"45500"
"3 gyoza chicken toast Rp4000";"[{""product"":""gyoza chicken toast"",""quantity"":3,""price"":4000,""total_price"":12000}]";"gyoza chicken toast:3:4000";"1";"12000"
"kak tiga kiwi pineapple Rp42500 sama 4 nasi gurih sambal hati Rp17000";"[{""product"":""kiwi pineapple"",""quantity"":3,""price"":42500,""total_price"":127500},{""product"":""nasi gurih sambal hati"",""quantity"":4,""price"":17000,""total_price"":68000}]";"kiwi pineapple:3:42500|nasi gurih sambal hati:4:17000";"2";"195500"
"wkwk satu selai peanut butter 24000";"[{""product"":""selai peanut butter"",""quantity"":1,""price"":24000,""total_price"":24000}]";"selai peanut butter:1:24000";"1";"24000"
"kak chasiu pork rp 12000 dan 3 kue kacang hijau 16000";"[{""product"":""chasiu pork"",""quantity"":1,""price"":12000,""total_price"":12000},{""product"":""kue kacang hijau"",""quantity"":3,""price"":16000,""total_price"":48000}]";"chasiu pork:1:12000|kue kacang hijau:3:16000";"2";"60000"
"seporsi pinky punch Rp2500";"[{""product"":""pinky punch"",""quantity"":1,""price"":2500,""total_price"":2500}]";"pinky punch:1:2500";"1";"2500"
"kak seporsi avocado chocolatea large rp 21500";"[{""product"":""avocado chocolatea large"",""quantity"":1,""price"":21500,""total_price"":21500}]";"avocado chocolatea large:1:21500";"1";"21500"
"wkwk tiga nasi telur kulit bakar 18000";"[{""product"":""nasi telur kulit bakar"",""quantity"":3,""price"":18000,""total_price"":54000}]";"nasi telur kulit bakar:3:18000";"1";"54000"
"pancong oreo Rp37500 sama 2 porsi chicken wings crush hot rp 20000";"[{""product"":""pancong oreo"",""quantity"":1,""price"":37500,""total_price"":37500},{""product"":""chicken wings crush hot"",""quantity"":2,""price"":20000,""total_price"":40000}]";"pancong oreo:1:37500|chicken wings crush hot:2:20000";"2";"77500"
"kak dua kopi dingin rp 18500";"[{""product"":""kopi dingin"",""quantity"":2,""price"":18500,""total_price"":37000}]";"kopi dingin:2:18500";"1";"37000"
"wkwk 1 dessert box full of chocolate rp 5500";"[{""product"":""dessert box full of chocolate"",""quantity"":1,""price"":5500,""total_price"":5500}]";"dessert box full of chocolate:1:5500";"1";"5500"
"wkwk 2 porsi cue selar kuning Rp33500";"[{""product"":""cue selar kuning"",""quantity"":2,""price"":33500,""total_price"":67000}]";"cue selar kuning:2:33500";"1";"67000"
"kak seporsi bebek bakar plus nasi Rp14000";"[{""product"":""bebek bakar plus nasi"",""quantity"":1,""price"":14000,""total_price"":14000}]";"bebek bakar plus nasi:1:14000";"1";"14000"
"kak dua tenderloin crispy Rp44500";"[{""product"":""tenderloin crispy"",""quantity"":2,""price"":44500,""total_price"":89000}]";"tenderloin crispy:2:44500";"1";"89000"
"wkwk satu vanilla 10000 + 2 porsi extra mozarella rp 37500";"[{""product"":""vanilla"",""quantity"":1,""price"":10000,""total_price"":10000},{""product"":""extra mozarella"",""quantity"":2,""price"":37500,""total_price"":75000}]";"vanilla:1:10000|extra mozarella:2:37500";"2";"85000"
"wkwk satu nasi ayam mercon Rp28500";"[{""product"":""nasi ayam mercon"",""quantity"":1,""price"":28500,""total_price"":28500}]";"nasi ayam mercon:1:28500";"1";"28500"
"kak tiga sate daging kambing campur rp 5000";"[{""product"":""sate daging kambing campur"",""quantity"":3,""price"":5000,""total_price"":15000}]";"sate daging kambing campur:3:5000";"1";"15000"
"kak seporsi bubur ketan hitam 26000 sama satu seblak spesial Rp5000 sama 3 geblek Rp10500";"[{""product"":""bubur ketan hitam"",""quantity"":1,""price"":26000,""total_price"":26000},{""product"":""seblak spesial"",""quantity"":1,""price"":5000,""total_price"":5000},{""product"":""geblek"",""quantity"":3,""price"":10500,""total_price"":31500}]";"bubur ketan hitam:1:26000|seblak spesial:1:5000|geblek:3:10500";"3";"62500"
"dua extra chips rp 23000";"[{""product"":""extra chips"",""quantity"":2,""price"":23000,""total_price"":46000}]";"extra chips:2:23000";"1";"46000"
"wkwk 1 amo float 38500 + dua rujak mangga mengkal rp 7500";"[{""product"":""amo float"",""quantity"":1,""price"":38500,""total_price"":38500},{""product"":""rujak mangga mengkal"",""quantity"":2,""price"":7500,""total_price"":15000}]";"amo float:1:38500|rujak mangga mengkal:2:7500";"2";"53500"
"kak 5 red beand 2000";"[{""product"":""red beand"",""quantity"":5,""price"":2000,""total_price"":10000}]";"red beand:5:2000";"1";"10000"
"2 porsi ayam goreng pedes rp 14000 + mie aceh cumi 42000";"[{""product"":""ayam goreng pedes"",""quantity"":2,""price"":14000,""total_price"":28000},{""product"":""mie aceh cumi"",""quantity"":1,""price"":42000,""total_price"":42000}]";"ayam goreng pedes:2:14000|mie aceh cumi:1:42000";"2";"70000"
"kak maple croffle Rp12500 + cookies chocolate mente Rp21000";"[{""product"":""maple croffle"",""quantity"":1,""price"":12500,""total_price"":12500},{""product"":""cookies chocolate mente"",""quantity"":1,""price"":21000,""total_price"":21000}]";"maple croffle:1:12500|cookies chocolate mente:1:21000";"2";"33500"
"wkwk seporsi milkshake spc vanilla Rp10500";"[{""product"":""milkshake spc vanilla"",""quantity"":1,""price"":10500,""total_price"":10500}]";"milkshake spc vanilla:1:10500";"1";"10500"
"kak es coklat cha 48500 dan 5 pecel lele nasi rp 48500";"[{""product"":""es coklat cha"",""quantity"":1,""price"":48500,""total_price"":48500},{""product"":""pecel lele nasi"",""quantity"":5,""price"":48500,""total_price"":242500}]";"es coklat cha:1:48500|pecel lele nasi:5:48500";"2";"291000"
"kak seporsi beef cheese burger rp 18000";"[{""product"":""beef cheese burger"",""quantity"":1,""price"":18000,""total_price"":18000}]";"beef cheese burger:1:18000";"1";"18000"
"kak 2 porsi bika ambon keju 3000";"[{""product"":""bika ambon keju"",""quantity"":2,""price"":3000,""total_price"":6000}]";"bika ambon keju:2:3000";"1";"6000"
"nozomi butterscotch  ice rp 32000";"[{""product"":""nozomi butterscotch  ice"",""quantity"":1,""price"":32000,""total_price"":32000}]";"nozomi butterscotch  ice:1:32000";"1";"32000"
"wkwk 1 avocado topping cheese rp 44000 dan seporsi lodeh 40500";"[{""product"":""avocado topping cheese"",""quantity"":1,""price"":44000,""total_price"":44000},{""product"":""lodeh"",""quantity"":1,""price"":40500,""total_price"":40500}]";"avocado topping cheese:1:44000|lodeh:1:40500";"2";"84500"
"kak 1 classic chocolate 33500";"[{""product"":""classic chocolate"",""quantity"":1,""price"":33500,""total_price"":33500}]";"classic chocolate:1:33500";"1";"33500"
"wkwk satu tauge marina rp 20500 dan hampers Rp15000";"[{""product"":""tauge marina"",""quantity"":1,""price"":20500,""total_price"":20500},{""product"":""hampers"",""quantity"":1,""price"":15000,""total_price"":15000}]";"tauge marina:1:20500|hampers:1:15000";"2";"35500"
"kak 4 ceker recheese tanpa nasi 11500";"[{""product"":""ceker recheese tanpa nasi"",""quantity"":4,""price"":11500,""total_price"":46000}]";"ceker recheese tanpa nasi:4:11500";"1";"46000"
"wkwk dua chicken strip roll 20500 sama 1 kakap asam manis 8000";"[{""product"":""chicken strip roll"",""quantity"":2,""price"":20500,""total_price"":41000},{""product"":""kakap asam manis"",""quantity"":1,""price"":8000,""total_price"":8000}]";"chicken strip roll:2:20500|kakap asam manis:1:8000";"2";"49000"
"wkwk 2 markisa squash bd rp 4500 sama rabbit candy crispy donuth 44000";"[{""product"":""markisa squash bd"",""quantity"":2,""price"":4500,""total_price"":9000},{""product"":""rabbit candy crispy donuth"",""quantity"":1,""price"":44000,""total_price"":44000}]";"markisa squash bd:2:4500|rabbit candy crispy donuth:1:44000";"2";"53000"
"kak satu keripik kentang ori Rp13500 sama cheese stick Rp31000";"[{""product"":""keripik kentang ori"",""quantity"":1,""price"":13500,""total_price"":13500},{""product"":""cheese stick"",""quantity"":1,""price"":31000,""total_price"":31000}]";"keripik kentang ori:1:13500|cheese stick:1:31000";"2";"44500"
"es jeruk manis rp 12000 + chocolate roll Rp38000";"[{""product"":""es jeruk manis"",""quantity"":1,""price"":12000,""total_price"":12000},{""product"":""chocolate roll"",""quantity"":1,""price"":38000,""total_price"":38000}]";"es jeruk manis:1:12000|chocolate roll:1:38000";"2";"50000"
"wkwk 2 porsi nasi bungkus  sayur 48500";"[{""product"":""nasi bungkus  sayur"",""quantity"":2,""price"":48500,""total_price"":97000}]";"nasi bungkus  sayur:2:48500";"1";"97000"
"wkwk 1 pisang goreng coklat keju rp 18500";"[{""product"":""pisang goreng coklat keju"",""quantity"":1,""price"":18500,""total_price"":18500}]";"pisang goreng coklat keju:1:18500";"1";"18500"
"wkwk seporsi tcs rp 23500 + seporsi wonder waldorf 46500";"[{""product"":""tcs"",""quantity"":1,""price"":23500,""total_price"":23500},{""product"":""wonder waldorf"",""quantity"":1,""price"":46500,""total_price"":46500}]";"tcs:1:23500|wonder waldorf:1:46500";"2";"70000"
"kak 2 porsi slice coffee rp 26500 sama mochi kacang 2500";"[{""product"":""slice coffee"",""quantity"":2,""price"":26500,""total_price"":53000},{""product"":""mochi kacang"",""quantity"":1,""price"":2500,""total_price"":2500}]";"slice coffee:2:26500|mochi kacang:1:2500";"2";"55500"
"kak dua es degan leci rp 17000 + satu burger reguler 5000";"[{""product"":""es degan leci"",""quantity"":2,""price"":17000,""total_price"":34000},{""product"":""burger reguler"",""quantity"":1,""price"":5000,""total_price"":5000}]";"es degan leci:2:17000|burger reguler:1:5000";"2";"39000"
"ikan sambal potong Rp38500";"[{""product"":""ikan sambal potong"",""quantity"":1,""price"":38500,""total_price"":38500}]";"ikan sambal potong:1:38500";"1";"38500"
"wkwk 5 classy crunchy choco kitkat Rp8500";"[{""product"":""classy crunchy choco kitkat"",""quantity"":5,""price"":8500,""total_price"":42500}]";"classy crunchy choco kitkat:5:8500";"1";"42500"
"tiga abon goreng sapi rp 34500";"[{""product"":""abon goreng sapi"",""quantity"":3,""price"":34500,""total_price"":103500}]";"abon goreng sapi:3:34500";"1";"103500"
"kak 3 milo tarik hot Rp31000 sama seporsi nasi goreng jawa sosis rp 40000";"[{""product"":""milo tarik hot"",""quantity"":3,""price"":31000,""total_price"":93000},{""product"":""nasi goreng jawa sosis"",""quantity"":1,""price"":40000,""total_price"":40000}]";"milo tarik hot:3:31000|nasi goreng jawa sosis:1:40000";"2";"133000"
"wkwk 2 chocozilla rp 2000 + seporsi chicken fillet curry rp 20500";"[{""product"":""chocozilla"",""quantity"":2,""price"":2000,""total_price"":4000},{""product"":""chicken fillet curry"",""quantity"":1,""price"":20500,""total_price"":20500}]";"chocozilla:2:2000|chicken fillet curry:1:20500";"2";"24500"
"wkwk seporsi es choco cococrunch m rp 49500";"[{""product"":""es choco cococrunch m"",""quantity"":1,""price"":49500,""total_price"":49500}]";"es choco cococrunch m:1:49500";"1";"49500"
"gimmari Rp15500";"[{""product"":""gimmari"",""quantity"":1,""price"":15500,""total_price"":15500}]";"gimmari:1:15500";"1";"15500"
"kak pizza molen meatball Rp30500";"[{""product"":""pizza molen meatball"",""quantity"":1,""price"":30500,""total_price"":30500}]";"pizza molen meatball:1:30500";"1";"30500"
"1 creamy mayo medium rp 37000 dan 4 spicy garlic chicken 34500 dan 2 americano c rp 46000";"[{""product"":""creamy mayo medium"",""quantity"":1,""price"":37000,""total_price"":37000},{""product"":""spicy garlic chicken"",""quantity"":4,""price"":34500,""total_price"":138000},{""product"":""americano c"",""quantity"":2,""price"":46000,""total_price"":92000}]";"creamy mayo medium:1:37000|spicy garlic chicken:4:34500|americano c:2:46000";"3";"267000"
"kak satu miami cheese burger rp 28500";"[{""product"":""miami cheese burger"",""quantity"":1,""price"":28500,""total_price"":28500}]";"miami cheese burger:1:28500";"1";"28500"
"wkwk 5 miso chicken mushroom spaghetti 10500";"[{""product"":""miso chicken mushroom spaghetti"",""quantity"":5,""price"":10500,""total_price"":52500}]";"miso chicken mushroom spaghetti:5:10500";"1";"52500"
"tiga susu kerbau 47500 + 2 porsi lempog durian 42000";"[{""product"":""susu kerbau"",""quantity"":3,""price"":47500,""total_price"":142500},{""product"":""lempog durian"",""quantity"":2,""price"":42000,""total_price"":84000}]";"susu kerbau:3:47500|lempog durian:2:42000";"2";"226500"
"wkwk 5 mochacino hot rp 34000 + seporsi coronet vanilla 22500";"[{""product"":""mochacino hot"",""quantity"":5,""price"":34000,""total_price"":170000},{""product"":""coronet vanilla"",""quantity"":1,""price"":22500,""total_price"":22500}]";"mochacino hot:5:34000|coronet vanilla:1:22500";"2";"192500"
"2 porsi pop es choco cheese cincau Rp20000";"[{""product"":""pop es choco cheese cincau"",""quantity"":2,""price"":20000,""total_price"":40000}]";"pop es choco cheese cincau:2:20000";"1";"40000"
"nutella creme Rp14500";"[{""product"":""nutella creme"",""quantity"":1,""price"":14500,""total_price"":14500}]";"nutella creme:1:14500";"1";"14500"
"kak dua dasting coklat Rp15000 + 2 bomboloni vanilla 24500";"[{""product"":""dasting coklat"",""quantity"":2,""price"":15000,""total_price"":30000},{""product"":""bomboloni vanilla"",""quantity"":2,""price"":24500,""total_price"":49000}]";"dasting coklat:2:15000|bomboloni vanilla:2:24500";"2";"79000"
"wkwk seporsi iced cappucino Rp46500 + seporsi vocanzo large Rp5000";"[{""product"":""iced cappucino"",""quantity"":1,""price"":46500,""total_price"":46500},{""product"":""vocanzo large"",""quantity"":1,""price"":5000,""total_price"":5000}]";"iced cappucino:1:46500|vocanzo large:1:5000";"2";"51500"
"wkwk tumis tauge ikan asin tenggiri rp 14500";"[{""product"":""tumis tauge ikan asin tenggiri"",""quantity"":1,""price"":14500,""total_price"":14500}]";"tumis tauge ikan asin tenggiri:1:14500";"1";"14500"
"2 nasi gurame sambal ijo rp 20500 sama seporsi topping smoked beef 6500 sama godoh biu Rp49000";"[{""product"":""nasi gurame sambal ijo"",""quantity"":2,""price"":20500,""total_price"":41000},{""product"":""topping smoked beef"",""quantity"":1,""price"":6500,""total_price"":6500},{""product"":""godoh biu"",""quantity"":1,""price"":49000,""total_price"":49000}]";"nasi gurame sambal ijo:2:20500|topping smoked beef:1:6500|godoh biu:1:49000";"3";"96500"
"wkwk kenari banda kering Rp2000";"[{""product"":""kenari banda kering"",""quantity"":1,""price"":2000,""total_price"":2000}]";"kenari banda kering:1:2000";"1";"2000"
"kak seporsi beef teriyaki skewers 41000 dan tiga donat toping mises rp 33000 dan 2 porsi mie aceh nyemek telur Rp24500";"[{""product"":""beef teriyaki skewers"",""quantity"":1,""price"":41000,""total_price"":41000},{""product"":""donat toping mises"",""quantity"":3,""price"":33000,""total_price"":99000},{""product"":""mie aceh nyemek telur"",""quantity"":2,""price"":24500,""total_price"":49000}]";"beef teriyaki skewers:1:41000|donat toping mises:3:33000|mie aceh nyemek telur:2:24500";"3";"189000"
"wkwk taormina 7500 + 1 brownies slice rp 44000 + satu strawberry mojito rp 20500";"[{""product"":""taormina"",""quantity"":1,""price"":7500,""total_price"":7500},{""product"":""brownies slice"",""quantity"":1,""price"":44000,""total_price"":44000},{""product"":""strawberry mojito"",""quantity"":1,""price"":20500,""total_price"":20500}]";"taormina:1:7500|brownies slice:1:44000|strawberry mojito:1:20500";"3";"72000"
"wkwk dua avocado egg toast set rp 17000 dan 4 cilok baa Rp4500";"[{""product"":""avocado egg toast set"",""quantity"":2,""price"":17000,""total_price"":34000},{""product"":""cilok baa"",""quantity"":4,""price"":4500,""total_price"":18000}]";"avocado egg toast set:2:17000|cilok baa:4:4500";"2";"52000"
"kak 2 the uncanny bulgogi Rp35000";"[{""product"":""the uncanny bulgogi"",""quantity"":2,""price"":35000,""total_price"":70000}]";"the uncanny bulgogi:2:35000";"1";"70000"
"kak seporsi biasa ayam jamur telor ayam Rp14000";"[{""product"":""biasa ayam jamur telor ayam"",""quantity"":1,""price"":14000,""total_price"":14000}]";"biasa ayam jamur telor ayam:1:14000";"1";"14000"
"wkwk es kelapa muda rp 15000 + 2 thai tea bubble rp 45500 + 1 tempe rp 15000";"[{""product"":""es kelapa muda"",""quantity"":1,""price"":15000,""total_price"":15000},{""product"":""thai tea bubble"",""quantity"":2,""price"":45500,""total_price"":91000},{""product"":""tempe"",""quantity"":1,""price"":15000,""total_price"":15000}]";"es kelapa muda:1:15000|thai tea bubble:2:45500|tempe:1:15000";"3";"121000"
"bulgogi japchae Rp4000 + donat topping kacang rp 13000";"[{""product"":""bulgogi japchae"",""quantity"":1,""price"":4000,""total_price"":4000},{""product"":""donat topping kacang"",""quantity"":1,""price"":13000,""total_price"":13000}]";"bulgogi japchae:1:4000|donat topping kacang:1:13000";"2";"17000"
"kak seporsi kari merah sapi rp 27500 dan 1 philly anselmo 26500";"[{""product"":""kari merah sapi"",""quantity"":1,""price"":27500,""total_price"":27500},{""product"":""philly anselmo"",""quantity"":1,""price"":26500,""total_price"":26500}]";"kari merah sapi:1:27500|philly anselmo:1:26500";"2";"54000"
"kak 2 bowl chicken pop corn rp 24500 dan 4 big breakfast Rp20500";"[{""product"":""bowl chicken pop corn"",""quantity"":2,""price"":24500,""total_price"":49000},{""product"":""big breakfast"",""quantity"":4,""price"":20500,""total_price"":82000}]";"bowl chicken pop corn:2:24500|big breakfast:4:20500";"2";"131000"
"seporsi ropang telor kornet Rp3500";"[{""product"":""ropang telor kornet"",""quantity"":1,""price"":3500,""total_price"":3500}]";"ropang telor kornet:1:3500";"1";"3500"
"2 porsi original chicken rp 20500";"[{""product"":""original chicken"",""quantity"":2,""price"":20500,""total_price"":41000}]";"original chicken:2:20500";"1";"41000"
"kak seporsi nasi pecel udang goreng rp 11000 + ayam cabe kering Rp38500";"[{""product"":""nasi pecel udang goreng"",""quantity"":1,""price"":11000,""total_price"":11000},{""product"":""ayam cabe kering"",""quantity"":1,""price"":38500,""total_price"":38500}]";"nasi pecel udang goreng:1:11000|ayam cabe kering:1:38500";"2";"49500"
"kak seporsi lumpia telor ayam 34500 dan hot coffee without milk 16000 dan dua mix tongue rp 14000";"[{""product"":""lumpia telor ayam"",""quantity"":1,""price"":34500,""total_price"":34500},{""product"":""hot coffee without milk"",""quantity"":1,""price"":16000,""total_price"":16000},{""product"":""mix tongue"",""quantity"":2,""price"":14000,""total_price"":28000}]";"lumpia telor ayam:1:34500|hot coffee without milk:1:16000|mix tongue:2:14000";"3";"78500"
"kak 2 triple cheese burger 20500 sama dua sapi abon rp 8000";"[{""product"":""triple cheese burger"",""quantity"":2,""price"":20500,""total_price"":41000},{""product"":""sapi abon"",""quantity"":2,""price"":8000,""total_price"":16000}]";"triple cheese burger:2:20500|sapi abon:2:8000";"2";"57000"
"kak nasi bebek kebon samping rp 14000 sama satu combo special 23000 sama dua ikan patin segar rp 46000";"[{""product"":""nasi bebek kebon samping"",""quantity"":1,""price"":14000,""total_price"":14000},{""product"":""combo special"",""quantity"":1,""price"":23000,""total_price"":23000},{""product"":""ikan patin segar"",""quantity"":2,""price"":46000,""total_price"":92000}]";"nasi bebek kebon samping:1:14000|combo special:1:23000|ikan patin segar:2:46000";"3";"129000"
"raspberry eyes Rp16000 + 2 porsi es kopi latte Rp29500";"[{""product"":""raspberry eyes"",""quantity"":1,""price"":16000,""total_price"":16000},{""product"":""es kopi latte"",""quantity"":2,""price"":29500,""total_price"":59000}]";"raspberry eyes:1:16000|es kopi latte:2:29500";"2";"75000"
"wkwk satu siomay udang rp 33000 dan 1 sarimuka 43000";"[{""product"":""siomay udang"",""quantity"":1,""price"":33000,""total_price"":33000},{""product"":""sarimuka"",""quantity"":1,""price"":43000,""total_price"":43000}]";"siomay udang:1:33000|sarimuka:1:43000";"2";"76000"
"kak 2 porsi gochupork  korean fried pork rp 6500 + 2 keju slice 34000";"[{""product"":""gochupork  korean fried pork"",""quantity"":2,""price"":6500,""total_price"":13000},{""product"":""keju slice"",""quantity"":2,""price"":34000,""total_price"":68000}]";"gochupork  korean fried pork:2:6500|keju slice:2:34000";"2";"81000"
"wkwk 4 hot sanger arabica rp 36500";"[{""product"":""hot sanger arabica"",""quantity"":4,""price"":36500,""total_price"":146000}]";"hot sanger arabica:4:36500";"1";"146000"
"seporsi nasi goreng rumahan rp 48500 sama 3 osaka spicy tofu rp 31500";"[{""product"":""nasi goreng rumahan"",""quantity"":1,""price"":48500,""total_price"":48500},{""product"":""osaka spicy tofu"",""quantity"":3,""price"":31500,""total_price"":94500}]";"nasi goreng rumahan:1:48500|osaka spicy tofu:3:31500";"2";"143000"
"kak 2 porsi ayam bakar w r 45500";"[{""product"":""ayam bakar w r"",""quantity"":2,""price"":45500,""total_price"":91000}]";"ayam bakar w r:2:45500";"1";"91000"
"kak seporsi espresso smoothie 44000";"[{""product"":""espresso smoothie"",""quantity"":1,""price"":44000,""total_price"":44000}]";"espresso smoothie:1:44000";"1";"44000"
"wkwk nasi bungkus udang sambal pete 16500";"[{""product"":""nasi bungkus udang sambal pete"",""quantity"":1,""price"":16500,""total_price"":16500}]";"nasi bungkus udang sambal pete:1:16500";"1";"16500"
"wkwk satu hokkaido butter serve ice cream Rp26500";"[{""product"":""hokkaido butter serve ice cream"",""quantity"":1,""price"":26500,""total_price"":26500}]";"hokkaido butter serve ice cream:1:26500";"1";"26500"
"kak mie ayam biasa Rp49000";"[{""product"":""mie ayam biasa"",""quantity"":1,""price"":49000,""total_price"":49000}]";"mie ayam biasa:1:49000";"1";"49000"
"dua nasi tenggiri asam padeh rp 39500";"[{""product"":""nasi tenggiri asam padeh"",""quantity"":2,""price"":39500,""total_price"":79000}]";"nasi tenggiri asam padeh:2:39500";"1";"79000"
"wkwk satu ice taro latte Rp24000";"[{""product"":""ice taro latte"",""quantity"":1,""price"":24000,""total_price"":24000}]";"ice taro latte:1:24000";"1";"24000"
"kak 1 cronuthffle rp 6500";"[{""product"":""cronuthffle"",""quantity"":1,""price"":6500,""total_price"":6500}]";"cronuthffle:1:6500";"1";"6500"
"wkwk frenc fries mayo 44000";"[{""product"":""frenc fries mayo"",""quantity"":1,""price"":44000,""total_price"":44000}]";"frenc fries mayo:1:44000";"1";"44000"
"seporsi skewers pork belly 12000 + dua siomay beef 3000";"[{""product"":""skewers pork belly"",""quantity"":1,""price"":12000,""total_price"":12000},{""product"":""siomay beef"",""quantity"":2,""price"":3000,""total_price"":6000}]";"skewers pork belly:1:12000|siomay beef:2:3000";"2";"18000"
"2 creamy smokey toast 38500";"[{""product"":""creamy smokey toast"",""quantity"":2,""price"":38500,""total_price"":77000}]";"creamy smokey toast:2:38500";"1";"77000"
"kak satu extra beef patty rp 40000";"[{""product"":""extra beef patty"",""quantity"":1,""price"":40000,""total_price"":40000}]";"extra beef patty:1:40000";"1";"40000"
"seporsi kroket daging Rp32000 + 3 cappucino hot rp 16000";"[{""product"":""kroket daging"",""quantity"":1,""price"":32000,""total_price"":32000},{""product"":""cappucino hot"",""quantity"":3,""price"":16000,""total_price"":48000}]";"kroket daging:1:32000|cappucino hot:3:16000";"2";"80000"
"seporsi extra saos rp 45500 sama satu sushi cheese salmon roll 40000";"[{""product"":""extra saos"",""quantity"":1,""price"":45500,""total_price"":45500},{""product"":""sushi cheese salmon roll"",""quantity"":1,""price"":40000,""total_price"":40000}]";"extra saos:1:45500|sushi cheese salmon roll:1:40000";"2";"85500"
"choco milkshake rp 11500";"[{""product"":""choco milkshake"",""quantity"":1,""price"":11500,""total_price"":11500}]";"choco milkshake:1:11500";"1";"11500"
"kak 3 beef ribs tongseng Rp7500";"[{""product"":""beef ribs tongseng"",""quantity"":3,""price"":7500,""total_price"":22500}]";"beef ribs tongseng:3:7500";"1";"22500"
"kak satu thanks a latte  matcha Rp4500 + dua age tofu rp 16500 + 4 red velvet slice rp 26000";"[{""product"":""thanks a latte  matcha"",""quantity"":1,""price"":4500,""total_price"":4500},{""product"":""age tofu"",""quantity"":2,""price"":16500,""total_price"":33000},{""product"":""red velvet slice"",""quantity"":4,""price"":26000,""total_price"":104000}]";"thanks a latte  matcha:1:4500|age tofu:2:16500|red velvet slice:4:26000";"3";"141500"
"kak 1 cream mushroom soup Rp7000";"[{""product"":""cream mushroom soup"",""quantity"":1,""price"":7000,""total_price"":7000}]";"cream mushroom soup:1:7000";"1";"7000"
"fried cassava rp 38500";"[{""product"":""fried cassava"",""quantity"":1,""price"":38500,""total_price"":38500}]";"fried cassava:1:38500";"1";"38500"
"dua hello kitty  character cake Rp28000";"[{""product"":""hello kitty  character cake"",""quantity"":2,""price"":28000,""total_price"":56000}]";"hello kitty  character cake:2:28000";"1";"56000"
"wkwk seporsi kacang mekah polong segar rp 29000";"[{""product"":""kacang mekah polong segar"",""quantity"":1,""price"":29000,""total_price"":29000}]";"kacang mekah polong segar:1:29000";"1";"29000"
"wkwk dua pancong rasa durian rp 37000";"[{""product"":""pancong rasa durian"",""quantity"":2,""price"":37000,""total_price"":74000}]";"pancong rasa durian:2:37000";"1";"74000"
"kak satu udang goreng saos mentega Rp38500";"[{""product"":""udang goreng saos mentega"",""quantity"":1,""price"":38500,""total_price"":38500}]";"udang goreng saos mentega:1:38500";"1";"38500"
"kak seporsi club sandwich wheat bread rp 12000 + ikan bakar sambal matah rp 23500";"[{""product"":""club sandwich wheat bread"",""quantity"":1,""price"":12000,""total_price"":12000},{""product"":""ikan bakar sambal matah"",""quantity"":1,""price"":23500,""total_price"":23500}]";"club sandwich wheat bread:1:12000|ikan bakar sambal matah:1:23500";"2";"35500"
"5 elbidaya kurm desert Rp7500 sama tiga orange tea booster 40000";"[{""product"":""elbidaya kurm desert"",""quantity"":5,""price"":7500,""total_price"":37500},{""product"":""orange tea booster"",""quantity"":3,""price"":40000,""total_price"":120000}]";"elbidaya kurm desert:5:7500|orange tea booster:3:40000";"2";"157500"
"kak 2 porsi cah tauge bawang putih Rp26500";"[{""product"":""cah tauge bawang putih"",""quantity"":2,""price"":26500,""total_price"":53000}]";"cah tauge bawang putih:2:26500";"1";"53000"
"wkwk 4 bogul kelepon kecil Rp42500";"[{""product"":""bogul kelepon kecil"",""quantity"":4,""price"":42500,""total_price"":170000}]";"bogul kelepon kecil:4:42500";"1";"170000"
"kak 1 tahubiji rp 40000";"[{""product"":""tahubiji"",""quantity"":1,""price"":40000,""total_price"":40000}]";"tahubiji:1:40000";"1";"40000"
"dua es kopi susu aren rp 17000";"[{""product"":""es kopi susu aren"",""quantity"":2,""price"":17000,""total_price"":34000}]";"es kopi susu aren:2:17000";"1";"34000"
"wkwk dua kopi avocado x lokalate Rp44500";"[{""product"":""kopi avocado x lokalate"",""quantity"":2,""price"":44500,""total_price"":89000}]";"kopi avocado x lokalate:2:44500";"1";"89000"
"wkwk 2 ayam kebuli perpotong paha rp 7500";"[{""product"":""ayam kebuli perpotong paha"",""quantity"":2,""price"":7500,""total_price"":15000}]";"ayam kebuli perpotong paha:2:7500";"1";"15000"
"5 moodcha kitkat Rp16000 sama 2 molen coklat rp 31000";"[{""product"":""moodcha kitkat"",""quantity"":5,""price"":16000,""total_price"":80000},{""product"":""molen coklat"",""quantity"":2,""price"":31000,""total_price"":62000}]";"moodcha kitkat:5:16000|molen coklat:2:31000";"2";"142000"
"wkwk strawberry tea Rp34000";"[{""product"":""strawberry tea"",""quantity"":1,""price"":34000,""total_price"":34000}]";"strawberry tea:1:34000";"1";"34000"
"wkwk tiga kani aburi mayo roll Rp46000 sama satu thai tea berry cheese 38000";"[{""product"":""kani aburi mayo roll"",""quantity"":3,""price"":46000,""total_price"":138000},{""product"":""thai tea berry cheese"",""quantity"":1,""price"":38000,""total_price"":38000}]";"kani aburi mayo roll:3:46000|thai tea berry cheese:1:38000";"2";"176000"
"wkwk bakso original rp 26000 sama 2 slice red velvet 45000";"[{""product"":""bakso original"",""quantity"":1,""price"":26000,""total_price"":26000},{""product"":""slice red velvet"",""quantity"":2,""price"":45000,""total_price"":90000}]";"bakso original:1:26000|slice red velvet:2:45000";"2";"116000"
"wkwk dua tahu gejrot rp 17500 sama satu tepung tales beneng 45000 sama dua aw Rp6500";"[{""product"":""tahu gejrot"",""quantity"":2,""price"":17500,""total_price"":35000},{""product"":""tepung tales beneng"",""quantity"":1,""price"":45000,""total_price"":45000},{""product"":""aw"",""quantity"":2,""price"":6500,""total_price"":13000}]";"tahu gejrot:2:17500|tepung tales beneng:1:45000|aw:2:6500";"3";"93000"
"keripik tempe rp 33500";"[{""product"":""keripik tempe"",""quantity"":1,""price"":33500,""total_price"":33500}]";"keripik tempe:1:33500";"1";"33500"
"kak 1 kenyang berlima 41500 sama 1 hokkaido butter serve ice cream rp 9500";"[{""product"":""kenyang berlima"",""quantity"":1,""price"":41500,""total_price"":41500},{""product"":""hokkaido butter serve ice cream"",""quantity"":1,""price"":9500,""total_price"":9500}]";"kenyang berlima:1:41500|hokkaido butter serve ice cream:1:9500";"2";"51000"
"kak tiga tipis kering nutela Rp41500 sama seporsi beras ketan hitam tape 19500";"[{""product"":""tipis kering nutela"",""quantity"":3,""price"":41500,""total_price"":124500},{""product"":""beras ketan hitam tape"",""quantity"":1,""price"":19500,""total_price"":19500}]";"tipis kering nutela:3:41500|beras ketan hitam tape:1:19500";"2";"144000"
"combo wings rp 32500";"[{""product"":""combo wings"",""quantity"":1,""price"":32500,""total_price"":32500}]";"combo wings:1:32500";"1";"32500"
"wkwk 1 es soklat booster rp 46500";"[{""product"":""es soklat booster"",""quantity"":1,""price"":46500,""total_price"":46500}]";"es soklat booster:1:46500";"1";"46500"
"1 ayam gejrot super pedas rp 22500 sama satu hot garlic mayo Rp13500";"[{""product"":""ayam gejrot super pedas"",""quantity"":1,""price"":22500,""total_price"":22500},{""product"":""hot garlic mayo"",""quantity"":1,""price"":13500,""total_price"":13500}]";"ayam gejrot super pedas:1:22500|hot garlic mayo:1:13500";"2";"36000"
"wkwk satu mission impizzable in out 29000";"[{""product"":""mission impizzable in out"",""quantity"":1,""price"":29000,""total_price"":29000}]";"mission impizzable in out:1:29000";"1";"29000"
"1 nasi goreng pake sayaurtelor rp 38500 + paru crispy Rp8000";"[{""product"":""nasi goreng pake sayaurtelor"",""quantity"":1,""price"":38500,""total_price"":38500},{""product"":""paru crispy"",""quantity"":1,""price"":8000,""total_price"":8000}]";"nasi goreng pake sayaurtelor:1:38500|paru crispy:1:8000";"2";"46500"
"nutella creme 32000";"[{""product"":""nutella creme"",""quantity"":1,""price"":32000,""total_price"":32000}]";"nutella creme:1:32000";"1";"32000"
"wkwk satu tahu kripsy pancal Rp33000";"[{""product"":""tahu kripsy pancal"",""quantity"":1,""price"":33000,""total_price"":33000}]";"tahu kripsy pancal:1:33000";"1";"33000"
"wkwk bika ambon ati original rp 5500 + satu pandan latte 32000";"[{""product"":""bika ambon ati original"",""quantity"":1,""price"":5500,""total_price"":5500},{""product"":""pandan latte"",""quantity"":1,""price"":32000,""total_price"":32000}]";"bika ambon ati original:1:5500|pandan latte:1:32000";"2";"37500"
"seporsi nasi gila Rp18000";"[{""product"":""nasi gila"",""quantity"":1,""price"":18000,""total_price"":18000}]";"nasi gila:1:18000";"1";"18000"
"seporsi gurame goreng rp 43500";"[{""product"":""gurame goreng"",""quantity"":1,""price"":43500,""total_price"":43500}]";"gurame goreng:1:43500";"1";"43500"
"wkwk seporsi supreme truffle 30500";"[{""product"":""supreme truffle"",""quantity"":1,""price"":30500,""total_price"":30500}]";"supreme truffle:1:30500";"1";"30500"
"kak tiga daisy cake rp 28500";"[{""product"":""daisy cake"",""quantity"":3,""price"":28500,""total_price"":85500}]";"daisy cake:3:28500";"1";"85500"
"wkwk bubur ketan hitam original Rp16500";"[{""product"":""bubur ketan hitam original"",""quantity"":1,""price"":16500,""total_price"":16500}]";"bubur ketan hitam original:1:16500";"1";"16500"
"wkwk dua kerang hijau lada hitam Rp19000";"[{""product"":""kerang hijau lada hitam"",""quantity"":2,""price"":19000,""total_price"":38000}]";"kerang hijau lada hitam:2:19000";"1";"38000"
"kak 1 roti tawar double soft 3000";"[{""product"":""roti tawar double soft"",""quantity"":1,""price"":3000,""total_price"":3000}]";"roti tawar double soft:1:3000";"1";"3000"
"wkwk cah tauge ikan teri 8000 + hot english breakfast 37000";"[{""product"":""cah tauge ikan teri"",""quantity"":1,""price"":8000,""total_price"":8000},{""product"":""hot english breakfast"",""quantity"":1,""price"":37000,""total_price"":37000}]";"cah tauge ikan teri:1:8000|hot english breakfast:1:37000";"2";"45000"
"kak 1 cane kuah kari 7000 sama dua chikitiuw bite 21500";"[{""product"":""cane kuah kari"",""quantity"":1,""price"":7000,""total_price"":7000},{""product"":""chikitiuw bite"",""quantity"":2,""price"":21500,""total_price"":43000}]";"cane kuah kari:1:7000|chikitiuw bite:2:21500";"2";"50000"
"kak cold drink vanilla latte 3500";"[{""product"":""cold drink vanilla latte"",""quantity"":1,""price"":3500,""total_price"":3500}]";"cold drink vanilla latte:1:3500";"1";"3500"
"kak seporsi mie basah rp 19000 + 1 setrup sirup 46500";"[{""product"":""mie basah"",""quantity"":1,""price"":19000,""total_price"":19000},{""product"":""setrup sirup"",""quantity"":1,""price"":46500,""total_price"":46500}]";"mie basah:1:19000|setrup sirup:1:46500";"2";"65500"
"wkwk seporsi whole wheat raisin bread rp 42500";"[{""product"":""whole wheat raisin bread"",""quantity"":1,""price"":42500,""total_price"":42500}]";"whole wheat raisin bread:1:42500";"1";"42500"
"wkwk tiga iced ube latte Rp21500";"[{""product"":""iced ube latte"",""quantity"":3,""price"":21500,""total_price"":64500}]";"iced ube latte:3:21500";"1";"64500"
"wkwk ayam bakar tanpa nasi Rp24000";"[{""product"":""ayam bakar tanpa nasi"",""quantity"":1,""price"":24000,""total_price"":24000}]";"ayam bakar tanpa nasi:1:24000";"1";"24000"
"wkwk 4 soto ranjau 21000";"[{""product"":""soto ranjau"",""quantity"":4,""price"":21000,""total_price"":84000}]";"soto ranjau:4:21000";"1";"84000"
"wkwk 1 asam masak di pohon rp 28000";"[{""product"":""asam masak di pohon"",""quantity"":1,""price"":28000,""total_price"":28000}]";"asam masak di pohon:1:28000";"1";"28000"
"wkwk 3 oreo cream cheese 18500";"[{""product"":""oreo cream cheese"",""quantity"":3,""price"":18500,""total_price"":55500}]";"oreo cream cheese:3:18500";"1";"55500"
"wkwk seporsi kfc red hot bento Rp36000";"[{""product"":""kfc red hot bento"",""quantity"":1,""price"":36000,""total_price"":36000}]";"kfc red hot bento:1:36000";"1";"36000"
"seporsi extra tabbouleh rp 31000 sama dua crispy chicken steak Rp46500";"[{""product"":""extra tabbouleh"",""quantity"":1,""price"":31000,""total_price"":31000},{""product"":""crispy chicken steak"",""quantity"":2,""price"":46500,""total_price"":93000}]";"extra tabbouleh:1:31000|crispy chicken steak:2:46500";"2";"124000"
"wkwk 5 bk sip vanilla latte 13500";"[{""product"":""bk sip vanilla latte"",""quantity"":5,""price"":13500,""total_price"":67500}]";"bk sip vanilla latte:5:13500";"1";"67500"
"2 roti ayam 7500";"[{""product"":""roti ayam"",""quantity"":2,""price"":7500,""total_price"":15000}]";"roti ayam:2:7500";"1";"15000"
"kak satu pork ribs teriyaki Rp25500";"[{""product"":""pork ribs teriyaki"",""quantity"":1,""price"":25500,""total_price"":25500}]";"pork ribs teriyaki:1:25500";"1";"25500"
"wkwk dark chocolatte ice rp 6500";"[{""product"":""dark chocolatte ice"",""quantity"":1,""price"":6500,""total_price"":6500}]";"dark chocolatte ice:1:6500";"1";"6500"
"3 jus buah naga rp 9500";"[{""product"":""jus buah naga"",""quantity"":3,""price"":9500,""total_price"":28500}]";"jus buah naga:3:9500";"1";"28500"
"wkwk 2 roti cuplis blueberry rp 14500 sama 1 joy tea sport drink 35000";"[{""product"":""roti cuplis blueberry"",""quantity"":2,""price"":14500,""total_price"":29000},{""product"":""joy tea sport drink"",""quantity"":1,""price"":35000,""total_price"":35000}]";"roti cuplis blueberry:2:14500|joy tea sport drink:1:35000";"2";"64000"
"wkwk maple syrup Rp49500 dan 4 mie aceh tumis sifood rp 18000";"[{""product"":""maple syrup"",""quantity"":1,""price"":49500,""total_price"":49500},{""product"":""mie aceh tumis sifood"",""quantity"":4,""price"":18000,""total_price"":72000}]";"maple syrup:1:49500|mie aceh tumis sifood:4:18000";"2";"121500"
"kak 3 blackcurrant tea 9000";"[{""product"":""blackcurrant tea"",""quantity"":3,""price"":9000,""total_price"":27000}]";"blackcurrant tea:3:9000";"1";"27000"
"2 porsi es kelapa jeruk Rp9500";"[{""product"":""es kelapa jeruk"",""quantity"":2,""price"":9500,""total_price"":19000}]";"es kelapa jeruk:2:9500";"1";"19000"
"2 senandung rindu 12000 + seporsi dory sambal matah Rp41500 + seporsi nasi liwet rp 5500";"[{""product"":""senandung rindu"",""quantity"":2,""price"":12000,""total_price"":24000},{""product"":""dory sambal matah"",""quantity"":1,""price"":41500,""total_price"":41500},{""product"":""nasi liwet"",""quantity"":1,""price"":5500,""total_price"":5500}]";"senandung rindu:2:12000|dory sambal matah:1:41500|nasi liwet:1:5500";"3";"71000"
"kak choco hazelnut cheese rp 22000";"[{""product"":""choco hazelnut cheese"",""quantity"":1,""price"":22000,""total_price"":22000}]";"choco hazelnut cheese:1:22000";"1";"22000"
"wkwk roti bakar choco crunchy Rp24500 + dua galaxy rp 4500";"[{""product"":""roti bakar choco crunchy"",""quantity"":1,""price"":24500,""total_price"":24500},{""product"":""galaxy"",""quantity"":2,""price"":4500,""total_price"":9000}]";"roti bakar choco crunchy:1:24500|galaxy:2:4500";"2";"33500"
"wkwk sosis mozza noodle medium Rp36500";"[{""product"":""sosis mozza noodle medium"",""quantity"":1,""price"":36500,""total_price"":36500}]";"sosis mozza noodle medium:1:36500";"1";"36500"
"wkwk udang crispy Rp30500";"[{""product"":""udang crispy"",""quantity"":1,""price"":30500,""total_price"":30500}]";"udang crispy:1:30500";"1";"30500"
"2 porsi add almond milk rp 26000";"[{""product"":""add almond milk"",""quantity"":2,""price"":26000,""total_price"":52000}]";"add almond milk:2:26000";"1";"52000"
"wkwk 1 nasi goreng kecombrang ayam pete rp 44000 + 5 indomie rendang kribo rp 14000";"[{""product"":""nasi goreng kecombrang ayam pete"",""quantity"":1,""price"":44000,""total_price"":44000},{""product"":""indomie rendang kribo"",""quantity"":5,""price"":14000,""total_price"":70000}]";"nasi goreng kecombrang ayam pete:1:44000|indomie rendang kribo:5:14000";"2";"114000"
"seporsi kripik kaca 22500";"[{""product"":""kripik kaca"",""quantity"":1,""price"":22500,""total_price"":22500}]";"kripik kaca:1:22500";"1";"22500"
"kak biasa ayam 14500 sama corn dog mozarella strawberry rp 8000";"[{""product"":""biasa ayam"",""quantity"":1,""price"":14500,""total_price"":14500},{""product"":""corn dog mozarella strawberry"",""quantity"":1,""price"":8000,""total_price"":8000}]";"biasa ayam:1:14500|corn dog mozarella strawberry:1:8000";"2";"22500"
"teh anget rp 40500 sama 2 kakap asam manis  ekor Rp15000";"[{""product"":""teh anget"",""quantity"":1,""price"":40500,""total_price"":40500},{""product"":""kakap asam manis  ekor"",""quantity"":2,""price"":15000,""total_price"":30000}]";"teh anget:1:40500|kakap asam manis  ekor:2:15000";"2";"70500"
"satu bolu lapis nenas qz Rp25500 + 2 nasi gembung tauco rp 41000";"[{""product"":""bolu lapis nenas qz"",""quantity"":1,""price"":25500,""total_price"":25500},{""product"":""nasi gembung tauco"",""quantity"":2,""price"":41000,""total_price"":82000}]";"bolu lapis nenas qz:1:25500|nasi gembung tauco:2:41000";"2";"107500"
"loyang sedang mix 35000";"[{""product"":""loyang sedang mix"",""quantity"":1,""price"":35000,""total_price"":35000}]";"loyang sedang mix:1:35000";"1";"35000"
"ombre passion fruite rp 38000";"[{""product"":""ombre passion fruite"",""quantity"":1,""price"":38000,""total_price"":38000}]";"ombre passion fruite:1:38000";"1";"38000"
"2 porsi pizzaderman Rp24500 dan 2 porsi choco banana 44500";"[{""product"":""pizzaderman"",""quantity"":2,""price"":24500,""total_price"":49000},{""product"":""choco banana"",""quantity"":2,""price"":44500,""total_price"":89000}]";"pizzaderman:2:24500|choco banana:2:44500";"2";"138000"
"wkwk 1 strawberry latte magic rp 36000";"[{""product"":""strawberry latte magic"",""quantity"":1,""price"":36000,""total_price"":36000}]";"strawberry latte magic:1:36000";"1";"36000"
"wkwk seporsi truffle gyudon us beef Rp29500 sama tiga mie ayam pangsit jakarta rp 40500 sama seporsi nasi manyung rp 15500";"[{""product"":""truffle gyudon us beef"",""quantity"":1,""price"":29500,""total_price"":29500},{""product"":""mie ayam pangsit jakarta"",""quantity"":3,""price"":40500,""total_price"":121500},{""product"":""nasi manyung"",""quantity"":1,""price"":15500,""total_price"":15500}]";"truffle gyudon us beef:1:29500|mie ayam pangsit jakarta:3:40500|nasi manyung:1:15500";"3";"166500"
"wkwk dua roti nana kelapa Rp40000 + pancong nutella l 21000 + abon gulung rp 15500";"[{""product"":""roti nana kelapa"",""quantity"":2,""price"":40000,""total_price"":80000},{""product"":""pancong nutella l"",""quantity"":1,""price"":21000,""total_price"":21000},{""product"":""abon gulung"",""quantity"":1,""price"":15500,""total_price"":15500}]";"roti nana kelapa:2:40000|pancong nutella l:1:21000|abon gulung:1:15500";"3";"116500"
"dorayaki isi coklat 24500";"[{""product"":""dorayaki isi coklat"",""quantity"":1,""price"":24500,""total_price"":24500}]";"dorayaki isi coklat:1:24500";"1";"24500"
"wkwk satu jus apel jumbo rp 7500";"[{""product"":""jus apel jumbo"",""quantity"":1,""price"":7500,""total_price"":7500}]";"jus apel jumbo:1:7500";"1";"7500"
"wkwk butterscoth latte ice 40000 sama 2 mie ayam pangsit jumbo Rp48500 sama tiga smoke beef jumbo Rp7000";"[{""product"":""butterscoth latte ice"",""quantity"":1,""price"":40000,""total_price"":40000},{""product"":""mie ayam pangsit jumbo"",""quantity"":2,""price"":48500,""total_price"":97000},{""product"":""smoke beef jumbo"",""quantity"":3,""price"":7000,""total_price"":21000}]";"butterscoth latte ice:1:40000|mie ayam pangsit jumbo:2:48500|smoke beef jumbo:3:7000";"3";"158000"
"2 porsi cocopandan squash rp 26000 dan iced strawberry cafe latte rp 22000 dan 1 ayam clbk sayap 22500";"[{""product"":""cocopandan squash"",""quantity"":2,""price"":26000,""total_price"":52000},{""product"":""iced strawberry cafe latte"",""quantity"":1,""price"":22000,""total_price"":22000},{""product"":""ayam clbk sayap"",""quantity"":1,""price"":22500,""total_price"":22500}]";"cocopandan squash:2:26000|iced strawberry cafe latte:1:22000|ayam clbk sayap:1:22500";"3";"96500"
"2 porsi otak otak Rp34000 sama roti kukus butter sugar set 20500";"[{""product"":""otak otak"",""quantity"":2,""price"":34000,""total_price"":68000},{""product"":""roti kukus butter sugar set"",""quantity"":1,""price"":20500,""total_price"":20500}]";"otak otak:2:34000|roti kukus butter sugar set:1:20500";"2";"88500"
"kak satu biscuit cream Rp7000";"[{""product"":""biscuit cream"",""quantity"":1,""price"":7000,""total_price"":7000}]";"biscuit cream:1:7000";"1";"7000"
"kak 1 corndog mosis mozarella sosis rp 33000 + seporsi creme brulee souffle rp 14500";"[{""product"":""corndog mosis mozarella sosis"",""quantity"":1,""price"":33000,""total_price"":33000},{""product"":""creme brulee souffle"",""quantity"":1,""price"":14500,""total_price"":14500}]";"corndog mosis mozarella sosis:1:33000|creme brulee souffle:1:14500";"2";"47500"
"kak satu bubur sumsum rp 22500";"[{""product"":""bubur sumsum"",""quantity"":1,""price"":22500,""total_price"":22500}]";"bubur sumsum:1:22500";"1";"22500"
"wkwk satu pizza Rp14000";"[{""product"":""pizza"",""quantity"":1,""price"":14000,""total_price"":14000}]";"pizza:1:14000";"1";"14000"
"wkwk 5 lumpia udang kulit tahu 41500 dan es kopi sendu rp 16500";"[{""product"":""lumpia udang kulit tahu"",""quantity"":5,""price"":41500,""total_price"":207500},{""product"":""es kopi sendu"",""quantity"":1,""price"":16500,""total_price"":16500}]";"lumpia udang kulit tahu:5:41500|es kopi sendu:1:16500";"2";"224000"
"2 cappucino ice Rp41500 sama 4 chocolate loaf rp 2500";"[{""product"":""cappucino ice"",""quantity"":2,""price"":41500,""total_price"":83000},{""product"":""chocolate loaf"",""quantity"":4,""price"":2500,""total_price"":10000}]";"cappucino ice:2:41500|chocolate loaf:4:2500";"2";"93000"
"seporsi bakmi bebek peking 36000";"[{""product"":""bakmi bebek peking"",""quantity"":1,""price"":36000,""total_price"":36000}]";"bakmi bebek peking:1:36000";"1";"36000"
"kak seporsi kari merah sapi 48500";"[{""product"":""kari merah sapi"",""quantity"":1,""price"":48500,""total_price"":48500}]";"kari merah sapi:1:48500";"1";"48500"
"wkwk nasi tempe Rp5500 + seporsi teh hijau tarik panas 41500";"[{""product"":""nasi tempe"",""quantity"":1,""price"":5500,""total_price"":5500},{""product"":""teh hijau tarik panas"",""quantity"":1,""price"":41500,""total_price"":41500}]";"nasi tempe:1:5500|teh hijau tarik panas:1:41500";"2";"47000"
"2 porsi brownies choco marble Rp25000 sama 3 orange jelly rp 20500 sama tiga ketan lupis rp 16500";"[{""product"":""brownies choco marble"",""quantity"":2,""price"":25000,""total_price"":50000},{""product"":""orange jelly"",""quantity"":3,""price"":20500,""total_price"":61500},{""product"":""ketan lupis"",""quantity"":3,""price"":16500,""total_price"":49500}]";"brownies choco marble:2:25000|orange jelly:3:20500|ketan lupis:3:16500";"3";"161000"
"kak telor sosis geprek sambal meringis Rp34000";"[{""product"":""telor sosis geprek sambal meringis"",""quantity"":1,""price"":34000,""total_price"":34000}]";"telor sosis geprek sambal meringis:1:34000";"1";"34000"
"wkwk 4 juice apel Rp23000";"[{""product"":""juice apel"",""quantity"":4,""price"":23000,""total_price"":92000}]";"juice apel:4:23000";"1";"92000"
"dua mojito cherry Rp42000";"[{""product"":""mojito cherry"",""quantity"":2,""price"":42000,""total_price"":84000}]";"mojito cherry:2:42000";"1";"84000"
"wkwk dua bomboloni strawberry rp 3500";"[{""product"":""bomboloni strawberry"",""quantity"":2,""price"":3500,""total_price"":7000}]";"bomboloni strawberry:2:3500";"1";"7000"
"kak 2 otak  otak bakar Rp48500";"[{""product"":""otak  otak bakar"",""quantity"":2,""price"":48500,""total_price"":97000}]";"otak  otak bakar:2:48500";"1";"97000"
"1 ichiban fruity rp 29000 + 5 pop es alpukat cincau 30500";"[{""product"":""ichiban fruity"",""quantity"":1,""price"":29000,""total_price"":29000},{""product"":""pop es alpukat cincau"",""quantity"":5,""price"":30500,""total_price"":152500}]";"ichiban fruity:1:29000|pop es alpukat cincau:5:30500";"2";"181500"
"kak 2 tipis kering coklat susu Rp10500";"[{""product"":""tipis kering coklat susu"",""quantity"":2,""price"":10500,""total_price"":21000}]";"tipis kering coklat susu:2:10500";"1";"21000"
"kak 5 crepes coklat oreo 43500 + 4 red velvet cheese bubble drink rp 22000";"[{""product"":""crepes coklat oreo"",""quantity"":5,""price"":43500,""total_price"":217500},{""product"":""red velvet cheese bubble drink"",""quantity"":4,""price"":22000,""total_price"":88000}]";"crepes coklat oreo:5:43500|red velvet cheese bubble drink:4:22000";"2";"305500"
"wkwk 3 matcha mocha 48500";"[{""product"":""matcha mocha"",""quantity"":3,""price"":48500,""total_price"":145500}]";"matcha mocha:3:48500";"1";"145500"
"lovers rp 8500 dan roti cuplis lemon 41000 dan 2 porsi kitkat full toping reguler rp 38000";"[{""product"":""lovers"",""quantity"":1,""price"":8500,""total_price"":8500},{""product"":""roti cuplis lemon"",""quantity"":1,""price"":41000,""total_price"":41000},{""product"":""kitkat full toping reguler"",""quantity"":2,""price"":38000,""total_price"":76000}]";"lovers:1:8500|roti cuplis lemon:1:41000|kitkat full toping reguler:2:38000";"3";"125500"
"wkwk dua nasi campur komplit rp 10500 dan seporsi cah kangkung terasi rp 32000";"[{""product"":""nasi campur komplit"",""quantity"":2,""price"":10500,""total_price"":21000},{""product"":""cah kangkung terasi"",""quantity"":1,""price"":32000,""total_price"":32000}]";"nasi campur komplit:2:10500|cah kangkung terasi:1:32000";"2";"53000"
"kak soto campur pisah telur mudajeroan Rp16000 + sei sapi ricarica 19000";"[{""product"":""soto campur pisah telur mudajeroan"",""quantity"":1,""price"":16000,""total_price"":16000},{""product"":""sei sapi ricarica"",""quantity"":1,""price"":19000,""total_price"":19000}]";"soto campur pisah telur mudajeroan:1:16000|sei sapi ricarica:1:19000";"2";"35000"
"wkwk 4 hazelnut gelato 41000 + satu brown sugar with fresh milk rp 31000 + tiga es teh manis jumbo rp 27500";"[{""product"":""hazelnut gelato"",""quantity"":4,""price"":41000,""total_price"":164000},{""product"":""brown sugar with fresh milk"",""quantity"":1,""price"":31000,""total_price"":31000},{""product"":""es teh manis jumbo"",""quantity"":3,""price"":27500,""total_price"":82500}]";"hazelnut gelato:4:41000|brown sugar with fresh milk:1:31000|es teh manis jumbo:3:27500";"3";"277500"
"seporsi teri balado masakan rp 4000";"[{""product"":""teri balado masakan"",""quantity"":1,""price"":4000,""total_price"":4000}]";"teri balado masakan:1:4000";"1";"4000"
"wkwk 3 beras ketan putih tape rp 35000";"[{""product"":""beras ketan putih tape"",""quantity"":3,""price"":35000,""total_price"":105000}]";"beras ketan putih tape:3:35000";"1";"105000"
"wkwk seporsi onigiri tuna mayo 5000";"[{""product"":""onigiri tuna mayo"",""quantity"":1,""price"":5000,""total_price"":5000}]";"onigiri tuna mayo:1:5000";"1";"5000"
"wkwk dua lumpia pisang keju susu 31500";"[{""product"":""lumpia pisang keju susu"",""quantity"":2,""price"":31500,""total_price"":63000}]";"lumpia pisang keju susu:2:31500";"1";"63000"
"kak 4 blue ocean 43000 + seporsi tahu kribo 34000";"[{""product"":""blue ocean"",""quantity"":4,""price"":43000,""total_price"":172000},{""product"":""tahu kribo"",""quantity"":1,""price"":34000,""total_price"":34000}]";"blue ocean:4:43000|tahu kribo:1:34000";"2";"206000"
"wkwk satu otako ayam 3500";"[{""product"":""otako ayam"",""quantity"":1,""price"":3500,""total_price"":3500}]";"otako ayam:1:3500";"1";"3500"
"hangang corn dog cadbury rp 46000 dan 2 porsi salmon cheese roll rp 12000";"[{""product"":""hangang corn dog cadbury"",""quantity"":1,""price"":46000,""total_price"":46000},{""product"":""salmon cheese roll"",""quantity"":2,""price"":12000,""total_price"":24000}]";"hangang corn dog cadbury:1:46000|salmon cheese roll:2:12000";"2";"70000"
"wkwk 2 roti sobek coklat rp 35500";"[{""product"":""roti sobek coklat"",""quantity"":2,""price"":35500,""total_price"":71000}]";"roti sobek coklat:2:35500";"1";"71000"
"satu susu aren rp 4500 dan dua egg colours 38000";"[{""product"":""susu aren"",""quantity"":1,""price"":4500,""total_price"":4500},{""product"":""egg colours"",""quantity"":2,""price"":38000,""total_price"":76000}]";"susu aren:1:4500|egg colours:2:38000";"2";"80500"
"wkwk satu black pepper cheese burger Rp48500";"[{""product"":""black pepper cheese burger"",""quantity"":1,""price"":48500,""total_price"":48500}]";"black pepper cheese burger:1:48500";"1";"48500"
"5 corndog mozarella topping tiramisu Rp41500";"[{""product"":""corndog mozarella topping tiramisu"",""quantity"":5,""price"":41500,""total_price"":207500}]";"corndog mozarella topping tiramisu:5:41500";"1";"207500"
"1 spicy combo Rp40500";"[{""product"":""spicy combo"",""quantity"":1,""price"":40500,""total_price"":40500}]";"spicy combo:1:40500";"1";"40500"
"kak satu serat manggis rp 7000";"[{""product"":""serat manggis"",""quantity"":1,""price"":7000,""total_price"":7000}]";"serat manggis:1:7000";"1";"7000"
"seporsi toppoki original 37500";"[{""product"":""toppoki original"",""quantity"":1,""price"":37500,""total_price"":37500}]";"toppoki original:1:37500";"1";"37500"
"kak mozzarella  sosis  kentang rp 44500";"[{""product"":""mozzarella  sosis  kentang"",""quantity"":1,""price"":44500,""total_price"":44500}]";"mozzarella  sosis  kentang:1:44500";"1";"44500"
"kak caramel machiato latte 13000";"[{""product"":""caramel machiato latte"",""quantity"":1,""price"":13000,""total_price"":13000}]";"caramel machiato latte:1:13000";"1";"13000"
"5 wak fen kwetiau Rp4000 sama es teh nyawang lemon Rp22500";"[{""product"":""wak fen kwetiau"",""quantity"":5,""price"":4000,""total_price"":20000},{""product"":""es teh nyawang lemon"",""quantity"":1,""price"":22500,""total_price"":22500}]";"wak fen kwetiau:5:4000|es teh nyawang lemon:1:22500";"2";"42500"
"1 brown sugar boba Rp46000 + tiga lapis kukus taro rp 35500";"[{""product"":""brown sugar boba"",""quantity"":1,""price"":46000,""total_price"":46000},{""product"":""lapis kukus taro"",""quantity"":3,""price"":35500,""total_price"":106500}]";"brown sugar boba:1:46000|lapis kukus taro:3:35500";"2";"152500"
"kak bolen peuyeum keju rp 32500";"[{""product"":""bolen peuyeum keju"",""quantity"":1,""price"":32500,""total_price"":32500}]";"bolen peuyeum keju:1:32500";"1";"32500"
"seporsi kupie coklat blended rp 41500 + 1 rajungan segar Rp41000 + seporsi matcha dessert box Rp48500";"[{""product"":""kupie coklat blended"",""quantity"":1,""price"":41500,""total_price"":41500},{""product"":""rajungan segar"",""quantity"":1,""price"":41000,""total_price"":41000},{""product"":""matcha dessert box"",""quantity"":1,""price"":48500,""total_price"":48500}]";"kupie coklat blended:1:41500|rajungan segar:1:41000|matcha dessert box:1:48500";"3";"131000"
"wkwk 5 kwetiaw sapi 9500";"[{""product"":""kwetiaw sapi"",""quantity"":5,""price"":9500,""total_price"":47500}]";"kwetiaw sapi:5:9500";"1";"47500"
"satu homemade donut lotus 24000 + seporsi pizza petak rp 15500";"[{""product"":""homemade donut lotus"",""quantity"":1,""price"":24000,""total_price"":24000},{""product"":""pizza petak"",""quantity"":1,""price"":15500,""total_price"":15500}]";"homemade donut lotus:1:24000|pizza petak:1:15500";"2";"39500"
"seporsi brownies panggang almond Rp37000";"[{""product"":""brownies panggang almond"",""quantity"":1,""price"":37000,""total_price"":37000}]";"brownies panggang almond:1:37000";"1";"37000"
"wkwk 2 porsi mini blackforest Rp3500 sama 3 pancong blueberry jam rp 23000";"[{""product"":""mini blackforest"",""quantity"":2,""price"":3500,""total_price"":7000},{""product"":""pancong blueberry jam"",""quantity"":3,""price"":23000,""total_price"":69000}]";"mini blackforest:2:3500|pancong blueberry jam:3:23000";"2";"76000"
"kak crinkle cut fries rp 36000 sama tiga skewers enoki 28000";"[{""product"":""crinkle cut fries"",""quantity"":1,""price"":36000,""total_price"":36000},{""product"":""skewers enoki"",""quantity"":3,""price"":28000,""total_price"":84000}]";"crinkle cut fries:1:36000|skewers enoki:3:28000";"2";"120000"
"kak 1 martabak tipker lotus biscoff rp 15000";"[{""product"":""martabak tipker lotus biscoff"",""quantity"":1,""price"":15000,""total_price"":15000}]";"martabak tipker lotus biscoff:1:15000";"1";"15000"
"kak 5 nasi ayam crispy criuk rp 3500 + satu brownies 42000";"[{""product"":""nasi ayam crispy criuk"",""quantity"":5,""price"":3500,""total_price"":17500},{""product"":""brownies"",""quantity"":1,""price"":42000,""total_price"":42000}]";"nasi ayam crispy criuk:5:3500|brownies:1:42000";"2";"59500"
"kak tiga cireng kebun Rp47000";"[{""product"":""cireng kebun"",""quantity"":3,""price"":47000,""total_price"":141000}]";"cireng kebun:3:47000";"1";"141000"
"wkwk 1 caramel choco hot Rp25500";"[{""product"":""caramel choco hot"",""quantity"":1,""price"":25500,""total_price"":25500}]";"caramel choco hot:1:25500";"1";"25500"
"wkwk es strawberry whip love l 14500";"[{""product"":""es strawberry whip love l"",""quantity"":1,""price"":14500,""total_price"":14500}]";"es strawberry whip love l:1:14500";"1";"14500"
"wkwk 4 smoked beef  cheese panini Rp14000";"[{""product"":""smoked beef  cheese panini"",""quantity"":4,""price"":14000,""total_price"":56000}]";"smoked beef  cheese panini:4:14000";"1";"56000"
"wkwk mango magic rp 35000 sama 2 mie gobyoss pentol daging 15000";"[{""product"":""mango magic"",""quantity"":1,""price"":35000,""total_price"":35000},{""product"":""mie gobyoss pentol daging"",""quantity"":2,""price"":15000,""total_price"":30000}]";"mango magic:1:35000|mie gobyoss pentol daging:2:15000";"2";"65000"
"taro milky Rp45500 + 3 cimory squeeze peach 23000";"[{""product"":""taro milky"",""quantity"":1,""price"":45500,""total_price"":45500},{""product"":""cimory squeeze peach"",""quantity"":3,""price"":23000,""total_price"":69000}]";"taro milky:1:45500|cimory squeeze peach:3:23000";"2";"114500"
"wkwk satu marie crusher 42500 + tiga baked salmon mentai Rp14500";"[{""product"":""marie crusher"",""quantity"":1,""price"":42500,""total_price"":42500},{""product"":""baked salmon mentai"",""quantity"":3,""price"":14500,""total_price"":43500}]";"marie crusher:1:42500|baked salmon mentai:3:14500";"2";"86000"
"wkwk dua roti bolognese 11500";"[{""product"":""roti bolognese"",""quantity"":2,""price"":11500,""total_price"":23000}]";"roti bolognese:2:11500";"1";"23000"
"kak 1 vanilla sky Rp36500";"[{""product"":""vanilla sky"",""quantity"":1,""price"":36500,""total_price"":36500}]";"vanilla sky:1:36500";"1";"36500"
"kak 1 kripik tempe goreng Rp6500";"[{""product"":""kripik tempe goreng"",""quantity"":1,""price"":6500,""total_price"":6500}]";"kripik tempe goreng:1:6500";"1";"6500"
"black jasmine 45000";"[{""product"":""black jasmine"",""quantity"":1,""price"":45000,""total_price"":45000}]";"black jasmine:1:45000";"1";"45000"
"kak seporsi rainbow cake rp 40000";"[{""product"":""rainbow cake"",""quantity"":1,""price"":40000,""total_price"":40000}]";"rainbow cake:1:40000";"1";"40000"
"1 nasi ayam rica rica Rp47500 dan 2 porsi margherita medium rp 7000";"[{""product"":""nasi ayam rica rica"",""quantity"":1,""price"":47500,""total_price"":47500},{""product"":""margherita medium"",""quantity"":2,""price"":7000,""total_price"":14000}]";"nasi ayam rica rica:1:47500|margherita medium:2:7000";"2";"61500"
"seporsi sea food medium 43000 + dua chicken double 32000";"[{""product"":""sea food medium"",""quantity"":1,""price"":43000,""total_price"":43000},{""product"":""chicken double"",""quantity"":2,""price"":32000,""total_price"":64000}]";"sea food medium:1:43000|chicken double:2:32000";"2";"107000"
"wkwk seporsi nasi goreng jawa udang Rp44500";"[{""product"":""nasi goreng jawa udang"",""quantity"":1,""price"":44500,""total_price"":44500}]";"nasi goreng jawa udang:1:44500";"1";"44500"
"satu brown sugar coffee ukuran m Rp32500";"[{""product"":""brown sugar coffee ukuran m"",""quantity"":1,""price"":32500,""total_price"":32500}]";"brown sugar coffee ukuran m:1:32500";"1";"32500"
"wkwk combo duo rp 22500 + 1 sumpia Rp21000";"[{""product"":""combo duo"",""quantity"":1,""price"":22500,""total_price"":22500},{""product"":""sumpia"",""quantity"":1,""price"":21000,""total_price"":21000}]";"combo duo:1:22500|sumpia:1:21000";"2";"43500"
"wkwk satu jamur tiram tumis teri 26500";"[{""product"":""jamur tiram tumis teri"",""quantity"":1,""price"":26500,""total_price"":26500}]";"jamur tiram tumis teri:1:26500";"1";"26500"
"kak satu red velvet milktea rp 36500 + 2 risol daging 44000";"[{""product"":""red velvet milktea"",""quantity"":1,""price"":36500,""total_price"":36500},{""product"":""risol daging"",""quantity"":2,""price"":44000,""total_price"":88000}]";"red velvet milktea:1:36500|risol daging:2:44000";"2";"124500"
"sop ampela rp 22500";"[{""product"":""sop ampela"",""quantity"":1,""price"":22500,""total_price"":22500}]";"sop ampela:1:22500";"1";"22500"
"wkwk pepo blossom rp 45500";"[{""product"":""pepo blossom"",""quantity"":1,""price"":45500,""total_price"":45500}]";"pepo blossom:1:45500";"1";"45500"
"bolu sunkist rp 39000";"[{""product"":""bolu sunkist"",""quantity"":1,""price"":39000,""total_price"":39000}]";"bolu sunkist:1:39000";"1";"39000"
"kak seporsi sababay reserve red Rp38500 + 1 telor dadarceplok Rp45500";"[{""product"":""sababay reserve red"",""quantity"":1,""price"":38500,""total_price"":38500},{""product"":""telor dadarceplok"",""quantity"":1,""price"":45500,""total_price"":45500}]";"sababay reserve red:1:38500|telor dadarceplok:1:45500";"2";"84000"
"dua rice sausage rp 7500";"[{""product"":""rice sausage"",""quantity"":2,""price"":7500,""total_price"":15000}]";"rice sausage:2:7500";"1";"15000"
"wkwk penfolds koonunga hill c sauvignon Rp2000 + dua combo duo hot korean bbq rp 9000 + 3 large fries rp 17000";"[{""product"":""penfolds koonunga hill c sauvignon"",""quantity"":1,""price"":2000,""total_price"":2000},{""product"":""combo duo hot korean bbq"",""quantity"":2,""price"":9000,""total_price"":18000},{""product"":""large fries"",""quantity"":3,""price"":17000,""total_price"":51000}]";"penfolds koonunga hill c sauvignon:1:2000|combo duo hot korean bbq:2:9000|large fries:3:17000";"3";"71000"
"kak satu ocean blue 36500";"[{""product"":""ocean blue"",""quantity"":1,""price"":36500,""total_price"":36500}]";"ocean blue:1:36500";"1";"36500"
"wkwk satu fresh milk avocado 28500";"[{""product"":""fresh milk avocado"",""quantity"":1,""price"":28500,""total_price"":28500}]";"fresh milk avocado:1:28500";"1";"28500"
"wkwk ayam didehdarah segar rp 11000";"[{""product"":""ayam didehdarah segar"",""quantity"":1,""price"":11000,""total_price"":11000}]";"ayam didehdarah segar:1:11000";"1";"11000"
"kak cripsy chicken cheese rp 31000";"[{""product"":""cripsy chicken cheese"",""quantity"":1,""price"":31000,""total_price"":31000}]";"cripsy chicken cheese:1:31000";"1";"31000"
"kak satu salad udang dg cumi cumi rp 26500 sama 1 sup shanghai 29000";"[{""product"":""salad udang dg cumi cumi"",""quantity"":1,""price"":26500,""total_price"":26500},{""product"":""sup shanghai"",""quantity"":1,""price"":29000,""total_price"":29000}]";"salad udang dg cumi cumi:1:26500|sup shanghai:1:29000";"2";"55500"
"wkwk seporsi indomie ayam bbq Rp38500 dan 1 stargazing rp 38000";"[{""product"":""indomie ayam bbq"",""quantity"":1,""price"":38500,""total_price"":38500},{""product"":""stargazing"",""quantity"":1,""price"":38000,""total_price"":38000}]";"indomie ayam bbq:1:38500|stargazing:1:38000";"2";"76500"
"cah tauge ikan teri rp 31500";"[{""product"":""cah tauge ikan teri"",""quantity"":1,""price"":31500,""total_price"":31500}]";"cah tauge ikan teri:1:31500";"1";"31500"
"kak seporsi cassavastick rp 44000 sama 5 jeju iced tea rp 45500";"[{""product"":""cassavastick"",""quantity"":1,""price"":44000,""total_price"":44000},{""product"":""jeju iced tea"",""quantity"":5,""price"":45500,""total_price"":227500}]";"cassavastick:1:44000|jeju iced tea:5:45500";"2";"271500"
"wkwk dua mix mini cup cake rp 31000 sama satu tepung beras Rp38500";"[{""product"":""mix mini cup cake"",""quantity"":2,""price"":31000,""total_price"":62000},{""product"":""tepung beras"",""quantity"":1,""price"":38500,""total_price"":38500}]";"mix mini cup cake:2:31000|tepung beras:1:38500";"2";"100500"
"wkwk lasagna rp 48500 + dua kwetiau penang seafood goreng belacan 5500 + 2 porsi es koko krunch large rp 12500";"[{""product"":""lasagna"",""quantity"":1,""price"":48500,""total_price"":48500},{""product"":""kwetiau penang seafood goreng belacan"",""quantity"":2,""price"":5500,""total_price"":11000},{""product"":""es koko krunch large"",""quantity"":2,""price"":12500,""total_price"":25000}]";"lasagna:1:48500|kwetiau penang seafood goreng belacan:2:5500|es koko krunch large:2:12500";"3";"84500"
"kundur lemon Rp19500 + seporsi sobek kentang keju Rp19500";"[{""product"":""kundur lemon"",""quantity"":1,""price"":19500,""total_price"":19500},{""product"":""sobek kentang keju"",""quantity"":1,""price"":19500,""total_price"":19500}]";"kundur lemon:1:19500|sobek kentang keju:1:19500";"2";"39000"
"wkwk 4 es sirup marjan leci Rp44000";"[{""product"":""es sirup marjan leci"",""quantity"":4,""price"":44000,""total_price"":176000}]";"es sirup marjan leci:4:44000";"1";"176000"
"seporsi import beans Rp4000";"[{""product"":""import beans"",""quantity"":1,""price"":4000,""total_price"":4000}]";"import beans:1:4000";"1";"4000"
"kak tiga donut fancy 26500";"[{""product"":""donut fancy"",""quantity"":3,""price"":26500,""total_price"":79500}]";"donut fancy:3:26500";"1";"79500"
"wkwk satu es kawista 5000 sama 2 hot hazlenut latte Rp5000";"[{""product"":""es kawista"",""quantity"":1,""price"":5000,""total_price"":5000},{""product"":""hot hazlenut latte"",""quantity"":2,""price"":5000,""total_price"":10000}]";"es kawista:1:5000|hot hazlenut latte:2:5000";"2";"15000"
"wkwk seporsi telur gulung nuget Rp47000";"[{""product"":""telur gulung nuget"",""quantity"":1,""price"":47000,""total_price"":47000}]";"telur gulung nuget:1:47000";"1";"47000"
"wkwk rice sausage rp 26000";"[{""product"":""rice sausage"",""quantity"":1,""price"":26000,""total_price"":26000}]";"rice sausage:1:26000";"1";"26000"
"wkwk 4 bella cullen Rp29500 dan 2 porsi chicken fillet Rp19000";"[{""product"":""bella cullen"",""quantity"":4,""price"":29500,""total_price"":118000},{""product"":""chicken fillet"",""quantity"":2,""price"":19000,""total_price"":38000}]";"bella cullen:4:29500|chicken fillet:2:19000";"2";"156000"
"kak seporsi original chungkybar 49500";"[{""product"":""original chungkybar"",""quantity"":1,""price"":49500,""total_price"":49500}]";"original chungkybar:1:49500";"1";"49500"
"wkwk seporsi gendar goreng 46000";"[{""product"":""gendar goreng"",""quantity"":1,""price"":46000,""total_price"":46000}]";"gendar goreng:1:46000";"1";"46000"
"kak 3 avocado chocolatea large 28000";"[{""product"":""avocado chocolatea large"",""quantity"":3,""price"":28000,""total_price"":84000}]";"avocado chocolatea large:3:28000";"1";"84000"
"dua naget vanilla rp 14000 + ice kacang rp 5500";"[{""product"":""naget vanilla"",""quantity"":2,""price"":14000,""total_price"":28000},{""product"":""ice kacang"",""quantity"":1,""price"":5500,""total_price"":5500}]";"naget vanilla:2:14000|ice kacang:1:5500";"2";"33500"
"kak 3 cocolapa 26000 dan 2 porsi capucinno smoothies 38000";"[{""product"":""cocolapa"",""quantity"":3,""price"":26000,""total_price"":78000},{""product"":""capucinno smoothies"",""quantity"":2,""price"":38000,""total_price"":76000}]";"cocolapa:3:26000|capucinno smoothies:2:38000";"2";"154000"
"wkwk 2 sayur bayam Rp42500";"[{""product"":""sayur bayam"",""quantity"":2,""price"":42500,""total_price"":85000}]";"sayur bayam:2:42500";"1";"85000"
"wkwk mie atjeh spesial otako Rp19500 sama dua kangkung goreng krispi 26500";"[{""product"":""mie atjeh spesial otako"",""quantity"":1,""price"":19500,""total_price"":19500},{""product"":""kangkung goreng krispi"",""quantity"":2,""price"":26500,""total_price"":53000}]";"mie atjeh spesial otako:1:19500|kangkung goreng krispi:2:26500";"2";"72500"
"1 bsb vanila Rp41000";"[{""product"":""bsb vanila"",""quantity"":1,""price"":41000,""total_price"":41000}]";"bsb vanila:1:41000";"1";"41000"
"kak satu daebak cheezy hot chicken wings rp 15500";"[{""product"":""daebak cheezy hot chicken wings"",""quantity"":1,""price"":15500,""total_price"":15500}]";"daebak cheezy hot chicken wings:1:15500";"1";"15500"
"kastengel rp 30500 + chiffon pandan slice Rp11500 + 2 bbq steakhouse whopper Rp4000";"[{""product"":""kastengel"",""quantity"":1,""price"":30500,""total_price"":30500},{""product"":""chiffon pandan slice"",""quantity"":1,""price"":11500,""total_price"":11500},{""product"":""bbq steakhouse whopper"",""quantity"":2,""price"":4000,""total_price"":8000}]";"kastengel:1:30500|chiffon pandan slice:1:11500|bbq steakhouse whopper:2:4000";"3";"50000"
"wkwk seporsi original hotdog Rp47000";"[{""product"":""original hotdog"",""quantity"":1,""price"":47000,""total_price"":47000}]";"original hotdog:1:47000";"1";"47000"
"wkwk 1 bubble rp 26500";"[{""product"":""bubble"",""quantity"":1,""price"":26500,""total_price"":26500}]";"bubble:1:26500";"1";"26500"
"kak satu nasi campur adam 27500";"[{""product"":""nasi campur adam"",""quantity"":1,""price"":27500,""total_price"":27500}]";"nasi campur adam:1:27500";"1";"27500"
"wkwk tiga tenderloin crispy Rp7000";"[{""product"":""tenderloin crispy"",""quantity"":3,""price"":7000,""total_price"":21000}]";"tenderloin crispy:3:7000";"1";"21000"
"wkwk udang cha jamur 44000";"[{""product"":""udang cha jamur"",""quantity"":1,""price"":44000,""total_price"":44000}]";"udang cha jamur:1:44000";"1";"44000"
"kak dua choco cola 33000";"[{""product"":""choco cola"",""quantity"":2,""price"":33000,""total_price"":66000}]";"choco cola:2:33000";"1";"66000"
"kak cue selar kuning Rp33000 sama seporsi bebek goreng abang Rp43000";"[{""product"":""cue selar kuning"",""quantity"":1,""price"":33000,""total_price"":33000},{""product"":""bebek goreng abang"",""quantity"":1,""price"":43000,""total_price"":43000}]";"cue selar kuning:1:33000|bebek goreng abang:1:43000";"2";"76000"
"ayam panggang rp 27500 + beef bulgogi 45000 + 3 milo bomb s 49000";"[{""product"":""ayam panggang"",""quantity"":1,""price"":27500,""total_price"":27500},{""product"":""beef bulgogi"",""quantity"":1,""price"":45000,""total_price"":45000},{""product"":""milo bomb s"",""quantity"":3,""price"":49000,""total_price"":147000}]";"ayam panggang:1:27500|beef bulgogi:1:45000|milo bomb s:3:49000";"3";"219500"
"kak seporsi ayam tiga rasa 4500";"[{""product"":""ayam tiga rasa"",""quantity"":1,""price"":4500,""total_price"":4500}]";"ayam tiga rasa:1:4500";"1";"4500"
"kak dua es nutri sariblewah Rp8000";"[{""product"":""es nutri sariblewah"",""quantity"":2,""price"":8000,""total_price"":16000}]";"es nutri sariblewah:2:8000";"1";"16000"
"wkwk brem rp 6000 sama tiga choco cheese with coca cola rp 23500";"[{""product"":""brem"",""quantity"":1,""price"":6000,""total_price"":6000},{""product"":""choco cheese with coca cola"",""quantity"":3,""price"":23500,""total_price"":70500}]";"brem:1:6000|choco cheese with coca cola:3:23500";"2";"76500"
"topping chocolatte rp 4500";"[{""product"":""topping chocolatte"",""quantity"":1,""price"":4500,""total_price"":4500}]";"topping chocolatte:1:4500";"1";"4500"
"wkwk kiwi  pineapple m rp 12500";"[{""product"":""kiwi  pineapple m"",""quantity"":1,""price"":12500,""total_price"":12500}]";"kiwi  pineapple m:1:12500";"1";"12500"
"kak 4 jamur tiram goreng tepung 10500";"[{""product"":""jamur tiram goreng tepung"",""quantity"":4,""price"":10500,""total_price"":42000}]";"jamur tiram goreng tepung:4:10500";"1";"42000"
"drumband ramen 7000";"[{""product"":""drumband ramen"",""quantity"":1,""price"":7000,""total_price"":7000}]";"drumband ramen:1:7000";"1";"7000"
"2 krupuk puli rp 11000 + 2 porsi pokat kerok milo 30500 + 1 set kaya butter french toast rp 41000";"[{""product"":""krupuk puli"",""quantity"":2,""price"":11000,""total_price"":22000},{""product"":""pokat kerok milo"",""quantity"":2,""price"":30500,""total_price"":61000},{""product"":""set kaya butter french toast"",""quantity"":1,""price"":41000,""total_price"":41000}]";"krupuk puli:2:11000|pokat kerok milo:2:30500|set kaya butter french toast:1:41000";"3";"124000"
"dua carbonara Rp24000";"[{""product"":""carbonara"",""quantity"":2,""price"":24000,""total_price"":48000}]";"carbonara:2:24000";"1";"48000"
"kak 5 classic blueberry Rp41500";"[{""product"":""classic blueberry"",""quantity"":5,""price"":41500,""total_price"":207500}]";"classic blueberry:5:41500";"1";"207500"
"kak 1 honey rosella tea 9000";"[{""product"":""honey rosella tea"",""quantity"":1,""price"":9000,""total_price"":9000}]";"honey rosella tea:1:9000";"1";"9000"
"wkwk 2 egg rp 5000";"[{""product"":""egg"",""quantity"":2,""price"":5000,""total_price"":10000}]";"egg:2:5000";"1";"10000"
"kak satu jus sirsak jumbo 4500";"[{""product"":""jus sirsak jumbo"",""quantity"":1,""price"":4500,""total_price"":4500}]";"jus sirsak jumbo:1:4500";"1";"4500"
"1 es susu rasa lecy rp 6500 dan tiga dumpling bakar rp 39500 dan satu banaku Rp14500";"[{""product"":""es susu rasa lecy"",""quantity"":1,""price"":6500,""total_price"":6500},{""product"":""dumpling bakar"",""quantity"":3,""price"":39500,""total_price"":118500},{""product"":""banaku"",""quantity"":1,""price"":14500,""total_price"":14500}]";"es susu rasa lecy:1:6500|dumpling bakar:3:39500|banaku:1:14500";"3";"139500"
"satu chicken katsu agedashi tofu bento Rp14500";"[{""product"":""chicken katsu agedashi tofu bento"",""quantity"":1,""price"":14500,""total_price"":14500}]";"chicken katsu agedashi tofu bento:1:14500";"1";"14500"
"kak sobat hangat 11000";"[{""product"":""sobat hangat"",""quantity"":1,""price"":11000,""total_price"":11000}]";"sobat hangat:1:11000";"1";"11000"
"wkwk nasi penyet lele Rp42000";"[{""product"":""nasi penyet lele"",""quantity"":1,""price"":42000,""total_price"":42000}]";"nasi penyet lele:1:42000";"1";"42000"
"2 baso aci asli garut 19500";"[{""product"":""baso aci asli garut"",""quantity"":2,""price"":19500,""total_price"":39000}]";"baso aci asli garut:2:19500";"1";"39000"
"2 es mango booster rp 20500";"[{""product"":""es mango booster"",""quantity"":2,""price"":20500,""total_price"":41000}]";"es mango booster:2:20500";"1";"41000"
"wkwk es kopi susu pisang 15500 + satu tuna panini 19500 + ikan asin teri goreng Rp49000";"[{""product"":""es kopi susu pisang"",""quantity"":1,""price"":15500,""total_price"":15500},{""product"":""tuna panini"",""quantity"":1,""price"":19500,""total_price"":19500},{""product"":""ikan asin teri goreng"",""quantity"":1,""price"":49000,""total_price"":49000}]";"es kopi susu pisang:1:15500|tuna panini:1:19500|ikan asin teri goreng:1:49000";"3";"84000"
"4 daun ubi kuning segar 28500";"[{""product"":""daun ubi kuning segar"",""quantity"":4,""price"":28500,""total_price"":114000}]";"daun ubi kuning segar:4:28500";"1";"114000"
"satu strawberry frappe Rp32500 + 3 battered dory fish regular 30500";"[{""product"":""strawberry frappe"",""quantity"":1,""price"":32500,""total_price"":32500},{""product"":""battered dory fish regular"",""quantity"":3,""price"":30500,""total_price"":91500}]";"strawberry frappe:1:32500|battered dory fish regular:3:30500";"2";"124000"
"wkwk personal mandhi iga sapi Rp17000 dan 2 ice cream jasmine tea rp 3000";"[{""product"":""personal mandhi iga sapi"",""quantity"":1,""price"":17000,""total_price"":17000},{""product"":""ice cream jasmine tea"",""quantity"":2,""price"":3000,""total_price"":6000}]";"personal mandhi iga sapi:1:17000|ice cream jasmine tea:2:3000";"2";"23000"
"kak 1 bakpao obakdaging kecap Rp47000 dan satu salmon floss rp 42000";"[{""product"":""bakpao obakdaging kecap"",""quantity"":1,""price"":47000,""total_price"":47000},{""product"":""salmon floss"",""quantity"":1,""price"":42000,""total_price"":42000}]";"bakpao obakdaging kecap:1:47000|salmon floss:1:42000";"2";"89000"
"kak tiga bubur ayam Rp35500 + olahan ikan isi keju rp 50000";"[{""product"":""bubur ayam"",""quantity"":3,""price"":35500,""total_price"":106500},{""product"":""olahan ikan isi keju"",""quantity"":1,""price"":50000,""total_price"":50000}]";"bubur ayam:3:35500|olahan ikan isi keju:1:50000";"2";"156500"
"kak 2 hokubee beef ramen Rp41500";"[{""product"":""hokubee beef ramen"",""quantity"":2,""price"":41500,""total_price"":83000}]";"hokubee beef ramen:2:41500";"1";"83000"
"wkwk 3 nasi goreng kecap Rp26500";"[{""product"":""nasi goreng kecap"",""quantity"":3,""price"":26500,""total_price"":79500}]";"nasi goreng kecap:3:26500";"1";"79500"
"nasi goreng special nongki rp 37500";"[{""product"":""nasi goreng special nongki"",""quantity"":1,""price"":37500,""total_price"":37500}]";"nasi goreng special nongki:1:37500";"1";"37500"
"kak 2 porsi indomie rebus biasa Rp50000 sama seporsi the classic cheese burger Rp15000 sama 2 chocolatte panas rp 22500";"[{""product"":""indomie rebus biasa"",""quantity"":2,""price"":50000,""total_price"":100000},{""product"":""the classic cheese burger"",""quantity"":1,""price"":15000,""total_price"":15000},{""product"":""chocolatte panas"",""quantity"":2,""price"":22500,""total_price"":45000}]";"indomie rebus biasa:2:50000|the classic cheese burger:1:15000|chocolatte panas:2:22500";"3";"160000"
"kak satu box of happiness rp 33000";"[{""product"":""box of happiness"",""quantity"":1,""price"":33000,""total_price"":33000}]";"box of happiness:1:33000";"1";"33000"
"kak 2 porsi telur ayam dadar Rp20500";"[{""product"":""telur ayam dadar"",""quantity"":2,""price"":20500,""total_price"":41000}]";"telur ayam dadar:2:20500";"1";"41000"
"tiga brown sugar large 7500 sama fresh milk kurma 20000";"[{""product"":""brown sugar large"",""quantity"":3,""price"":7500,""total_price"":22500},{""product"":""fresh milk kurma"",""quantity"":1,""price"":20000,""total_price"":20000}]";"brown sugar large:3:7500|fresh milk kurma:1:20000";"2";"42500"
"1 daun oyong segar rp 35000";"[{""product"":""daun oyong segar"",""quantity"":1,""price"":35000,""total_price"":35000}]";"daun oyong segar:1:35000";"1";"35000"
"wkwk 4 tipis kering keju kraft Rp24000";"[{""product"":""tipis kering keju kraft"",""quantity"":4,""price"":24000,""total_price"":96000}]";"tipis kering keju kraft:4:24000";"1";"96000"
"kak lalapan ikan lele Rp35000 sama dua fried chicken dada rp 39000";"[{""product"":""lalapan ikan lele"",""quantity"":1,""price"":35000,""total_price"":35000},{""product"":""fried chicken dada"",""quantity"":2,""price"":39000,""total_price"":78000}]";"lalapan ikan lele:1:35000|fried chicken dada:2:39000";"2";"113000"
"kak tiga teh tawar hangat Rp31000";"[{""product"":""teh tawar hangat"",""quantity"":3,""price"":31000,""total_price"":93000}]";"teh tawar hangat:3:31000";"1";"93000"
"wkwk 2 lychee tea medium 32500 sama satu es milk tea Rp5000";"[{""product"":""lychee tea medium"",""quantity"":2,""price"":32500,""total_price"":65000},{""product"":""es milk tea"",""quantity"":1,""price"":5000,""total_price"":5000}]";"lychee tea medium:2:32500|es milk tea:1:5000";"2";"70000"
"wkwk elbidaya regal affogato Rp47000 sama 2 porsi tepung kacang kedelai rp 11500 sama kue ku ketan 4500";"[{""product"":""elbidaya regal affogato"",""quantity"":1,""price"":47000,""total_price"":47000},{""product"":""tepung kacang kedelai"",""quantity"":2,""price"":11500,""total_price"":23000},{""product"":""kue ku ketan"",""quantity"":1,""price"":4500,""total_price"":4500}]";"elbidaya regal affogato:1:47000|tepung kacang kedelai:2:11500|kue ku ketan:1:4500";"3";"74500"
"wkwk 1 hazelnuty non coffee Rp44500";"[{""product"":""hazelnuty non coffee"",""quantity"":1,""price"":44500,""total_price"":44500}]";"hazelnuty non coffee:1:44500";"1";"44500"
"wkwk 5 the heart  of sea 9500";"[{""product"":""the heart  of sea"",""quantity"":5,""price"":9500,""total_price"":47500}]";"the heart  of sea:5:9500";"1";"47500"
"sambel ati rp 43000 + dua melon kosong rp 20500";"[{""product"":""sambel ati"",""quantity"":1,""price"":43000,""total_price"":43000},{""product"":""melon kosong"",""quantity"":2,""price"":20500,""total_price"":41000}]";"sambel ati:1:43000|melon kosong:2:20500";"2";"84000"
"wkwk 2 porsi roti choco yellow rp 32500 dan 4 milky regal regular 45000";"[{""product"":""roti choco yellow"",""quantity"":2,""price"":32500,""total_price"":65000},{""product"":""milky regal regular"",""quantity"":4,""price"":45000,""total_price"":180000}]";"roti choco yellow:2:32500|milky regal regular:4:45000";"2";"245000"
"kak 1 ice lime tea 22500";"[{""product"":""ice lime tea"",""quantity"":1,""price"":22500,""total_price"":22500}]";"ice lime tea:1:22500";"1";"22500"
"satu teh hijau cold 14500";"[{""product"":""teh hijau cold"",""quantity"":1,""price"":14500,""total_price"":14500}]";"teh hijau cold:1:14500";"1";"14500"
"wkwk satu caramel late rp 22000 dan 2 porsi susu caramel Rp5500";"[{""product"":""caramel late"",""quantity"":1,""price"":22000,""total_price"":22000},{""product"":""susu caramel"",""quantity"":2,""price"":5500,""total_price"":11000}]";"caramel late:1:22000|susu caramel:2:5500";"2";"33000"
"1 ramerame biryani iga sapi rp 20000 + satu nasi kari limasari nasi putih 30500";"[{""product"":""ramerame biryani iga sapi"",""quantity"":1,""price"":20000,""total_price"":20000},{""product"":""nasi kari limasari nasi putih"",""quantity"":1,""price"":30500,""total_price"":30500}]";"ramerame biryani iga sapi:1:20000|nasi kari limasari nasi putih:1:30500";"2";"50500"
"seporsi plater sosis rp 29000 dan dua roti coklat bulat rp 10500";"[{""product"":""plater sosis"",""quantity"":1,""price"":29000,""total_price"":29000},{""product"":""roti coklat bulat"",""quantity"":2,""price"":10500,""total_price"":21000}]";"plater sosis:1:29000|roti coklat bulat:2:10500";"2";"50000"
"wkwk 5 selai pisang rp 6000";"[{""product"":""selai pisang"",""quantity"":5,""price"":6000,""total_price"":30000}]";"selai pisang:5:6000";"1";"30000"
"kak seporsi kimchi jjigae rp 31500";"[{""product"":""kimchi jjigae"",""quantity"":1,""price"":31500,""total_price"":31500}]";"kimchi jjigae:1:31500";"1";"31500"
"kak satu nutrisari lemon tea Rp4500";"[{""product"":""nutrisari lemon tea"",""quantity"":1,""price"":4500,""total_price"":4500}]";"nutrisari lemon tea:1:4500";"1";"4500"
"wkwk 1 sate barbar ayam ala carte Rp11500";"[{""product"":""sate barbar ayam ala carte"",""quantity"":1,""price"":11500,""total_price"":11500}]";"sate barbar ayam ala carte:1:11500";"1";"11500"
"wkwk dua seblak telor tulang 28500 dan coffeemix susu Rp3500";"[{""product"":""seblak telor tulang"",""quantity"":2,""price"":28500,""total_price"":57000},{""product"":""coffeemix susu"",""quantity"":1,""price"":3500,""total_price"":3500}]";"seblak telor tulang:2:28500|coffeemix susu:1:3500";"2";"60500"
"kak seporsi nasi goreng belacan Rp29500";"[{""product"":""nasi goreng belacan"",""quantity"":1,""price"":29500,""total_price"":29500}]";"nasi goreng belacan:1:29500";"1";"29500"
"wkwk seporsi coco soursop 38500";"[{""product"":""coco soursop"",""quantity"":1,""price"":38500,""total_price"":38500}]";"coco soursop:1:38500";"1";"38500"
"seporsi dark chocolit jumbo Rp10500";"[{""product"":""dark chocolit jumbo"",""quantity"":1,""price"":10500,""total_price"":10500}]";"dark chocolit jumbo:1:10500";"1";"10500"
"wkwk dua popcorn latte Rp5000";"[{""product"":""popcorn latte"",""quantity"":2,""price"":5000,""total_price"":10000}]";"popcorn latte:2:5000";"1";"10000"
"kak butterfly garlic Rp8000 sama 1 sweet chick Rp36500";"[{""product"":""butterfly garlic"",""quantity"":1,""price"":8000,""total_price"":8000},{""product"":""sweet chick"",""quantity"":1,""price"":36500,""total_price"":36500}]";"butterfly garlic:1:8000|sweet chick:1:36500";"2";"44500"
"nasi goreng dagingtelor 11000";"[{""product"":""nasi goreng dagingtelor"",""quantity"":1,""price"":11000,""total_price"":11000}]";"nasi goreng dagingtelor:1:11000";"1";"11000"
"1 soda 8500";"[{""product"":""soda"",""quantity"":1,""price"":8500,""total_price"":8500}]";"soda:1:8500";"1";"8500"
"kak 2 porsi fresh milk strawberry rp 41000";"[{""product"":""fresh milk strawberry"",""quantity"":2,""price"":41000,""total_price"":82000}]";"fresh milk strawberry:2:41000";"1";"82000"
"kak 1 chocostick Rp9000 sama 3 pop es alpukat cincau Rp32500";"[{""product"":""chocostick"",""quantity"":1,""price"":9000,""total_price"":9000},{""product"":""pop es alpukat cincau"",""quantity"":3,""price"":32500,""total_price"":97500}]";"chocostick:1:9000|pop es alpukat cincau:3:32500";"2";"106500"
"wkwk tiga roti cheese cream rp 13000";"[{""product"":""roti cheese cream"",""quantity"":3,""price"":13000,""total_price"":39000}]";"roti cheese cream:3:13000";"1";"39000"
"wkwk classic wings rice meal 46000 + 1 ice royal milk tea 15000";"[{""product"":""classic wings rice meal"",""quantity"":1,""price"":46000,""total_price"":46000},{""product"":""ice royal milk tea"",""quantity"":1,""price"":15000,""total_price"":15000}]";"classic wings rice meal:1:46000|ice royal milk tea:1:15000";"2";"61000"
"kak chocolate dessert box 50000 + 1 caesar pleaser mini rp 8500";"[{""product"":""chocolate dessert box"",""quantity"":1,""price"":50000,""total_price"":50000},{""product"":""caesar pleaser mini"",""quantity"":1,""price"":8500,""total_price"":8500}]";"chocolate dessert box:1:50000|caesar pleaser mini:1:8500";"2";"58500"
"kak 4 cleo Rp6000";"[{""product"":""cleo"",""quantity"":4,""price"":6000,""total_price"":24000}]";"cleo:4:6000";"1";"24000"
"wkwk 1 coffee tarik cincau iced 13500 + 2 hello gorgeous rp 7500";"[{""product"":""coffee tarik cincau iced"",""quantity"":1,""price"":13500,""total_price"":13500},{""product"":""hello gorgeous"",""quantity"":2,""price"":7500,""total_price"":15000}]";"coffee tarik cincau iced:1:13500|hello gorgeous:2:7500";"2";"28500"
"3 ekstra spicy bbq sauce rp 34000";"[{""product"":""ekstra spicy bbq sauce"",""quantity"":3,""price"":34000,""total_price"":102000}]";"ekstra spicy bbq sauce:3:34000";"1";"102000"
"kak 1 ayam goreng panas 20000 + teh susu coklat besar 48000";"[{""product"":""ayam goreng panas"",""quantity"":1,""price"":20000,""total_price"":20000},{""product"":""teh susu coklat besar"",""quantity"":1,""price"":48000,""total_price"":48000}]";"ayam goreng panas:1:20000|teh susu coklat besar:1:48000";"2";"68000"
"wkwk 1 fish stick Rp13500";"[{""product"":""fish stick"",""quantity"":1,""price"":13500,""total_price"":13500}]";"fish stick:1:13500";"1";"13500"
"satu icing sugar crispy donuth Rp9500";"[{""product"":""icing sugar crispy donuth"",""quantity"":1,""price"":9500,""total_price"":9500}]";"icing sugar crispy donuth:1:9500";"1";"9500"
"2 porsi nasi goreng ayam  pete 48000";"[{""product"":""nasi goreng ayam  pete"",""quantity"":2,""price"":48000,""total_price"":96000}]";"nasi goreng ayam  pete:2:48000";"1";"96000"
"kak seporsi olahan cumi Rp49000";"[{""product"":""olahan cumi"",""quantity"":1,""price"":49000,""total_price"":49000}]";"olahan cumi:1:49000";"1";"49000"
"wkwk satu petis udang kering 14000";"[{""product"":""petis udang kering"",""quantity"":1,""price"":14000,""total_price"":14000}]";"petis udang kering:1:14000";"1";"14000"
"wkwk 5 ayam geprek sambal tuktukpotong 45000";"[{""product"":""ayam geprek sambal tuktukpotong"",""quantity"":5,""price"":45000,""total_price"":225000}]";"ayam geprek sambal tuktukpotong:5:45000";"1";"225000"
"kak cappucinno rp 27500";"[{""product"":""cappucinno"",""quantity"":1,""price"":27500,""total_price"":27500}]";"cappucinno:1:27500";"1";"27500"
"kak 1 es kopi matcha 23500 sama satu brondong Rp9500";"[{""product"":""es kopi matcha"",""quantity"":1,""price"":23500,""total_price"":23500},{""product"":""brondong"",""quantity"":1,""price"":9500,""total_price"":9500}]";"es kopi matcha:1:23500|brondong:1:9500";"2";"33000"
"wkwk 2 porsi killiney kaya butter toast Rp27500";"[{""product"":""killiney kaya butter toast"",""quantity"":2,""price"":27500,""total_price"":55000}]";"killiney kaya butter toast:2:27500";"1";"55000"
"kak 1 pentol Rp31000 dan sobek cokelat combine 33000";"[{""product"":""pentol"",""quantity"":1,""price"":31000,""total_price"":31000},{""product"":""sobek cokelat combine"",""quantity"":1,""price"":33000,""total_price"":33000}]";"pentol:1:31000|sobek cokelat combine:1:33000";"2";"64000"
"tiga blend ice taro 45000";"[{""product"":""blend ice taro"",""quantity"":3,""price"":45000,""total_price"":135000}]";"blend ice taro:3:45000";"1";"135000"
"wkwk seporsi mie geprek bensu leleh rp 8000 dan 2 porsi donat cokelat Rp50000";"[{""product"":""mie geprek bensu leleh"",""quantity"":1,""price"":8000,""total_price"":8000},{""product"":""donat cokelat"",""quantity"":2,""price"":50000,""total_price"":100000}]";"mie geprek bensu leleh:1:8000|donat cokelat:2:50000";"2";"108000"
"kak satu spesial telor geprek Rp36500";"[{""product"":""spesial telor geprek"",""quantity"":1,""price"":36500,""total_price"":36500}]";"spesial telor geprek:1:36500";"1";"36500"
"wkwk 5 banroll taro Rp26500";"[{""product"":""banroll taro"",""quantity"":5,""price"":26500,""total_price"":132500}]";"banroll taro:5:26500";"1";"132500"
"wkwk bebek penyet  nasi 47000";"[{""product"":""bebek penyet  nasi"",""quantity"":1,""price"":47000,""total_price"":47000}]";"bebek penyet  nasi:1:47000";"1";"47000"
"wkwk 1 orange tea rp 38000";"[{""product"":""orange tea"",""quantity"":1,""price"":38000,""total_price"":38000}]";"orange tea:1:38000";"1";"38000"
"kak satu thanks a latte taro 37500";"[{""product"":""thanks a latte taro"",""quantity"":1,""price"":37500,""total_price"":37500}]";"thanks a latte taro:1:37500";"1";"37500"
"wkwk satu spaghetti quemami rp 41000";"[{""product"":""spaghetti quemami"",""quantity"":1,""price"":41000,""total_price"":41000}]";"spaghetti quemami:1:41000";"1";"41000"
"kak 1 bakso tumis doweeeeer Rp25000";"[{""product"":""bakso tumis doweeeeer"",""quantity"":1,""price"":25000,""total_price"":25000}]";"bakso tumis doweeeeer:1:25000";"1";"25000"
"wkwk satu mini almond choclate Rp24000";"[{""product"":""mini almond choclate"",""quantity"":1,""price"":24000,""total_price"":24000}]";"mini almond choclate:1:24000";"1";"24000"
"seporsi japanese roll cake choco rp 21500";"[{""product"":""japanese roll cake choco"",""quantity"":1,""price"":21500,""total_price"":21500}]";"japanese roll cake choco:1:21500";"1";"21500"
"wkwk lumpsang avocado rp 3000";"[{""product"":""lumpsang avocado"",""quantity"":1,""price"":3000,""total_price"":3000}]";"lumpsang avocado:1:3000";"1";"3000"
"kak satu psbb egg mayo 19000";"[{""product"":""psbb egg mayo"",""quantity"":1,""price"":19000,""total_price"":19000}]";"psbb egg mayo:1:19000";"1";"19000"
"satu matcha espresso cold rp 22500";"[{""product"":""matcha espresso cold"",""quantity"":1,""price"":22500,""total_price"":22500}]";"matcha espresso cold:1:22500";"1";"22500"
"seporsi herbs stick Rp44500";"[{""product"":""herbs stick"",""quantity"":1,""price"":44500,""total_price"":44500}]";"herbs stick:1:44500";"1";"44500"
"seporsi risoles smoked rp 6500";"[{""product"":""risoles smoked"",""quantity"":1,""price"":6500,""total_price"":6500}]";"risoles smoked:1:6500";"1";"6500"
"kak 5 lemon madu special rp 16000";"[{""product"":""lemon madu special"",""quantity"":5,""price"":16000,""total_price"":80000}]";"lemon madu special:5:16000";"1";"80000"
"wkwk seporsi cheezy fries 35500 + 1 milkis strawberry rp 24000";"[{""product"":""cheezy fries"",""quantity"":1,""price"":35500,""total_price"":35500},{""product"":""milkis strawberry"",""quantity"":1,""price"":24000,""total_price"":24000}]";"cheezy fries:1:35500|milkis strawberry:1:24000";"2";"59500"
"satu renggi goreng rp 27500 dan seporsi the og rp 31000";"[{""product"":""renggi goreng"",""quantity"":1,""price"":27500,""total_price"":27500},{""product"":""the og"",""quantity"":1,""price"":31000,""total_price"":31000}]";"renggi goreng:1:27500|the og:1:31000";"2";"58500"
"kak 1 tahu bolak balik rp 44000 sama 5 fragolata rp 19000";"[{""product"":""tahu bolak balik"",""quantity"":1,""price"":44000,""total_price"":44000},{""product"":""fragolata"",""quantity"":5,""price"":19000,""total_price"":95000}]";"tahu bolak balik:1:44000|fragolata:5:19000";"2";"139000"
"wkwk 1 bolu gulung pandan topping keju 17000 + taro milk bubble Rp29500 + 1 gyodon Rp42500";"[{""product"":""bolu gulung pandan topping keju"",""quantity"":1,""price"":17000,""total_price"":17000},{""product"":""taro milk bubble"",""quantity"":1,""price"":29500,""total_price"":29500},{""product"":""gyodon"",""quantity"":1,""price"":42500,""total_price"":42500}]";"bolu gulung pandan topping keju:1:17000|taro milk bubble:1:29500|gyodon:1:42500";"3";"89000"
"1 im sorry 11500";"[{""product"":""im sorry"",""quantity"":1,""price"":11500,""total_price"":11500}]";"im sorry:1:11500";"1";"11500"
"satu mango milk tea creamy 29000 dan 2 sate padang jantung Rp14500";"[{""product"":""mango milk tea creamy"",""quantity"":1,""price"":29000,""total_price"":29000},{""product"":""sate padang jantung"",""quantity"":2,""price"":14500,""total_price"":29000}]";"mango milk tea creamy:1:29000|sate padang jantung:2:14500";"2";"58000"
"kak 2 kopi matcha 43000";"[{""product"":""kopi matcha"",""quantity"":2,""price"":43000,""total_price"":86000}]";"kopi matcha:2:43000";"1";"86000"
"satu blueberry ice shaken rp 6000 sama 4 cap katespepaya rp 25000";"[{""product"":""blueberry ice shaken"",""quantity"":1,""price"":6000,""total_price"":6000},{""product"":""cap katespepaya"",""quantity"":4,""price"":25000,""total_price"":100000}]";"blueberry ice shaken:1:6000|cap katespepaya:4:25000";"2";"106000"
"wkwk seporsi cumi crispy rp 9500 + seporsi ikan turi segar 35500 + 1 chocolate hot Rp17000";"[{""product"":""cumi crispy"",""quantity"":1,""price"":9500,""total_price"":9500},{""product"":""ikan turi segar"",""quantity"":1,""price"":35500,""total_price"":35500},{""product"":""chocolate hot"",""quantity"":1,""price"":17000,""total_price"":17000}]";"cumi crispy:1:9500|ikan turi segar:1:35500|chocolate hot:1:17000";"3";"62000"
"kak 1 ikan tipis Rp13000 dan satu pudding fruit cocktail Rp30000";"[{""product"":""ikan tipis"",""quantity"":1,""price"":13000,""total_price"":13000},{""product"":""pudding fruit cocktail"",""quantity"":1,""price"":30000,""total_price"":30000}]";"ikan tipis:1:13000|pudding fruit cocktail:1:30000";"2";"43000"
"wkwk 2 nasi sayur asem rp 22000";"[{""product"":""nasi sayur asem"",""quantity"":2,""price"":22000,""total_price"":44000}]";"nasi sayur asem:2:22000";"1";"44000"
"kak seporsi kopi luwak dingin rp 25500 + 3 dakdoritang 43000";"[{""product"":""kopi luwak dingin"",""quantity"":1,""price"":25500,""total_price"":25500},{""product"":""dakdoritang"",""quantity"":3,""price"":43000,""total_price"":129000}]";"kopi luwak dingin:1:25500|dakdoritang:3:43000";"2";"154500"
"kak satu blue raspberry cheese ice cream rp 21500 dan 2 porsi intip goreng 25000";"[{""product"":""blue raspberry cheese ice cream"",""quantity"":1,""price"":21500,""total_price"":21500},{""product"":""intip goreng"",""quantity"":2,""price"":25000,""total_price"":50000}]";"blue raspberry cheese ice cream:1:21500|intip goreng:2:25000";"2";"71500"
"wkwk 4 orange chicken 18000 + 1 aster cake 21000";"[{""product"":""orange chicken"",""quantity"":4,""price"":18000,""total_price"":72000},{""product"":""aster cake"",""quantity"":1,""price"":21000,""total_price"":21000}]";"orange chicken:4:18000|aster cake:1:21000";"2";"93000"
"wkwk dua pergedel jagung Rp7000";"[{""product"":""pergedel jagung"",""quantity"":2,""price"":7000,""total_price"":14000}]";"pergedel jagung:2:7000";"1";"14000"
"wkwk 2 mie sop medan ayambaso rp 12000";"[{""product"":""mie sop medan ayambaso"",""quantity"":2,""price"":12000,""total_price"":24000}]";"mie sop medan ayambaso:2:12000";"1";"24000"
"wkwk 2 porsi potato saos kejusaos keju Rp49000";"[{""product"":""potato saos kejusaos keju"",""quantity"":2,""price"":49000,""total_price"":98000}]";"potato saos kejusaos keju:2:49000";"1";"98000"
"kak 2 blackcurrent mint Rp42000";"[{""product"":""blackcurrent mint"",""quantity"":2,""price"":42000,""total_price"":84000}]";"blackcurrent mint:2:42000";"1";"84000"
"dua gurami panggang kecap 38500";"[{""product"":""gurami panggang kecap"",""quantity"":2,""price"":38500,""total_price"":77000}]";"gurami panggang kecap:2:38500";"1";"77000"
"wkwk tiga corn pizza Rp22000";"[{""product"":""corn pizza"",""quantity"":3,""price"":22000,""total_price"":66000}]";"corn pizza:3:22000";"1";"66000"
"dua es permen karet suroboyo large 20000";"[{""product"":""es permen karet suroboyo large"",""quantity"":2,""price"":20000,""total_price"":40000}]";"es permen karet suroboyo large:2:20000";"1";"40000"
"kak 3 otakotak mercon 3000";"[{""product"":""otakotak mercon"",""quantity"":3,""price"":3000,""total_price"":9000}]";"otakotak mercon:3:3000";"1";"9000"
"wkwk 5 ifumie kuah  goreng Rp18500 + 2 ceker recheese refftwo rp 5000";"[{""product"":""ifumie kuah  goreng"",""quantity"":5,""price"":18500,""total_price"":92500},{""product"":""ceker recheese refftwo"",""quantity"":2,""price"":5000,""total_price"":10000}]";"ifumie kuah  goreng:5:18500|ceker recheese refftwo:2:5000";"2";"102500"
"5 ceker saos bbq 38000";"[{""product"":""ceker saos bbq"",""quantity"":5,""price"":38000,""total_price"":190000}]";"ceker saos bbq:5:38000";"1";"190000"
"kak tiga saitama furai ramen 9500";"[{""product"":""saitama furai ramen"",""quantity"":3,""price"":9500,""total_price"":28500}]";"saitama furai ramen:3:9500";"1";"28500"
"wkwk satu kepiting mix kerang salome 26000";"[{""product"":""kepiting mix kerang salome"",""quantity"":1,""price"":26000,""total_price"":26000}]";"kepiting mix kerang salome:1:26000";"1";"26000"
"satu kriboo crispy rp 11000 sama fried nori teriyaki roll Rp17000";"[{""product"":""kriboo crispy"",""quantity"":1,""price"":11000,""total_price"":11000},{""product"":""fried nori teriyaki roll"",""quantity"":1,""price"":17000,""total_price"":17000}]";"kriboo crispy:1:11000|fried nori teriyaki roll:1:17000";"2";"28000"
"kak sambel pencit Rp10500";"[{""product"":""sambel pencit"",""quantity"":1,""price"":10500,""total_price"":10500}]";"sambel pencit:1:10500";"1";"10500"
"wkwk dua odeng saos besar Rp6500 sama puding 5000";"[{""product"":""odeng saos besar"",""quantity"":2,""price"":6500,""total_price"":13000},{""product"":""puding"",""quantity"":1,""price"":5000,""total_price"":5000}]";"odeng saos besar:2:6500|puding:1:5000";"2";"18000"
"kak satu big breakfast 21000 sama 5 anggur Rp10000 sama 5 kacang mekah polong segar 39000";"[{""product"":""big breakfast"",""quantity"":1,""price"":21000,""total_price"":21000},{""product"":""anggur"",""quantity"":5,""price"":10000,""total_price"":50000},{""product"":""kacang mekah polong segar"",""quantity"":5,""price"":39000,""total_price"":195000}]";"big breakfast:1:21000|anggur:5:10000|kacang mekah polong segar:5:39000";"3";"266000"
"wkwk seporsi schweppes soda water Rp29500 sama corndog original mix sosis moza rp 22000 sama ceres Rp33500";"[{""product"":""schweppes soda water"",""quantity"":1,""price"":29500,""total_price"":29500},{""product"":""corndog original mix sosis moza"",""quantity"":1,""price"":22000,""total_price"":22000},{""product"":""ceres"",""quantity"":1,""price"":33500,""total_price"":33500}]";"schweppes soda water:1:29500|corndog original mix sosis moza:1:22000|ceres:1:33500";"3";"85000"
"1 keju slice Rp22000 dan dua kelapa setengah tua daging 11500 dan seporsi tahu kribo 42500";"[{""product"":""keju slice"",""quantity"":1,""price"":22000,""total_price"":22000},{""product"":""kelapa setengah tua daging"",""quantity"":2,""price"":11500,""total_price"":23000},{""product"":""tahu kribo"",""quantity"":1,""price"":42500,""total_price"":42500}]";"keju slice:1:22000|kelapa setengah tua daging:2:11500|tahu kribo:1:42500";"3";"87500"
"wkwk 1 bebek gorengbakar paha Rp47000";"[{""product"":""bebek gorengbakar paha"",""quantity"":1,""price"":47000,""total_price"":47000}]";"bebek gorengbakar paha:1:47000";"1";"47000"
"wkwk seporsi spaghetti supreme Rp37500 dan satu belgian choco oat milk boba 9000 dan 3 roti canai keju 9500";"[{""product"":""spaghetti supreme"",""quantity"":1,""price"":37500,""total_price"":37500},{""product"":""belgian choco oat milk boba"",""quantity"":1,""price"":9000,""total_price"":9000},{""product"":""roti canai keju"",""quantity"":3,""price"":9500,""total_price"":28500}]";"spaghetti supreme:1:37500|belgian choco oat milk boba:1:9000|roti canai keju:3:9500";"3";"75000"
"wkwk seporsi sup asparagus daging kepiting s rp 39000 dan 1 kiji elevated garlic cheese 35500";"[{""product"":""sup asparagus daging kepiting s"",""quantity"":1,""price"":39000,""total_price"":39000},{""product"":""kiji elevated garlic cheese"",""quantity"":1,""price"":35500,""total_price"":35500}]";"sup asparagus daging kepiting s:1:39000|kiji elevated garlic cheese:1:35500";"2";"74500"
"kak dua spice n dice dessert Rp3500";"[{""product"":""spice n dice dessert"",""quantity"":2,""price"":3500,""total_price"":7000}]";"spice n dice dessert:2:3500";"1";"7000"
"1 nasi penyet terong 22500";"[{""product"":""nasi penyet terong"",""quantity"":1,""price"":22500,""total_price"":22500}]";"nasi penyet terong:1:22500";"1";"22500"
"satu siomay salmon rp 40000";"[{""product"":""siomay salmon"",""quantity"":1,""price"":40000,""total_price"":40000}]";"siomay salmon:1:40000";"1";"40000"
"1 sabbath single Rp43000 sama 1 mie babat Rp49500 sama cookies semprit mini 7500";"[{""product"":""sabbath single"",""quantity"":1,""price"":43000,""total_price"":43000},{""product"":""mie babat"",""quantity"":1,""price"":49500,""total_price"":49500},{""product"":""cookies semprit mini"",""quantity"":1,""price"":7500,""total_price"":7500}]";"sabbath single:1:43000|mie babat:1:49500|cookies semprit mini:1:7500";"3";"100000"
"kak honeydew oat brulee rp 20000";"[{""product"":""honeydew oat brulee"",""quantity"":1,""price"":20000,""total_price"":20000}]";"honeydew oat brulee:1:20000";"1";"20000"
"tiga sosiz mozarella rp 45500";"[{""product"":""sosiz mozarella"",""quantity"":3,""price"":45500,""total_price"":136500}]";"sosiz mozarella:3:45500";"1";"136500"
"wkwk nasi gorengtelor Rp26500 sama seporsi susu mango 40000";"[{""product"":""nasi gorengtelor"",""quantity"":1,""price"":26500,""total_price"":26500},{""product"":""susu mango"",""quantity"":1,""price"":40000,""total_price"":40000}]";"nasi gorengtelor:1:26500|susu mango:1:40000";"2";"66500"
"wkwk rice bowl chicken fillet balado rp 31500 + 2 porsi rabbit candy crispy donuth 45500";"[{""product"":""rice bowl chicken fillet balado"",""quantity"":1,""price"":31500,""total_price"":31500},{""product"":""rabbit candy crispy donuth"",""quantity"":2,""price"":45500,""total_price"":91000}]";"rice bowl chicken fillet balado:1:31500|rabbit candy crispy donuth:2:45500";"2";"122500"
"kak satu tawar wortel 7000 sama 4 cap nanas merah 21000";"[{""product"":""tawar wortel"",""quantity"":1,""price"":7000,""total_price"":7000},{""product"":""cap nanas merah"",""quantity"":4,""price"":21000,""total_price"":84000}]";"tawar wortel:1:7000|cap nanas merah:4:21000";"2";"91000"
"wkwk 1 tauge 37000 sama ramerame mandhi ayam rp 34500";"[{""product"":""tauge"",""quantity"":1,""price"":37000,""total_price"":37000},{""product"":""ramerame mandhi ayam"",""quantity"":1,""price"":34500,""total_price"":34500}]";"tauge:1:37000|ramerame mandhi ayam:1:34500";"2";"71500"
"seporsi kacang kedelai goreng rp 7000";"[{""product"":""kacang kedelai goreng"",""quantity"":1,""price"":7000,""total_price"":7000}]";"kacang kedelai goreng:1:7000";"1";"7000"
"wkwk dua sarsaparilla rp 4500 + esteh susu nusaberry rp 22000";"[{""product"":""sarsaparilla"",""quantity"":2,""price"":4500,""total_price"":9000},{""product"":""esteh susu nusaberry"",""quantity"":1,""price"":22000,""total_price"":22000}]";"sarsaparilla:2:4500|esteh susu nusaberry:1:22000";"2";"31000"
"1 kentang plus burger 15500";"[{""product"":""kentang plus burger"",""quantity"":1,""price"":15500,""total_price"":15500}]";"kentang plus burger:1:15500";"1";"15500"
"kak 1 katetong mocha rp 27000 sama choco cheese with coca cola rp 43500 sama seporsi rice bowl rp 27500";"[{""product"":""katetong mocha"",""quantity"":1,""price"":27000,""total_price"":27000},{""product"":""choco cheese with coca cola"",""quantity"":1,""price"":43500,""total_price"":43500},{""product"":""rice bowl"",""quantity"":1,""price"":27500,""total_price"":27500}]";"katetong mocha:1:27000|choco cheese with coca cola:1:43500|rice bowl:1:27500";"3";"98000"
"wkwk 2 porsi nasi gembung asam pedas Rp45000";"[{""product"":""nasi gembung asam pedas"",""quantity"":2,""price"":45000,""total_price"":90000}]";"nasi gembung asam pedas:2:45000";"1";"90000"
"ayam goreng mbok berek dada 46500";"[{""product"":""ayam goreng mbok berek dada"",""quantity"":1,""price"":46500,""total_price"":46500}]";"ayam goreng mbok berek dada:1:46500";"1";"46500"
"dua dalgona coffee rp 42000";"[{""product"":""dalgona coffee"",""quantity"":2,""price"":42000,""total_price"":84000}]";"dalgona coffee:2:42000";"1";"84000"
"sate barbar ayam 3000";"[{""product"":""sate barbar ayam"",""quantity"":1,""price"":3000,""total_price"":3000}]";"sate barbar ayam:1:3000";"1";"3000"
"wkwk satu roti kombinasi Rp39000 dan satu soda lime 38000";"[{""product"":""roti kombinasi"",""quantity"":1,""price"":39000,""total_price"":39000},{""product"":""soda lime"",""quantity"":1,""price"":38000,""total_price"":38000}]";"roti kombinasi:1:39000|soda lime:1:38000";"2";"77000"
"kak 5 redvelvet creamy premium rp 49000";"[{""product"":""redvelvet creamy premium"",""quantity"":5,""price"":49000,""total_price"":245000}]";"redvelvet creamy premium:5:49000";"1";"245000"
"kak kwitiaw kungfu rp 33000";"[{""product"":""kwitiaw kungfu"",""quantity"":1,""price"":33000,""total_price"":33000}]";"kwitiaw kungfu:1:33000";"1";"33000"
"kak 2 porsi sop kool dan wortel 3000 sama satu ikan gurami pedas manis Rp37000";"[{""product"":""sop kool dan wortel"",""quantity"":2,""price"":3000,""total_price"":6000},{""product"":""ikan gurami pedas manis"",""quantity"":1,""price"":37000,""total_price"":37000}]";"sop kool dan wortel:2:3000|ikan gurami pedas manis:1:37000";"2";"43000"
"kak 2 porsi cireng mozarella rasa balado 24000 dan satu spaghetti sapi lada hitam Rp3000";"[{""product"":""cireng mozarella rasa balado"",""quantity"":2,""price"":24000,""total_price"":48000},{""product"":""spaghetti sapi lada hitam"",""quantity"":1,""price"":3000,""total_price"":3000}]";"cireng mozarella rasa balado:2:24000|spaghetti sapi lada hitam:1:3000";"2";"51000"
"wkwk 1 roti abon ayam rp 39500";"[{""product"":""roti abon ayam"",""quantity"":1,""price"":39500,""total_price"":39500}]";"roti abon ayam:1:39500";"1";"39500"
"tiga seafood mix asam manis 28500 sama tiga corndog mozarella matcha oreo rp 32000";"[{""product"":""seafood mix asam manis"",""quantity"":3,""price"":28500,""total_price"":85500},{""product"":""corndog mozarella matcha oreo"",""quantity"":3,""price"":32000,""total_price"":96000}]";"seafood mix asam manis:3:28500|corndog mozarella matcha oreo:3:32000";"2";"181500"
"cappucino vanilla dingin Rp12000 dan 2 smoked beef cheese burger Rp28500";"[{""product"":""cappucino vanilla dingin"",""quantity"":1,""price"":12000,""total_price"":12000},{""product"":""smoked beef cheese burger"",""quantity"":2,""price"":28500,""total_price"":57000}]";"cappucino vanilla dingin:1:12000|smoked beef cheese burger:2:28500";"2";"69000"
"satu ayam sambal rica set rp 24500";"[{""product"":""ayam sambal rica set"",""quantity"":1,""price"":24500,""total_price"":24500}]";"ayam sambal rica set:1:24500";"1";"24500"
"wkwk tiga strawberry candy rp 29500 sama basil seed 9500";"[{""product"":""strawberry candy"",""quantity"":3,""price"":29500,""total_price"":88500},{""product"":""basil seed"",""quantity"":1,""price"":9500,""total_price"":9500}]";"strawberry candy:3:29500|basil seed:1:9500";"2";"98000"
"kak 1 nasi ayam lava pedas 46000 dan 3 bihun goreng telur 47000 dan unicorn character cake rp 31000";"[{""product"":""nasi ayam lava pedas"",""quantity"":1,""price"":46000,""total_price"":46000},{""product"":""bihun goreng telur"",""quantity"":3,""price"":47000,""total_price"":141000},{""product"":""unicorn character cake"",""quantity"":1,""price"":31000,""total_price"":31000}]";"nasi ayam lava pedas:1:46000|bihun goreng telur:3:47000|unicorn character cake:1:31000";"3";"218000"
"wkwk beras giling mentah Rp15000 + 4 suka ikan gurami sedang rp 48500";"[{""product"":""beras giling mentah"",""quantity"":1,""price"":15000,""total_price"":15000},{""product"":""suka ikan gurami sedang"",""quantity"":4,""price"":48500,""total_price"":194000}]";"beras giling mentah:1:15000|suka ikan gurami sedang:4:48500";"2";"209000"
"chicken omurice 23000";"[{""product"":""chicken omurice"",""quantity"":1,""price"":23000,""total_price"":23000}]";"chicken omurice:1:23000";"1";"23000"
"wkwk 2 poached egg Rp17500";"[{""product"":""poached egg"",""quantity"":2,""price"":17500,""total_price"":35000}]";"poached egg:2:17500";"1";"35000"
"wkwk seporsi cappucino bubble Rp50000";"[{""product"":""cappucino bubble"",""quantity"":1,""price"":50000,""total_price"":50000}]";"cappucino bubble:1:50000";"1";"50000"
"kak 1 dissert bluberry Rp10500 sama tiga teh tarik dingin rp 28000";"[{""product"":""dissert bluberry"",""quantity"":1,""price"":10500,""total_price"":10500},{""product"":""teh tarik dingin"",""quantity"":3,""price"":28000,""total_price"":84000}]";"dissert bluberry:1:10500|teh tarik dingin:3:28000";"2";"94500"
"kak 2 porsi roti coklat keju istimewa 6000 + danish apple cheese Rp27500 + 5 ayam asam manis 29500";"[{""product"":""roti coklat keju istimewa"",""quantity"":2,""price"":6000,""total_price"":12000},{""product"":""danish apple cheese"",""quantity"":1,""price"":27500,""total_price"":27500},{""product"":""ayam asam manis"",""quantity"":5,""price"":29500,""total_price"":147500}]";"roti coklat keju istimewa:2:6000|danish apple cheese:1:27500|ayam asam manis:5:29500";"3";"187000"
"kak 5 bola salmon Rp28500";"[{""product"":""bola salmon"",""quantity"":5,""price"":28500,""total_price"":142500}]";"bola salmon:5:28500";"1";"142500"
"wkwk dua lumpia jepang 24000";"[{""product"":""lumpia jepang"",""quantity"":2,""price"":24000,""total_price"":48000}]";"lumpia jepang:2:24000";"1";"48000"
"wkwk 1 daun jambu mete muda Rp36500 + 2 porsi pempek kelesan rp 43500";"[{""product"":""daun jambu mete muda"",""quantity"":1,""price"":36500,""total_price"":36500},{""product"":""pempek kelesan"",""quantity"":2,""price"":43500,""total_price"":87000}]";"daun jambu mete muda:1:36500|pempek kelesan:2:43500";"2";"123500"
"wkwk 3 goreng otak otak bandeng rp 4000";"[{""product"":""goreng otak otak bandeng"",""quantity"":3,""price"":4000,""total_price"":12000}]";"goreng otak otak bandeng:3:4000";"1";"12000"
"5 coklat tiramisu Rp15500 dan taoge goreng rp 35000";"[{""product"":""coklat tiramisu"",""quantity"":5,""price"":15500,""total_price"":77500},{""product"":""taoge goreng"",""quantity"":1,""price"":35000,""total_price"":35000}]";"coklat tiramisu:5:15500|taoge goreng:1:35000";"2";"112500"
"wkwk 1 the lemmy rp 21000";"[{""product"":""the lemmy"",""quantity"":1,""price"":21000,""total_price"":21000}]";"the lemmy:1:21000";"1";"21000"
"wkwk tiga bolu gulung special keju rp 42000";"[{""product"":""bolu gulung special keju"",""quantity"":3,""price"":42000,""total_price"":126000}]";"bolu gulung special keju:3:42000";"1";"126000"
"wkwk seporsi coklat 49000";"[{""product"":""coklat"",""quantity"":1,""price"":49000,""total_price"":49000}]";"coklat:1:49000";"1";"49000"
"satu xavier snow white bird nest rp 44500 sama 2 porsi tempe  tahu rp 38500 sama 2 porsi ikan mujaer 26000";"[{""product"":""xavier snow white bird nest"",""quantity"":1,""price"":44500,""total_price"":44500},{""product"":""tempe  tahu"",""quantity"":2,""price"":38500,""total_price"":77000},{""product"":""ikan mujaer"",""quantity"":2,""price"":26000,""total_price"":52000}]";"xavier snow white bird nest:1:44500|tempe  tahu:2:38500|ikan mujaer:2:26000";"3";"173500"
"tiga gado  gado spesial 31000";"[{""product"":""gado  gado spesial"",""quantity"":3,""price"":31000,""total_price"":93000}]";"gado  gado spesial:3:31000";"1";"93000"
"wkwk pisang keju nanas 29000";"[{""product"":""pisang keju nanas"",""quantity"":1,""price"":29000,""total_price"":29000}]";"pisang keju nanas:1:29000";"1";"29000"
"kak dua nasi jasio siobak manis rp 39500";"[{""product"":""nasi jasio siobak manis"",""quantity"":2,""price"":39500,""total_price"":79000}]";"nasi jasio siobak manis:2:39500";"1";"79000"
"wkwk 5 spicy garlic chicken rp 48500 + 5 puding coklat 11000";"[{""product"":""spicy garlic chicken"",""quantity"":5,""price"":48500,""total_price"":242500},{""product"":""puding coklat"",""quantity"":5,""price"":11000,""total_price"":55000}]";"spicy garlic chicken:5:48500|puding coklat:5:11000";"2";"297500"
"wkwk 3 susu susanti jeruk mandarin 46000";"[{""product"":""susu susanti jeruk mandarin"",""quantity"":3,""price"":46000,""total_price"":138000}]";"susu susanti jeruk mandarin:3:46000";"1";"138000"
"wkwk 4 double og bronx burger rp 9500";"[{""product"":""double og bronx burger"",""quantity"":4,""price"":9500,""total_price"":38000}]";"double og bronx burger:4:9500";"1";"38000"
"wkwk kwetiauw goreng sapi Rp9500";"[{""product"":""kwetiauw goreng sapi"",""quantity"":1,""price"":9500,""total_price"":9500}]";"kwetiauw goreng sapi:1:9500";"1";"9500"
"wkwk soft pudding red velvet rp 11000";"[{""product"":""soft pudding red velvet"",""quantity"":1,""price"":11000,""total_price"":11000}]";"soft pudding red velvet:1:11000";"1";"11000"
"wkwk lupis ketan rp 2000 sama krokot Rp6000 sama tiga ice blended chocolate rp 32500";"[{""product"":""lupis ketan"",""quantity"":1,""price"":2000,""total_price"":2000},{""product"":""krokot"",""quantity"":1,""price"":6000,""total_price"":6000},{""product"":""ice blended chocolate"",""quantity"":3,""price"":32500,""total_price"":97500}]";"lupis ketan:1:2000|krokot:1:6000|ice blended chocolate:3:32500";"3";"105500"
"kak 2 porsi semut hitam afrika kapsui Rp42500 sama satu cotta chick pick 44500";"[{""product"":""semut hitam afrika kapsui"",""quantity"":2,""price"":42500,""total_price"":85000},{""product"":""cotta chick pick"",""quantity"":1,""price"":44500,""total_price"":44500}]";"semut hitam afrika kapsui:2:42500|cotta chick pick:1:44500";"2";"129500"
"satu pisang rp 23500";"[{""product"":""pisang"",""quantity"":1,""price"":23500,""total_price"":23500}]";"pisang:1:23500";"1";"23500"
"3 kopi kahlua rp 38500 + 2 porsi catchy nougat rp 21500";"[{""product"":""kopi kahlua"",""quantity"":3,""price"":38500,""total_price"":115500},{""product"":""catchy nougat"",""quantity"":2,""price"":21500,""total_price"":43000}]";"kopi kahlua:3:38500|catchy nougat:2:21500";"2";"158500"
"5 fuyunghay rp 38000";"[{""product"":""fuyunghay"",""quantity"":5,""price"":38000,""total_price"":190000}]";"fuyunghay:5:38000";"1";"190000"
"ayam sewir bejeg ijo Rp3000";"[{""product"":""ayam sewir bejeg ijo"",""quantity"":1,""price"":3000,""total_price"":3000}]";"ayam sewir bejeg ijo:1:3000";"1";"3000"
"tiga roti kacang almond Rp27500 sama satu capcay saus tiram Rp3000";"[{""product"":""roti kacang almond"",""quantity"":3,""price"":27500,""total_price"":82500},{""product"":""capcay saus tiram"",""quantity"":1,""price"":3000,""total_price"":3000}]";"roti kacang almond:3:27500|capcay saus tiram:1:3000";"2";"85500"
"satu teh original 7500";"[{""product"":""teh original"",""quantity"":1,""price"":7500,""total_price"":7500}]";"teh original:1:7500";"1";"7500"
"wkwk daging asap Rp11500";"[{""product"":""daging asap"",""quantity"":1,""price"":11500,""total_price"":11500}]";"daging asap:1:11500";"1";"11500"
"mie biasa Rp21000";"[{""product"":""mie biasa"",""quantity"":1,""price"":21000,""total_price"":21000}]";"mie biasa:1:21000";"1";"21000"
"1 mie ayam jamur 5000";"[{""product"":""mie ayam jamur"",""quantity"":1,""price"":5000,""total_price"":5000}]";"mie ayam jamur:1:5000";"1";"5000"
"wkwk seporsi soy garlic kchicken bowl 26500";"[{""product"":""soy garlic kchicken bowl"",""quantity"":1,""price"":26500,""total_price"":26500}]";"soy garlic kchicken bowl:1:26500";"1";"26500"
"kak satu twister Rp3500";"[{""product"":""twister"",""quantity"":1,""price"":3500,""total_price"":3500}]";"twister:1:3500";"1";"3500"
"5 ayam semurpotong 17500 dan 2 porsi keripik tempe abadi sedang rp 10000 dan satu udang asam manis original rp 30500";"[{""product"":""ayam semurpotong"",""quantity"":5,""price"":17500,""total_price"":87500},{""product"":""keripik tempe abadi sedang"",""quantity"":2,""price"":10000,""total_price"":20000},{""product"":""udang asam manis original"",""quantity"":1,""price"":30500,""total_price"":30500}]";"ayam semurpotong:5:17500|keripik tempe abadi sedang:2:10000|udang asam manis original:1:30500";"3";"138000"
"wkwk 2 porsi es kopi gula aren rp 29000";"[{""product"":""es kopi gula aren"",""quantity"":2,""price"":29000,""total_price"":58000}]";"es kopi gula aren:2:29000";"1";"58000"
"5 sate taichan kulit 43500";"[{""product"":""sate taichan kulit"",""quantity"":5,""price"":43500,""total_price"":217500}]";"sate taichan kulit:5:43500";"1";"217500"
"kak tiga small ice original thai tea 24000 dan 3 kimchi fried rice mandu rp 39000 dan tiga jus melon rp 4500";"[{""product"":""small ice original thai tea"",""quantity"":3,""price"":24000,""total_price"":72000},{""product"":""kimchi fried rice mandu"",""quantity"":3,""price"":39000,""total_price"":117000},{""product"":""jus melon"",""quantity"":3,""price"":4500,""total_price"":13500}]";"small ice original thai tea:3:24000|kimchi fried rice mandu:3:39000|jus melon:3:4500";"3";"202500"
"wkwk 2 palestinian kunafa rp 48000";"[{""product"":""palestinian kunafa"",""quantity"":2,""price"":48000,""total_price"":96000}]";"palestinian kunafa:2:48000";"1";"96000"
"kak 5 strawberry milk Rp45500";"[{""product"":""strawberry milk"",""quantity"":5,""price"":45500,""total_price"":227500}]";"strawberry milk:5:45500";"1";"227500"
"dua sababay ascaro 23500 dan seporsi kimbab original rp 23000 dan jeruk kalamansi segar Rp43000";"[{""product"":""sababay ascaro"",""quantity"":2,""price"":23500,""total_price"":47000},{""product"":""kimbab original"",""quantity"":1,""price"":23000,""total_price"":23000},{""product"":""jeruk kalamansi segar"",""quantity"":1,""price"":43000,""total_price"":43000}]";"sababay ascaro:2:23500|kimbab original:1:23000|jeruk kalamansi segar:1:43000";"3";"113000"
"tiga pisang roll yakini 27000 + seporsi udang sambal bawang goreng rp 43500";"[{""product"":""pisang roll yakini"",""quantity"":3,""price"":27000,""total_price"":81000},{""product"":""udang sambal bawang goreng"",""quantity"":1,""price"":43500,""total_price"":43500}]";"pisang roll yakini:3:27000|udang sambal bawang goreng:1:43500";"2";"124500"
"wkwk satu coffee oatmeal Rp40000";"[{""product"":""coffee oatmeal"",""quantity"":1,""price"":40000,""total_price"":40000}]";"coffee oatmeal:1:40000";"1";"40000"
"wkwk 1 avocado chocolate rp 30000 dan coklat aroma rp 19500";"[{""product"":""avocado chocolate"",""quantity"":1,""price"":30000,""total_price"":30000},{""product"":""coklat aroma"",""quantity"":1,""price"":19500,""total_price"":19500}]";"avocado chocolate:1:30000|coklat aroma:1:19500";"2";"49500"
"wkwk 3 lotus crumble Rp16500";"[{""product"":""lotus crumble"",""quantity"":3,""price"":16500,""total_price"":49500}]";"lotus crumble:3:16500";"1";"49500"
"kak hot caffe latte Rp9000";"[{""product"":""hot caffe latte"",""quantity"":1,""price"":9000,""total_price"":9000}]";"hot caffe latte:1:9000";"1";"9000"
"tumis daging ijodaging kerang darah rp 6000";"[{""product"":""tumis daging ijodaging kerang darah"",""quantity"":1,""price"":6000,""total_price"":6000}]";"tumis daging ijodaging kerang darah:1:6000";"1";"6000"
"wkwk 4 katsu roll rp 35000";"[{""product"":""katsu roll"",""quantity"":4,""price"":35000,""total_price"":140000}]";"katsu roll:4:35000";"1";"140000"
"kak 2 porsi bakmie rp 37500 dan 3 telur puyuh rp 29000";"[{""product"":""bakmie"",""quantity"":2,""price"":37500,""total_price"":75000},{""product"":""telur puyuh"",""quantity"":3,""price"":29000,""total_price"":87000}]";"bakmie:2:37500|telur puyuh:3:29000";"2";"162000"
"tiga mie aceh telur Rp19500 + rendang bite rp 33500";"[{""product"":""mie aceh telur"",""quantity"":3,""price"":19500,""total_price"":58500},{""product"":""rendang bite"",""quantity"":1,""price"":33500,""total_price"":33500}]";"mie aceh telur:3:19500|rendang bite:1:33500";"2";"92000"
"wkwk 4 kopi panas 22000";"[{""product"":""kopi panas"",""quantity"":4,""price"":22000,""total_price"":88000}]";"kopi panas:4:22000";"1";"88000"
"5 bakso ayam frozen Rp46000";"[{""product"":""bakso ayam frozen"",""quantity"":5,""price"":46000,""total_price"":230000}]";"bakso ayam frozen:5:46000";"1";"230000"
"seporsi mie hun goreng daging 42000";"[{""product"":""mie hun goreng daging"",""quantity"":1,""price"":42000,""total_price"":42000}]";"mie hun goreng daging:1:42000";"1";"42000"
"seporsi bakpao chik yen kacang ijo Rp23000";"[{""product"":""bakpao chik yen kacang ijo"",""quantity"":1,""price"":23000,""total_price"":23000}]";"bakpao chik yen kacang ijo:1:23000";"1";"23000"
"tiga milo tarik cincau 35000";"[{""product"":""milo tarik cincau"",""quantity"":3,""price"":35000,""total_price"":105000}]";"milo tarik cincau:3:35000";"1";"105000"
"1 chicken and waffle rp 5500 dan 4 roti manis kosong 22000";"[{""product"":""chicken and waffle"",""quantity"":1,""price"":5500,""total_price"":5500},{""product"":""roti manis kosong"",""quantity"":4,""price"":22000,""total_price"":88000}]";"chicken and waffle:1:5500|roti manis kosong:4:22000";"2";"93500"
"dua roti chapati 6000 + blue squash rp 37500 + long black dingin Rp27500";"[{""product"":""roti chapati"",""quantity"":2,""price"":6000,""total_price"":12000},{""product"":""blue squash"",""quantity"":1,""price"":37500,""total_price"":37500},{""product"":""long black dingin"",""quantity"":1,""price"":27500,""total_price"":27500}]";"roti chapati:2:6000|blue squash:1:37500|long black dingin:1:27500";"3";"77000"
"wkwk satu ayam bakar w r rp 41500 + dua sagu forno 43500";"[{""product"":""ayam bakar w r"",""quantity"":1,""price"":41500,""total_price"":41500},{""product"":""sagu forno"",""quantity"":2,""price"":43500,""total_price"":87000}]";"ayam bakar w r:1:41500|sagu forno:2:43500";"2";"128500"
"gadenggadung kering rp 40000";"[{""product"":""gadenggadung kering"",""quantity"":1,""price"":40000,""total_price"":40000}]";"gadenggadung kering:1:40000";"1";"40000"
"dua gaplek Rp24500 dan seporsi coklat tiramisu 41500";"[{""product"":""gaplek"",""quantity"":2,""price"":24500,""total_price"":49000},{""product"":""coklat tiramisu"",""quantity"":1,""price"":41500,""total_price"":41500}]";"gaplek:2:24500|coklat tiramisu:1:41500";"2";"90500"
"satu bolu lapis black forest rp 34500 dan 5 combo fire drum stick rp 21500";"[{""product"":""bolu lapis black forest"",""quantity"":1,""price"":34500,""total_price"":34500},{""product"":""combo fire drum stick"",""quantity"":5,""price"":21500,""total_price"":107500}]";"bolu lapis black forest:1:34500|combo fire drum stick:5:21500";"2";"142000"
"kak 1 misoa rp 35000";"[{""product"":""misoa"",""quantity"":1,""price"":35000,""total_price"":35000}]";"misoa:1:35000";"1";"35000"
"wkwk seporsi indomie goreng biasa Rp5000";"[{""product"":""indomie goreng biasa"",""quantity"":1,""price"":5000,""total_price"":5000}]";"indomie goreng biasa:1:5000";"1";"5000"
"wkwk hajar jahannam kapsui Rp46000 sama dua brownies topping serut rp 40000 sama 2 porsi mini pangsit goreng Rp38000";"[{""product"":""hajar jahannam kapsui"",""quantity"":1,""price"":46000,""total_price"":46000},{""product"":""brownies topping serut"",""quantity"":2,""price"":40000,""total_price"":80000},{""product"":""mini pangsit goreng"",""quantity"":2,""price"":38000,""total_price"":76000}]";"hajar jahannam kapsui:1:46000|brownies topping serut:2:40000|mini pangsit goreng:2:38000";"3";"202000"
"3 salad pepaya muda 33500";"[{""product"":""salad pepaya muda"",""quantity"":3,""price"":33500,""total_price"":100500}]";"salad pepaya muda:3:33500";"1";"100500"
"kak 1 ikan bawal panggang Rp17000";"[{""product"":""ikan bawal panggang"",""quantity"":1,""price"":17000,""total_price"":17000}]";"ikan bawal panggang:1:17000";"1";"17000"
"1 nasi telor dadar sambel bawang rp 25000 sama heineken beer 3500";"[{""product"":""nasi telor dadar sambel bawang"",""quantity"":1,""price"":25000,""total_price"":25000},{""product"":""heineken beer"",""quantity"":1,""price"":3500,""total_price"":3500}]";"nasi telor dadar sambel bawang:1:25000|heineken beer:1:3500";"2";"28500"
"wkwk nasi cumi 14500";"[{""product"":""nasi cumi"",""quantity"":1,""price"":14500,""total_price"":14500}]";"nasi cumi:1:14500";"1";"14500"
"dua kecipir muda segar 37000";"[{""product"":""kecipir muda segar"",""quantity"":2,""price"":37000,""total_price"":74000}]";"kecipir muda segar:2:37000";"1";"74000"
"wkwk 4 kebab tiramisu banana 45000";"[{""product"":""kebab tiramisu banana"",""quantity"":4,""price"":45000,""total_price"":180000}]";"kebab tiramisu banana:4:45000";"1";"180000"
"kak 4 chocolate brownies smores 31000 sama satu milky choco pudding rp 44000";"[{""product"":""chocolate brownies smores"",""quantity"":4,""price"":31000,""total_price"":124000},{""product"":""milky choco pudding"",""quantity"":1,""price"":44000,""total_price"":44000}]";"chocolate brownies smores:4:31000|milky choco pudding:1:44000";"2";"168000"
"kak brown sugar cold l Rp14000 sama classic strawberry Rp46000";"[{""product"":""brown sugar cold l"",""quantity"":1,""price"":14000,""total_price"":14000},{""product"":""classic strawberry"",""quantity"":1,""price"":46000,""total_price"":46000}]";"brown sugar cold l:1:14000|classic strawberry:1:46000";"2";"60000"
"kak tiga jasmine black tea rp 11500 dan 1 bihun goreng  kuah Rp42000 dan 2 fried chicken finger 34500";"[{""product"":""jasmine black tea"",""quantity"":3,""price"":11500,""total_price"":34500},{""product"":""bihun goreng  kuah"",""quantity"":1,""price"":42000,""total_price"":42000},{""product"":""fried chicken finger"",""quantity"":2,""price"":34500,""total_price"":69000}]";"jasmine black tea:3:11500|bihun goreng  kuah:1:42000|fried chicken finger:2:34500";"3";"145500"
"wkwk seporsi brown rice genmaicha tea Rp50000 + satu es kelapa muda  gelas 35000";"[{""product"":""brown rice genmaicha tea"",""quantity"":1,""price"":50000,""total_price"":50000},{""product"":""es kelapa muda  gelas"",""quantity"":1,""price"":35000,""total_price"":35000}]";"brown rice genmaicha tea:1:50000|es kelapa muda  gelas:1:35000";"2";"85000"
"kak dua smoked brisket Rp32000";"[{""product"":""smoked brisket"",""quantity"":2,""price"":32000,""total_price"":64000}]";"smoked brisket:2:32000";"1";"64000"
"wkwk 1 beef black pepper rice bowl Rp30500 + tiga holywings sorak Rp15500";"[{""product"":""beef black pepper rice bowl"",""quantity"":1,""price"":30500,""total_price"":30500},{""product"":""holywings sorak"",""quantity"":3,""price"":15500,""total_price"":46500}]";"beef black pepper rice bowl:1:30500|holywings sorak:3:15500";"2";"77000"
"wkwk 1 nasi putih panas 10500";"[{""product"":""nasi putih panas"",""quantity"":1,""price"":10500,""total_price"":10500}]";"nasi putih panas:1:10500";"1";"10500"
"wkwk satu ikan bawal bakar rp 34500";"[{""product"":""ikan bawal bakar"",""quantity"":1,""price"":34500,""total_price"":34500}]";"ikan bawal bakar:1:34500";"1";"34500"
"wkwk satu rendang Rp22000";"[{""product"":""rendang"",""quantity"":1,""price"":22000,""total_price"":22000}]";"rendang:1:22000";"1";"22000"
"wkwk 1 ikan masala khas dubai 24500";"[{""product"":""ikan masala khas dubai"",""quantity"":1,""price"":24500,""total_price"":24500}]";"ikan masala khas dubai:1:24500";"1";"24500"
"2 cafe latte 8000";"[{""product"":""cafe latte"",""quantity"":2,""price"":8000,""total_price"":16000}]";"cafe latte:2:8000";"1";"16000"
"wkwk seporsi gurami telur asin Rp23000";"[{""product"":""gurami telur asin"",""quantity"":1,""price"":23000,""total_price"":23000}]";"gurami telur asin:1:23000";"1";"23000"
"wkwk 2 kj saos padang 50000 sama 2 porsi fruit roll Rp18500";"[{""product"":""kj saos padang"",""quantity"":2,""price"":50000,""total_price"":100000},{""product"":""fruit roll"",""quantity"":2,""price"":18500,""total_price"":37000}]";"kj saos padang:2:50000|fruit roll:2:18500";"2";"137000"
"kak 3 pempek belida 32000 + 2 pepes tenggiri 27000";"[{""product"":""pempek belida"",""quantity"":3,""price"":32000,""total_price"":96000},{""product"":""pepes tenggiri"",""quantity"":2,""price"":27000,""total_price"":54000}]";"pempek belida:3:32000|pepes tenggiri:2:27000";"2";"150000"
"kak seporsi ikan mas pepes Rp50000";"[{""product"":""ikan mas pepes"",""quantity"":1,""price"":50000,""total_price"":50000}]";"ikan mas pepes:1:50000";"1";"50000"
"wkwk 1 cappucino large rp 29000";"[{""product"":""cappucino large"",""quantity"":1,""price"":29000,""total_price"":29000}]";"cappucino large:1:29000";"1";"29000"
"wkwk vanilla cake slice 38500";"[{""product"":""vanilla cake slice"",""quantity"":1,""price"":38500,""total_price"":38500}]";"vanilla cake slice:1:38500";"1";"38500"
"wkwk satu nasi ayam kampung goreng pedas rp 29000";"[{""product"":""nasi ayam kampung goreng pedas"",""quantity"":1,""price"":29000,""total_price"":29000}]";"nasi ayam kampung goreng pedas:1:29000";"1";"29000"
"seporsi mie djoedes gokil pemula 4000";"[{""product"":""mie djoedes gokil pemula"",""quantity"":1,""price"":4000,""total_price"":4000}]";"mie djoedes gokil pemula:1:4000";"1";"4000"
"kak 5 original cappucino 27000";"[{""product"":""original cappucino"",""quantity"":5,""price"":27000,""total_price"":135000}]";"original cappucino:5:27000";"1";"135000"
"satu choco milo Rp42500";"[{""product"":""choco milo"",""quantity"":1,""price"":42500,""total_price"":42500}]";"choco milo:1:42500";"1";"42500"
"tuna tempura 3500";"[{""product"":""tuna tempura"",""quantity"":1,""price"":3500,""total_price"":3500}]";"tuna tempura:1:3500";"1";"3500"
"seporsi omurice Rp35500 dan krupuk tengiri Rp25500 dan 1 herbal egg 22500";"[{""product"":""omurice"",""quantity"":1,""price"":35500,""total_price"":35500},{""product"":""krupuk tengiri"",""quantity"":1,""price"":25500,""total_price"":25500},{""product"":""herbal egg"",""quantity"":1,""price"":22500,""total_price"":22500}]";"omurice:1:35500|krupuk tengiri:1:25500|herbal egg:1:22500";"3";"83500"
"dua single beef toast 15000";"[{""product"":""single beef toast"",""quantity"":2,""price"":15000,""total_price"":30000}]";"single beef toast:2:15000";"1";"30000"
"kak selai strawberry oreo 39500";"[{""product"":""selai strawberry oreo"",""quantity"":1,""price"":39500,""total_price"":39500}]";"selai strawberry oreo:1:39500";"1";"39500"
"wkwk koloke  nasi 30500 + hampers end year rp 40500";"[{""product"":""koloke  nasi"",""quantity"":1,""price"":30500,""total_price"":30500},{""product"":""hampers end year"",""quantity"":1,""price"":40500,""total_price"":40500}]";"koloke  nasi:1:30500|hampers end year:1:40500";"2";"71000"
"wkwk seporsi sanger hot rp 7500 sama satu sari kedelai bubuk rp 24000";"[{""product"":""sanger hot"",""quantity"":1,""price"":7500,""total_price"":7500},{""product"":""sari kedelai bubuk"",""quantity"":1,""price"":24000,""total_price"":24000}]";"sanger hot:1:7500|sari kedelai bubuk:1:24000";"2";"31500"
"kak seporsi es sucok susu coklat 48500 dan satu pizza trimix medium rp 44000";"[{""product"":""es sucok susu coklat"",""quantity"":1,""price"":48500,""total_price"":48500},{""product"":""pizza trimix medium"",""quantity"":1,""price"":44000,""total_price"":44000}]";"es sucok susu coklat:1:48500|pizza trimix medium:1:44000";"2";"92500"
"kak 1 bf bulat mini warna biru rp 19500";"[{""product"":""bf bulat mini warna biru"",""quantity"":1,""price"":19500,""total_price"":19500}]";"bf bulat mini warna biru:1:19500";"1";"19500"
"wkwk 4 brownies cokelat keju 37000 sama ice coffee brown sugar rp 6500";"[{""product"":""brownies cokelat keju"",""quantity"":4,""price"":37000,""total_price"":148000},{""product"":""ice coffee brown sugar"",""quantity"":1,""price"":6500,""total_price"":6500}]";"brownies cokelat keju:4:37000|ice coffee brown sugar:1:6500";"2";"154500"
"1 kacang goyang 31500";"[{""product"":""kacang goyang"",""quantity"":1,""price"":31500,""total_price"":31500}]";"kacang goyang:1:31500";"1";"31500"
"satu sapi liver segar 14000 sama 1 nutella skippy rp 18000";"[{""product"":""sapi liver segar"",""quantity"":1,""price"":14000,""total_price"":14000},{""product"":""nutella skippy"",""quantity"":1,""price"":18000,""total_price"":18000}]";"sapi liver segar:1:14000|nutella skippy:1:18000";"2";"32000"
"wkwk 1 sate pentol pedas 37000 dan 2 porsi sobek kentang keju Rp30000";"[{""product"":""sate pentol pedas"",""quantity"":1,""price"":37000,""total_price"":37000},{""product"":""sobek kentang keju"",""quantity"":2,""price"":30000,""total_price"":60000}]";"sate pentol pedas:1:37000|sobek kentang keju:2:30000";"2";"97000"
"kak 2 ayam sambal ijo 20500";"[{""product"":""ayam sambal ijo"",""quantity"":2,""price"":20500,""total_price"":41000}]";"ayam sambal ijo:2:20500";"1";"41000"
"2 cadburry reguler Rp45000";"[{""product"":""cadburry reguler"",""quantity"":2,""price"":45000,""total_price"":90000}]";"cadburry reguler:2:45000";"1";"90000"
"wkwk 2 porsi ice choco wafer 36000";"[{""product"":""ice choco wafer"",""quantity"":2,""price"":36000,""total_price"":72000}]";"ice choco wafer:2:36000";"1";"72000"
"wkwk 2 porsi taucho tahu s 44000";"[{""product"":""taucho tahu s"",""quantity"":2,""price"":44000,""total_price"":88000}]";"taucho tahu s:2:44000";"1";"88000"
"1 blackpepper beef steak bowl 26000";"[{""product"":""blackpepper beef steak bowl"",""quantity"":1,""price"":26000,""total_price"":26000}]";"blackpepper beef steak bowl:1:26000";"1";"26000"
"1 gurami lada hitam 23500 sama 3 cheese chicken burger rp 16000 sama 5 ayam masak jamur 44500";"[{""product"":""gurami lada hitam"",""quantity"":1,""price"":23500,""total_price"":23500},{""product"":""cheese chicken burger"",""quantity"":3,""price"":16000,""total_price"":48000},{""product"":""ayam masak jamur"",""quantity"":5,""price"":44500,""total_price"":222500}]";"gurami lada hitam:1:23500|cheese chicken burger:3:16000|ayam masak jamur:5:44500";"3";"294000"
"seporsi mie gobyoss beef rp 14000";"[{""product"":""mie gobyoss beef"",""quantity"":1,""price"":14000,""total_price"":14000}]";"mie gobyoss beef:1:14000";"1";"14000"
"wkwk ramyun Rp8500";"[{""product"":""ramyun"",""quantity"":1,""price"":8500,""total_price"":8500}]";"ramyun:1:8500";"1";"8500"
"matcha c 31000";"[{""product"":""matcha c"",""quantity"":1,""price"":31000,""total_price"":31000}]";"matcha c:1:31000";"1";"31000"
"kak nasi ikan kembung bakar 28000 + seporsi biasa ayam telor ayam rp 33500";"[{""product"":""nasi ikan kembung bakar"",""quantity"":1,""price"":28000,""total_price"":28000},{""product"":""biasa ayam telor ayam"",""quantity"":1,""price"":33500,""total_price"":33500}]";"nasi ikan kembung bakar:1:28000|biasa ayam telor ayam:1:33500";"2";"61500"
"kak seporsi cheezy fries Rp46500";"[{""product"":""cheezy fries"",""quantity"":1,""price"":46500,""total_price"":46500}]";"cheezy fries:1:46500";"1";"46500"
"wkwk 2 porsi es sustro susu strawberry rp 22000";"[{""product"":""es sustro susu strawberry"",""quantity"":2,""price"":22000,""total_price"":44000}]";"es sustro susu strawberry:2:22000";"1";"44000"
"kak seporsi roti selai kacang asmara 49000";"[{""product"":""roti selai kacang asmara"",""quantity"":1,""price"":49000,""total_price"":49000}]";"roti selai kacang asmara:1:49000";"1";"49000"
"ayam goreng canton 21500 dan satu ikan kembung rp 50000";"[{""product"":""ayam goreng canton"",""quantity"":1,""price"":21500,""total_price"":21500},{""product"":""ikan kembung"",""quantity"":1,""price"":50000,""total_price"":50000}]";"ayam goreng canton:1:21500|ikan kembung:1:50000";"2";"71500"
"kak 1 spicy crunchy nori sushi 26000";"[{""product"":""spicy crunchy nori sushi"",""quantity"":1,""price"":26000,""total_price"":26000}]";"spicy crunchy nori sushi:1:26000";"1";"26000"
"wkwk dua roti goreng ranjau Rp10500";"[{""product"":""roti goreng ranjau"",""quantity"":2,""price"":10500,""total_price"":21000}]";"roti goreng ranjau:2:10500";"1";"21000"
"wkwk dua beef steak papper ricebowl rp 43000 dan 3 tape uli Rp16500";"[{""product"":""beef steak papper ricebowl"",""quantity"":2,""price"":43000,""total_price"":86000},{""product"":""tape uli"",""quantity"":3,""price"":16500,""total_price"":49500}]";"beef steak papper ricebowl:2:43000|tape uli:3:16500";"2";"135500"
"kak 4 blue burger rp 45500";"[{""product"":""blue burger"",""quantity"":4,""price"":45500,""total_price"":182000}]";"blue burger:4:45500";"1";"182000"
"kak satu nutrisari 42000 dan taro cold l 6000";"[{""product"":""nutrisari"",""quantity"":1,""price"":42000,""total_price"":42000},{""product"":""taro cold l"",""quantity"":1,""price"":6000,""total_price"":6000}]";"nutrisari:1:42000|taro cold l:1:6000";"2";"48000"
"1 coklat pahit batang 17000 + satu cheese danish 48000 + 1 es pop ice coklat Rp48000";"[{""product"":""coklat pahit batang"",""quantity"":1,""price"":17000,""total_price"":17000},{""product"":""cheese danish"",""quantity"":1,""price"":48000,""total_price"":48000},{""product"":""es pop ice coklat"",""quantity"":1,""price"":48000,""total_price"":48000}]";"coklat pahit batang:1:17000|cheese danish:1:48000|es pop ice coklat:1:48000";"3";"113000"
"wkwk seporsi kue lupis Rp14500";"[{""product"":""kue lupis"",""quantity"":1,""price"":14500,""total_price"":14500}]";"kue lupis:1:14500";"1";"14500"
"wkwk nasi chasio Rp29000 + seporsi pandan coffee latte Rp29500 + dua nasi wader pe 3000";"[{""product"":""nasi chasio"",""quantity"":1,""price"":29000,""total_price"":29000},{""product"":""pandan coffee latte"",""quantity"":1,""price"":29500,""total_price"":29500},{""product"":""nasi wader pe"",""quantity"":2,""price"":3000,""total_price"":6000}]";"nasi chasio:1:29000|pandan coffee latte:1:29500|nasi wader pe:2:3000";"3";"64500"
"wkwk dua tuna salad Rp26000";"[{""product"":""tuna salad"",""quantity"":2,""price"":26000,""total_price"":52000}]";"tuna salad:2:26000";"1";"52000"
"kak 2 wajit camilan 23000";"[{""product"":""wajit camilan"",""quantity"":2,""price"":23000,""total_price"":46000}]";"wajit camilan:2:23000";"1";"46000"
"wkwk fries cheesy Rp33000";"[{""product"":""fries cheesy"",""quantity"":1,""price"":33000,""total_price"":33000}]";"fries cheesy:1:33000";"1";"33000"
"kak seporsi nasi pecelurap ayam 6500 sama 1 oh matcha Rp9500 sama seporsi sosis goreng Rp12000";"[{""product"":""nasi pecelurap ayam"",""quantity"":1,""price"":6500,""total_price"":6500},{""product"":""oh matcha"",""quantity"":1,""price"":9500,""total_price"":9500},{""product"":""sosis goreng"",""quantity"":1,""price"":12000,""total_price"":12000}]";"nasi pecelurap ayam:1:6500|oh matcha:1:9500|sosis goreng:1:12000";"3";"28000"
"kak dua sosis bakar jumbo 46500";"[{""product"":""sosis bakar jumbo"",""quantity"":2,""price"":46500,""total_price"":93000}]";"sosis bakar jumbo:2:46500";"1";"93000"
"jjampong rp 42000 sama 2 jahe Rp46500 sama 2 singapore laksa rp 18500";"[{""product"":""jjampong"",""quantity"":1,""price"":42000,""total_price"":42000},{""product"":""jahe"",""quantity"":2,""price"":46500,""total_price"":93000},{""product"":""singapore laksa"",""quantity"":2,""price"":18500,""total_price"":37000}]";"jjampong:1:42000|jahe:2:46500|singapore laksa:2:18500";"3";"172000"
"wkwk emping pedas rp 43000";"[{""product"":""emping pedas"",""quantity"":1,""price"":43000,""total_price"":43000}]";"emping pedas:1:43000";"1";"43000"
"kak 4 cajun rice set Rp12500 + tiga takoyaki  crab rp 46000";"[{""product"":""cajun rice set"",""quantity"":4,""price"":12500,""total_price"":50000},{""product"":""takoyaki  crab"",""quantity"":3,""price"":46000,""total_price"":138000}]";"cajun rice set:4:12500|takoyaki  crab:3:46000";"2";"188000"
"2 porsi maldivian smash Rp7500 + pisang goreng srikaya rp 11000";"[{""product"":""maldivian smash"",""quantity"":2,""price"":7500,""total_price"":15000},{""product"":""pisang goreng srikaya"",""quantity"":1,""price"":11000,""total_price"":11000}]";"maldivian smash:2:7500|pisang goreng srikaya:1:11000";"2";"26000"
"mandarin orange 33000";"[{""product"":""mandarin orange"",""quantity"":1,""price"":33000,""total_price"":33000}]";"mandarin orange:1:33000";"1";"33000"
"satu pop es taro cincau 48500 dan 1 tea c iced rp 25500";"[{""product"":""pop es taro cincau"",""quantity"":1,""price"":48500,""total_price"":48500},{""product"":""tea c iced"",""quantity"":1,""price"":25500,""total_price"":25500}]";"pop es taro cincau:1:48500|tea c iced:1:25500";"2";"74000"
"4 sticky donuth beef mozarella 38000";"[{""product"":""sticky donuth beef mozarella"",""quantity"":4,""price"":38000,""total_price"":152000}]";"sticky donuth beef mozarella:4:38000";"1";"152000"
"wkwk 3 falafel mix roll Rp18500";"[{""product"":""falafel mix roll"",""quantity"":3,""price"":18500,""total_price"":55500}]";"falafel mix roll:3:18500";"1";"55500"
"satu choco peanut rp 9500 sama satu es good day mocacino 3500 sama satu cah sawi udang 33000";"[{""product"":""choco peanut"",""quantity"":1,""price"":9500,""total_price"":9500},{""product"":""es good day mocacino"",""quantity"":1,""price"":3500,""total_price"":3500},{""product"":""cah sawi udang"",""quantity"":1,""price"":33000,""total_price"":33000}]";"choco peanut:1:9500|es good day mocacino:1:3500|cah sawi udang:1:33000";"3";"46000"
"kak asam masak di pohon Rp26000 sama dua beras cerdas Rp33000";"[{""product"":""asam masak di pohon"",""quantity"":1,""price"":26000,""total_price"":26000},{""product"":""beras cerdas"",""quantity"":2,""price"":33000,""total_price"":66000}]";"asam masak di pohon:1:26000|beras cerdas:2:33000";"2";"92000"
"wkwk 5 mission impizzable rp 25000";"[{""product"":""mission impizzable"",""quantity"":5,""price"":25000,""total_price"":125000}]";"mission impizzable:5:25000";"1";"125000"
"kak 3 nasi ayam taliwang 31000 dan tiga mie korean spicy chicken 48000";"[{""product"":""nasi ayam taliwang"",""quantity"":3,""price"":31000,""total_price"":93000},{""product"":""mie korean spicy chicken"",""quantity"":3,""price"":48000,""total_price"":144000}]";"nasi ayam taliwang:3:31000|mie korean spicy chicken:3:48000";"2";"237000"
"seporsi kopi susu original Rp45500 dan dua juice pokat rp 34500";"[{""product"":""kopi susu original"",""quantity"":1,""price"":45500,""total_price"":45500},{""product"":""juice pokat"",""quantity"":2,""price"":34500,""total_price"":69000}]";"kopi susu original:1:45500|juice pokat:2:34500";"2";"114500"
"kak tiga mie aceh cemek udang Rp45000 + seporsi ayam pedas Rp33000 + seporsi nasi cumi tauco Rp7000";"[{""product"":""mie aceh cemek udang"",""quantity"":3,""price"":45000,""total_price"":135000},{""product"":""ayam pedas"",""quantity"":1,""price"":33000,""total_price"":33000},{""product"":""nasi cumi tauco"",""quantity"":1,""price"":7000,""total_price"":7000}]";"mie aceh cemek udang:3:45000|ayam pedas:1:33000|nasi cumi tauco:1:7000";"3";"175000"
"wkwk 2 porsi olahan ikan isi keju Rp38500 dan 2 porsi lapis surabaya besar rp 34000 dan gendon chiken krispy chesee rp 7500";"[{""product"":""olahan ikan isi keju"",""quantity"":2,""price"":38500,""total_price"":77000},{""product"":""lapis surabaya besar"",""quantity"":2,""price"":34000,""total_price"":68000},{""product"":""gendon chiken krispy chesee"",""quantity"":1,""price"":7500,""total_price"":7500}]";"olahan ikan isi keju:2:38500|lapis surabaya besar:2:34000|gendon chiken krispy chesee:1:7500";"3";"152500"
"wkwk 2 cimol pedas 17500 + seporsi small ice milo 46500";"[{""product"":""cimol pedas"",""quantity"":2,""price"":17500,""total_price"":35000},{""product"":""small ice milo"",""quantity"":1,""price"":46500,""total_price"":46500}]";"cimol pedas:2:17500|small ice milo:1:46500";"2";"81500"
"wkwk 4 mie djoedes pemula rp 16000";"[{""product"":""mie djoedes pemula"",""quantity"":4,""price"":16000,""total_price"":64000}]";"mie djoedes pemula:4:16000";"1";"64000"
"wkwk 2 porsi coffee milk bottle rp 42500";"[{""product"":""coffee milk bottle"",""quantity"":2,""price"":42500,""total_price"":85000}]";"coffee milk bottle:2:42500";"1";"85000"
"wkwk 4 mie spaghetti refftwo rp 43000 + seporsi iced americano rp 49500";"[{""product"":""mie spaghetti refftwo"",""quantity"":4,""price"":43000,""total_price"":172000},{""product"":""iced americano"",""quantity"":1,""price"":49500,""total_price"":49500}]";"mie spaghetti refftwo:4:43000|iced americano:1:49500";"2";"221500"
"kak 3 wagyu saikoro 18500 + ropang cheese Rp9000";"[{""product"":""wagyu saikoro"",""quantity"":3,""price"":18500,""total_price"":55500},{""product"":""ropang cheese"",""quantity"":1,""price"":9000,""total_price"":9000}]";"wagyu saikoro:3:18500|ropang cheese:1:9000";"2";"64500"
"kak tiga cinammon dolce latte Rp38500 dan dua nasi gurame sambal ijo Rp5500 dan 1 combo duo cheese Rp26500";"[{""product"":""cinammon dolce latte"",""quantity"":3,""price"":38500,""total_price"":115500},{""product"":""nasi gurame sambal ijo"",""quantity"":2,""price"":5500,""total_price"":11000},{""product"":""combo duo cheese"",""quantity"":1,""price"":26500,""total_price"":26500}]";"cinammon dolce latte:3:38500|nasi gurame sambal ijo:2:5500|combo duo cheese:1:26500";"3";"153000"
"wkwk ice premium sogem Rp36000";"[{""product"":""ice premium sogem"",""quantity"":1,""price"":36000,""total_price"":36000}]";"ice premium sogem:1:36000";"1";"36000"
"satu lemak kerbau rp 11000 + 2 ice hezelnut latte rp 49500";"[{""product"":""lemak kerbau"",""quantity"":1,""price"":11000,""total_price"":11000},{""product"":""ice hezelnut latte"",""quantity"":2,""price"":49500,""total_price"":99000}]";"lemak kerbau:1:11000|ice hezelnut latte:2:49500";"2";"110000"
"kak 5 steamboat bowl rp 19500";"[{""product"":""steamboat bowl"",""quantity"":5,""price"":19500,""total_price"":97500}]";"steamboat bowl:5:19500";"1";"97500"
"kak satu ice blended red velved rp 5500 dan 5 spaghetty 11500";"[{""product"":""ice blended red velved"",""quantity"":1,""price"":5500,""total_price"":5500},{""product"":""spaghetty"",""quantity"":5,""price"":11500,""total_price"":57500}]";"ice blended red velved:1:5500|spaghetty:5:11500";"2";"63000"
"wkwk tiga blackpink coffee rp 21000 sama 5 espresso lemon rock Rp3000";"[{""product"":""blackpink coffee"",""quantity"":3,""price"":21000,""total_price"":63000},{""product"":""espresso lemon rock"",""quantity"":5,""price"":3000,""total_price"":15000}]";"blackpink coffee:3:21000|espresso lemon rock:5:3000";"2";"78000"
"wkwk seporsi moterosa rp 48500 dan seporsi original jasmine tea rp 14000";"[{""product"":""moterosa"",""quantity"":1,""price"":48500,""total_price"":48500},{""product"":""original jasmine tea"",""quantity"":1,""price"":14000,""total_price"":14000}]";"moterosa:1:48500|original jasmine tea:1:14000";"2";"62500"
"tiga blue curacao lemonade rp 31000";"[{""product"":""blue curacao lemonade"",""quantity"":3,""price"":31000,""total_price"":93000}]";"blue curacao lemonade:3:31000";"1";"93000"
"kak 1 smirnoff red 15000";"[{""product"":""smirnoff red"",""quantity"":1,""price"":15000,""total_price"":15000}]";"smirnoff red:1:15000";"1";"15000"
"2 porsi avocado pops Rp8500 dan 2 nasi goreng chasiu rp 26000";"[{""product"":""avocado pops"",""quantity"":2,""price"":8500,""total_price"":17000},{""product"":""nasi goreng chasiu"",""quantity"":2,""price"":26000,""total_price"":52000}]";"avocado pops:2:8500|nasi goreng chasiu:2:26000";"2";"69000"
"kak sei sapi ricarica rp 9500";"[{""product"":""sei sapi ricarica"",""quantity"":1,""price"":9500,""total_price"":9500}]";"sei sapi ricarica:1:9500";"1";"9500"
"dua daun singkong ampenan segar 17500";"[{""product"":""daun singkong ampenan segar"",""quantity"":2,""price"":17500,""total_price"":35000}]";"daun singkong ampenan segar:2:17500";"1";"35000"
"wkwk 2 lontong sayurtelurteh manis rp 43500";"[{""product"":""lontong sayurtelurteh manis"",""quantity"":2,""price"":43500,""total_price"":87000}]";"lontong sayurtelurteh manis:2:43500";"1";"87000"
"seporsi cereal strawberry rp 30000 + 1 sate cikau goreng rp 9000 + nutrisari sweet orange 43000";"[{""product"":""cereal strawberry"",""quantity"":1,""price"":30000,""total_price"":30000},{""product"":""sate cikau goreng"",""quantity"":1,""price"":9000,""total_price"":9000},{""product"":""nutrisari sweet orange"",""quantity"":1,""price"":43000,""total_price"":43000}]";"cereal strawberry:1:30000|sate cikau goreng:1:9000|nutrisari sweet orange:1:43000";"3";"82000"
"seporsi siomay mini kering rp 8000";"[{""product"":""siomay mini kering"",""quantity"":1,""price"":8000,""total_price"":8000}]";"siomay mini kering:1:8000";"1";"8000"
"1 rice Rp8000";"[{""product"":""rice"",""quantity"":1,""price"":8000,""total_price"":8000}]";"rice:1:8000";"1";"8000"
"3 thai milk tea c rp 27000 dan seporsi fish n chips cheese sc rp 35500 dan seporsi penyetan lele  nasi rp 39000";"[{""product"":""thai milk tea c"",""quantity"":3,""price"":27000,""total_price"":81000},{""product"":""fish n chips cheese sc"",""quantity"":1,""price"":35500,""total_price"":35500},{""product"":""penyetan lele  nasi"",""quantity"":1,""price"":39000,""total_price"":39000}]";"thai milk tea c:3:27000|fish n chips cheese sc:1:35500|penyetan lele  nasi:1:39000";"3";"155500"
"clair praline rp 22000 dan extra fried shallots Rp38500 dan 1 extra bawang bombay 7500";"[{""product"":""clair praline"",""quantity"":1,""price"":22000,""total_price"":22000},{""product"":""extra fried shallots"",""quantity"":1,""price"":38500,""total_price"":38500},{""product"":""extra bawang bombay"",""quantity"":1,""price"":7500,""total_price"":7500}]";"clair praline:1:22000|extra fried shallots:1:38500|extra bawang bombay:1:7500";"3";"68000"
"5 nasi goreng kalimantan rp 29000";"[{""product"":""nasi goreng kalimantan"",""quantity"":5,""price"":29000,""total_price"":145000}]";"nasi goreng kalimantan:5:29000";"1";"145000"
"wkwk 4 tamago maki rp 44000";"[{""product"":""tamago maki"",""quantity"":4,""price"":44000,""total_price"":176000}]";"tamago maki:4:44000";"1";"176000"
