slang,formal
aamiin,amin
aamiinn,amin
aamin,amin
aammiin,amin
abis,habis
abisin,habiskan
acau,kacau
achok,ahok
ad,ada
adek,adik
adl,adalah
adlah,adalah
adlh,adalah
ado,ada
aduhh,aduh
aer,air
afdol,afdal
agamaataualqur,agama alquran
agm,agama
agma,agama
ahaha,haha
ahahaha,haha
ahehehehe,hehe
ahir,akhir
ahirnya,akhirnya
ahk,ahok
ahlamdulillah,alhamdulillah
ahlusunnah,ahlus sunah
ahmaddani,ahmad dhani
aho,ahok
ahoax,ahok
ahoaxx,ahok
ahog,ahok
ahokataudjarot,ahok djarot
ahokbebanijokowi,ahok beban jokowi
ahokditolakwarga,ahok ditolak warga
ahokdjarot,ahok djarot
ahokdjarotterbukti,ahok djarot terbukti
ahokers,ahoker
ahokfighter,ahok pejuang
ahokforpresident,ahok for presiden
ahokisthebest,ahok terbaik
ahokjarot,ahok djarot
ahokk,ahok
ahokmasukbui,ahok masuk bui
ahokmeskipun,ahok meskipun
ahokpositifjadi,ahok positif jadi
ahoksatuputaran,ahok satu putaran
ahoksemangat,ahok semangat
ahoktersangka,ahok tersangka
ahokterzhalimi,ahok terzalimi
ahoktetap,ahok tetap
ahoktidaksendiri,ahok tidak sendiri
ahokuser,ahok
ahook,ahok
ahox,ahok
aing,aku
airmata,air mata
aiskrim,es krim
aj,saja
aja,saja
ajaa,saja
ajah,saja
ajalah,sajalah
aje,saja
ajg,anjing
ajh,saja
ajib,hebat
ajj,saja
ak,aku
akalakalan,akal akalan
akalakaln,akal akalan
akankena,akan kena
akherat,akhirat
akhi,saudara
akhirny,akhirnya
akhirnyamush,akhirnya musuh
akirnya,akhirnya
akn,akan
akoh,aku
akumuslim,aku muslim
akuwa,aqua
alahuakbar,allahu akbar
alallohu,alallahu
alesan,alasan
alhamdulilah,alhamdulillah
alhamdulillaah,alhamdulillah
alhamdullilah,alhamdulillah
alhmdllh,alhamdulillah
allahuakbar,allahu akbar
allahughayatuna,allahu ghayatuna
alloh,allah
allohu,allahu
alqur,alquran
ama,sama
amaca,ah masa
amajing,luar biasa
amcaman,ancaman
amiin,amin
aminn,amin
ampe,sampai
amriki,amerika
amuh,kamu
ana,saya
anbiarkekinian,biar kekinian
ancen,memang
ancur,hancur
ancuur,hancur
ane,saya
anget,hangat
angktpn,angkatpun
anjeng,anjing
anjg,anjing
ank,anak
anomaly,anomali
antikorupsi,anti korupsi
antum,kalian
anugrah,anugerah
ap,apa
apaapaan,apa apaan
apaapalah,apa sajalah
apah,apa
apakabar,apa kabar
apalg,apa lagi
apamaunya,apa maunya
apane,apanya
apaoun,apapun
apasih,apa sih
ape,apa
apenista,penista
aph,apa
apk,apakah
aplgi,apa lagi
apo,apa
apose,apa sih
apz,apa
aq,aku
aquh,aku
artinx,artinya
asek,asyik
aseng,asing
asew,anjing
asik,asyik
ask,tanya
asline,aslinya
assalamuallaikum,assalamualaykum
asu,anjing
asw,anjing
asyek,asyik
atauatauatau,atau
atauatauatauatau,atau
atauem,atau
atauhr,atau
ataus,atau
ati,hati
atit,sakit
ato,atau
atu,satu
atw,atau
awkeren,keren
awutawutan,awut awutan
aya,ada
ayang,sayang
ayok,ayo
ayoo,ayo
ayuk,ayo
aza,saja
azhan,azan
babeh,ayah
badboy,bad boy
badjingan,bajingan
bae,baik
bagaimnpun,bagaimana
bagimane,bagaimana
bahwasannya,bahwasanya
bakalan,akan
balaikota,balai kota
bales,balas
balikin,kembalikan
baliq,balig
bandarq,bandarku
bandingin,bandingkan
banga,bangsa
banged,banget
bangen,banget
bangett,banget
bangettt,banget
bangke,bangkai
bangsag,bangsat
bangst,bangsat
bantuk,bentuk
banun,bangun
banyakin,perbanyak
bapake,ayahnya
baper,bawa perasaan
baryaw,sabar ya
baryw,sabar ya
baso,bakso
basukibtp,basuki tjahaja purnama
basukigameover,basuki kalah
bat,banget
bauu,bau
bawak,bawa
bay,selamat tinggal
bayangin,bayangkan
bayaranatausuruhan,bayaran atau suruhan
bbrapa,beberapa
bbrp,beberapa
bc,baca
bct,bacot
bda,beda
bdan,badan
bdg,bandung
bdn,badan
becanda,bercanda
bedoa,berdoa
bedua,berdua
bege,bego
bejad,bejat
bekel,bekal
bekingin,lindungi
belaquran,bela alquran
beliin,belikan
belom,belum
belon,belum
bener,benar
beneran,benaran
berantem,bertengkar
berdo,berdoa
berenti,berhenti
berfikir,berpikir
bergengam,bergenggam
bergoncang,berguncang
berindak,bertindak
beritadan,berita dan
beritain,memberitakan
beritany,beritanya
beritaterkini,berita kini
berkacaberkacanya,berkaca kaca
berrti,berarti
bersyukrlah,bersyukurlah
besoq,besok
bet,banget
bete,sebal
betulin,betulkan
beud,banget
beut,banget
bg,bagi
bgd,banget
bgerak,bergerak
bget,banget
bgi,bagi
bgini,begini
bgitu,begitu
bgks,bungkus
bgm,bagaimana
bgmn,bagaimana
bgmna,bagaimana
bgn,bangun
bgni,begini
bgntdr,bangun tidur
bgs,bagus
bgst,bangsat
bgt,banget
bgtu,begitu
bgus,bagus
bhay,selamat tinggal
bhinekaan,bhineka
bhinneka,bhineka
bhkan,bahkan
bhn,bahan
bhong,bohong
bhs,bahas
bhw,bahwa
bhwa,bahwa
bhy,bahaya
biarin,biarkan
biarpn,biarpun
bijimane,bagaimana
bisenye,bisanya
bistu,habis itu
bisya,bisa
biza,bisa
bj,baju
bju,baju
bk,buku
bkan,bukan
bkap,ayah
bkin,bikin
bkl,bakal
bkn,bukan
bkna,bukannya
bkp,ayah
bkr,bakar
bks,bungkus
bl,beli
blajar,belajar
blakan,blak
blg,bilang
blh,boleh
bli,beli
blik,balik
blingsatanya,belingsatan
bljr,belajar
blk,balik
blkg,belakang
blkng,belakang
blkngny,belakangnya
blm,belum
bln,bulan
blng,bilang
blngn,bilangan
blom,belum
blon,belum
bloon,belum
bls,balas
blum,belum
blusukan,blusuk
bndg,bandung
bndr,bandar
bner,benar
bneran,benar
bnget,banget
bngks,bungkus
bngng,bingung
bngsa,bangsa
bngt,banget
bngun,bangun
bnr,benar
bnrbnr,benar benar
bnrn,benaran
bntar,sebentar
bntr,sebentar
bnyak,banyak
bnyk,banyak
bnykny,banyaknya
bobo,tidur
bobok,tidur
bodo,bodoh
bokap,ayah
bokaps,ayah
bokapz,ayah
bole,boleh
boong,bohong
bosen,bosan
boskuh,bosku
boten,tidak
bozen,bosan
bozn,bosan
bp,bapak
bpak,bapak
bpk,bapak
br,baru
brani,berani
brantas,berantas
brapa,berapa
brarti,berarti
brasa,berasa
bravoo,bravo
breake,istirahat
breaking,istirahat
brengsek,berengsek
brg,barang
brgkt,berangkat
brharap,berharap
brhsl,berhasil
brikut,berikut
bringas,beringas
brisik,berisik
brjln,berjalan
brjuang,berjuang
brkeliaran,berkeliaran
brkfst,sarapan
brkpntingan,berkepentingan
brkumandang,berkumandang
brmslh,bermasalah
brngkt,berangkat
brp,berapa
brpa,berapa
brpedoman,berpedoman
brrti,berarti
brs,beres
brsal,berasal
brsama,bersama
brsamamu,bersamamu
brshbt,bersahabat
brsm,bersama
brtahan,bertahan
brthn,bertahan
brtmn,berteman
bru,baru
bruh,buruh
bryaw,sabar ya
bryw,sabar ya
bs,bisa
bsa,bisa
bsk,besok
bsok,besok
bsoq,besok
bsr,besar
bte,bosan
btg,batang
bth,butuh
btl,betul
btul,betul
btull,betul
buad,buat
buatapa,buat apa
buatin,buatkan
bubarin,bubarkan
bukabukaan,buka bukaan
bukane,bukannya
bukn,bukan
buktiin,buktikan
buktikan,buktikan
buktikqn,buktikan
bul,kibul
bulshit,kibul
buryam,bubur ayam
buzer,buzzer
buzzerbuzzernya,buzzer buzzernya
bw,bawa
bwa,bawa
bwaanx,bawaan
bwh,bawah
bwt,buat
byak,banyak
byk,banyak
bynk,banyak
byr,bayar
bzen,bosan
bzn,bosan
cabut,pergi
cagubnya,calon gubernurnya
cahya,cahaya
caiank,sayang
caiyo,semangat
cakep,cakap
cantek,cantik
capek,cape
caturx,catur
cayo,semangat
cb,coba
ceheheheh,hehe
cekola,sekolah
cekolah,sekolah
celalaw,selalu
celalu,selalu
cemen,takut
cemplungin,mencemplungkan
cemungudh,semangat
cemungut,semangat
cemunguth,semangat
cepet,cepat
ceplas,ceplos
ceppat,cepat
cewe,cewek
ciamik,indah
ciap,siap
ciayou,semangat
cibuq,sibuk
cie,wah
ciee,wah
cini,sini
cino,cina
citizens,warga kota
ciyan,kasihan
ciye,wah
ciyus,serius
ckck,wkwk
ckp,cukup
ckrg,sekarang
ckup,cukup
cling,bersih
cll,selalu
cllu,selalu
cllw,selalu
cm,cuma
cma,cuma
cman,cuma
cmn,cuma
cmpk,cempaka
col,keren
compares,membandingkan
congrats,selamat
congratulation,selamat
corruptions,korupsi
corruptors,koruptor
cowo,cowok
coz,soalnya
cpat,cepat
cpe,cape
cpee,cape
cpet,cepat
cpt,cepat
cptn,cepatan
crt,cerita
crying,menangis
cs,rekan
cth,contoh
cukupsatuputaran,cukup satu putaran
cuman,cuma
cw,cewek
cwe,cewek
cwo,cowok
d,di
da,dan
dah,sudah
dalah,adalah
dalem,dalam
dann,dan
dapa,ada apa
dapah,ada apa
dapet,dapat
dapetin,mendapatkan
daripaddatidda,dari pada tidak
datangin,mendatangi
dateng,datang
daut,daud
dblg,dibilang
dblkng,dibelakang
dbls,dibalas
dbwt,dibuat
dbyr,dibayar
ddpn,di depan
dduk,duduk
de,deh
demen,suka
democrazy,demokrasi gila
demodemo,demo demo
demodemonov,demo november
denger,dengar
dengn,dengan
depa,depan
des,desember
dewadewa,dewa dewa
dftr,daftar
dg,dengan
dgn,dengan
dgr,dengar
dgrn,dengarkan
dh,sudah
dhewan,dewan
diaa,dia
diajakin,diajak
dianutny,dianutnya
diapain,diapakan
dibelakanghari,di belakang hari
dibiarin,dibiarkan
dibobongin,dibodohi
dibodohin,dibodohi
dibohongin,dibohongi
diboongin,dibohongi
dibuatx,dibuatnya
dibudigunawankan,di budi gunawankan
dicuekin,dicueki
didenger,didengar
didengerin,didengarkan
didiemin,didiamkan
didlam,di dalam
didzalimi,dizalimi
die,dia
diem,diam
digembosin,digembosi
diginiin,dibeginikan
dijadiin,dijadikan
dijatohin,dijatuhi
dijdkn,dijadikan
dikenyataanya,pada kenyataannya
dikirain,dikiranya
dikit,sedikit
dimance,di mana
dimandose,di mana sih
dimans,dimana
dimonitoring,dipantau
dinaikin,dinaiki
dinegri,di negeri
dipake,dipakai
dipemjara,di penjara
diperes,diperas
dipikirin,dipikirkan
dipilkada,di pilkada
diprose,diproses
dirix,dirinya
dirmh,di rumah
disalahgunakan,disalah gunakan
disamarinda,di samarinda
disewotin,disewoti
disumpahdisumpahin,disumpahi
ditemenin,ditemani
ditentukn,ditentukan
ditetapknnya,ditetapkan
ditrsangkakan,ditersangkakan
dittapkn,ditetapkan
diyem,diam
dizhalimi,dizalimi
dizholimi,dizalimi
dizolimi,dizalimi
djakarta,di jakarta
djasatuputaran,di satu putaran
djkt,di jakarta
djl,di jalan
djln,di jalan
djmin,dijamin
dkat,dekat
dket,dekat
dkijakarta,dki jakarta
dkls,di kelas
dkmps,di kampus
dkmr,di kamar
dkntr,di kantor
dksh,dikasih
dkt,dekat
dl,dulu
dlm,dalam
dlmnya,dalamnya
dlrng,dilarang
dlu,dulu
dluan,duluan
dmana,di mana
dmkn,dimakan
dmn,di mana
dmna,di mana
dmnmn,di mana mana
dmny,di mana
dn,dan
dng,dengan
dngan,dengan
dngar,dengar
dnger,dengar
dngerin,dengarkan
dngn,dengan
dngr,dengar
doain,doakan
doank,doang
doi,dia
dongok,dungu
donlot,unduh
dont,do not
doyan,suka
dp,uang muka
dpan,depan
dpet,dapat
dpk,depok
dpkrkn,dipikirkan
dpn,depan
dpnrmh,di depan rumah
dpt,dapat
dr,dari
drg,dokter gigi
drh,darah
dri,dari
drmh,di rumah
drmn,dari mana
drpd,daripada
drtd,dari tadi
drumah,di rumah
dsar,dasar
dsb,dan sebagainya
dsblh,di sebelah
dsini,di sini
dsklh,di sekolah
dsni,di sini
dsnii,di sini
dst,dan seterusnya
dtetapak,ditetapkan
dtg,datang
dtgn,datang
dtgny,datangnya
dtmbh,di tambah
dtmpt,di tempat
dtng,datang
dttapkn,ditetapkan
dtuntut,dituntun
duabelas,dua belas
duaduanya,dua duanya
duchh,aduh
duh,aduh
dukungahok,dukung ahok
dukungfatwa,dukung fatwa
dukungfatwamui,dukung fatwa mui
duluan,lebih dahulu
duluw,dahulu
dunk,dong
durung,belum
dy,dia
dya,dia
dzolim,zalim
dzolimi,dizalimi
ea,iya
eagles,elang
ealah,iyalah
ech,eh
eehh,eh
egak,tidak
egh,eh
ehh,eh
ekong,kakek
elech,alah
elee,alah
elektibilitas,elektabilitas
elit,elite
elo,kamu
elu,kamu
eman,sayang
emang,memang
emangnya,memangnya
emank,memang
emg,memang
emng,memang
en,dan
ending,akhir
endingnya,akhirnya
engga,tidak
enggak,tidak
enjarakanahok,penjarakan ahok
enk,enak
entar,nanti
ente,kamu
entee,kamu
erti,mengerti
esbeye,susilo bambang yudhoyono
eskrim,es krim
eteb,bosan
everythings,segalanya
faham,paham
fanati,fanatik
fb,facebook
fcked,fuck
fears,fear
feb,februari
fikir,pikir
fikiran,pikiran
finah,fitnah
follback,ikuti
follbek,ikuti
followback,ikuti
follower,pengikut
followers,pengikut
freeahok,free ahok
futures,masa depan
g,tidak
ga,tidak
gaada,tidak ada
gabakal,tidak akan
gaberani,tidak berani
gabisa,tidak bisa
gaboleh,tidak boleh
gabut,kurang kerjaan
gada,tidak ada
gaenak,tidak enak
gaikut,tidak ikut
gajadi,tidak jadi
gajelas,tidak jelas
gak,tidak
gakuat,tidak kuat
gakz,tidak
galo,galau
gamasuk,tidak masuk
gamau,tidak mau
ganbate,semangat
ganyangahok,ganyang ahok
ganyangcina,ganyang cina
gapake,tidak pakai
gapapa,tidak apa apa
gapapalah,tidak apalah
gapape,tidak apa
gapernah,tidak pernah
gapunya,tidak punya
garangangarangan,garang
garem,garam
gasuka,tidak suka
gatau,tak tau
gataw,tak tau
gatel,gatal
gausah,tidak usah
gawe,kerja
gbr,gambar
gdg,gudang
gece,gerak cepat
gelaja,gejala
gelik,geli
gelo,gila
gemes,gemas
gengges,ganggu
genks,geng
gera,gerak
gerja,gereja
ggl,gagal
ghiy,lagi
gi,lagi
gilak,gila
gile,gila
gilla,gila
gimana,bagaimana
gimanapun,bagaimanapun
gin,begini
ginian,beginian
gitu,begitu
gituan,begitu
gituh,begitu
gk,tidak
gmana,bagaimana
gmbr,gambar
gmn,bagaimana
gmna,bagaimana
gmpg,gampang
gmpng,gampang
gni,begini
gnti,ganti
goblog,goblok
going,pergi
gonna,pergi
gosipin,menggosipkan
gov,gubernur
governo,gubernur
governoor,gubernur
governor,gubernur
governour,gubernur
govt,pemerintah
goyangin,goyangkan
gpl,tidak pakai lama
gpny,tidak punya
gpp,tidak apa apa
gprnh,tidak pernah
gr,gede rasa
gratisan,gratis
gregetan,geregetan
gt,begitu
gtu,begitu
gtw,tak tau
gua,gue
gub,gubernur
gubatauwalkot,gubernur atau walikota
gubenur,gubernur
guberenur,gubernur
guemewek,gue mewek
guoblog,goblok
gurbenur,gubernur
guwe,gue
gw,gue
gwe,gue
gws,semoga lekas sembuh
gx,tidak
ha,apa
habaib,habib
hacur,hancur
hadeh,aduh
hadeuh,aduh
hahaha,haha
hahahahaha,haha
hapal,hafal
hape,telepon genggam
happening,terjadi
haq,hak
haqq,hakiki
hariharimu,hari harimu
harini,hari ini
hastag,tagar
hastage,tagar
haters,hater
hatinye,hatinya
hbd,selamat ulang tahun
hbis,habis
hbng,hubungi
hbngn,hubungan
hbs,habis
hbskn,habiskan
hdup,hidup
hebatx,hebatnya
helow,halo
hepi,senang
hepihepinya,senang senangnya
hera,heran
hestag,tagar
hestagnya,tagarnya
hesteg,tagar
hestek,tagar
hgga,hingga
hha,haha
hhaaa,haha
hidupgwselo,hidup saya santai
hilangin,hilangkan
hkm,hukum
hkum,hukum
hlg,hilang
hlm,halaman
hlmn,halaman
hmm,hem
hny,hanya
hnya,hanya
hoak,hoaks
hoaker,penyebar hoaks
hoakers,penyebar hoaks
hog,ahok
hok,ahok
hopeless,putus asa
hormatin,hormati
hotels,hotel
hr,hari
hrapan,harapan
hrg,harga
hrgny,harganya
hri,hari
hrs,harus
hrsny,seharusnya
hrsnya,seharusnya
hrus,harus
hsl,hasil
hti,hati
huah,wah
huakbar,allahu akbar
hub,hubung
hubunganya,hubungannya
huehue,hehe
hukumanny,hukumannya
hums,rumah
humz,rumah
huum,iya
huwallohu,allahu
hy,hanya
idelete,hapus
idup,hidup
igat,ingat
ihlas,ikhlas
ijo,hijau
iket,ikat
iki,ini
iklas,ikhlas
iku,ikut
ikutikutan,ikut ikutan
ikutin,ikuti
ilah,lah
ilang,hilang
ilangnya,hilangnya
imbau,himbau
imembela,saya membela
imwith,saya dengan
imwithahok,saya dengan ahok
ind,indonesia
indakk,tidak
independen,bebas
indo,indonesia
indonesian,indonesia
inget,ingat
ingetin,ingatkan
ingnikan,menginginkan
ingt,ingat
inibarujakarta,ini baru jakarta
inideh,ini deh
innocense,tidak bersalah
inoleran,tidak toleran
insallah,insyaallah
insha,insya
insyaa,insya
insyaallah,insyaallah
insyaalloh,insyaallah
insyallah,insyaallah
internationally,international
isa,bisa
iso,bisa
istrht,istirahat
item,hitam
its,ini
itumah,itu mah
iy,iya
iyach,iya
iyah,ya
iyap,iya
iyapz,iya
iyoo,iya
iyup,iya
iyupz,iya
iz,iya
iza,iya
izza,iya
ja,saja
jabaninn,layani
jabatanya,jabatannya
jadiin,jadikan
jadijadian,jadi jadian
jagan,jangan
jakanjing,the jack anjing
jakrta,jakarta
jambaners,para jamban
jamber,jam berapa
jan,jangan
janganmalasbaca,jangan malas baca
jangas,jangan
janjikapolri,janji kapolri
jarot,djarot
jatoh,jatuh
jatohnya,jatuhnya
jatuhataumundur,jatuh mundur
jatuhin,jatuhi
jau,jauh
jd,jadi
jdi,jadi
jdkan,jadikan
jdny,jadinya
jdnya,jadinya
jdwl,jadwal
jebleh,jablay
jejelin,menjejalkan
jela,sajalah
jem,jam
jentelman,gentleman
jesica,jessica
jesika,jessica
jg,juga
jga,juga
jgan,jangan
jglh,jagalah
jgn,jangan
jgnjgn,jangan jangan
jgnn,jangan
jjurnnya,sejujurnya
jk,jika
jkarta,jakarta
jkrt,jakarta
jksaagung,jaksa agung
jkt,jakarta
jl,jalan
jln,jalan
jm,jam
jmbt,jembut
jmbtn,jembatan
jml,jumlah
jmlh,jumlah
jmpt,jemput
jmt,jumat
jng,jangan
jngan,jangan
jngn,jangan
joined,bergabung
jokowinetral,jokowi netral
jos,hebat
jpn,jepang
jrg,jarang
jrng,jarang
jt,juta
jubirnya,jubir
judulnye,judulnya
jungkirbalik,jungkir balik
jwb,jawab
jwbn,jawaban
jwbny,jawabannya
kabeh,semua
kacian,kasihan
kaga,tidak
kagak,tidak
kai,kau
kaka,kakak
kalahin,kalahkan
kale,kali
kalee,kali
kalo,kalau
kalok,kalau
kalu,kalau
kamiahok,kami ahok
kamiahokk,kami ahok
kamibukan,kami bukan
kamibukanahok,kami bukan ahok
kamimanusia,kami manusia
kammi,kami
kampany,kampanye
kampenye,kampanye
kanapa,kenapa
kandangin,kandangkan
kapir,kafir
kapolritangkapahok,kapolri tangkap ahok
kaporli,kapolri
karna,karena
karo,sama
karoke,karaoke
kasalndukung,asal dukung
kasi,kasih
kasian,kasihan
kasusunya,kasusnya
kau,kamu
kaulahhh,kamulah
kawalkasusahok,kawal kasus ahok
kawall,kawal
kawalterus,kawal terus
kayanya,sepertinya
kbakaran,kebakaran
kbnykn,kebanyakan
kbr,kabar
kbtln,kebetulan
kbusukan,kebusukan
kbykn,kebanyakan
kdg,kadang
kdng,kadang
kdpan,ke depan
kdpn,ke depan
kebawa,terbawa
kebereraniammu,keberanianmu
kebhinekaan,kebinekaan
kebhinnekaan,kebinekaan
kebhinnekaannya,kebinekaannya
kebncian,kebencian
kebon,kebun
kecakepan,terlalu cakap
kedholiman,kezaliman
keepcalm,tetap tenang
kegeeran,terlalu gede rasa
keiknya,sepertinya
kejadia,kejadian
kejakarta,ke jakarta
kejaliman,kezaliman
kek,kayak
kekecewan,kekecewaan
keknya,sepertinya
kekuasaa,kekuasaan
kekuatanya,kekuatannya
kelaperan,kelaparan
kelar,selesai
kelen,kalian
keles,kali
keliatan,kelihatan
kelles,kali
kemane,kemana
kemaren,kemarin
kembangin,kembangkan
keminter,sok pintar
kemnangan,kemenangan
kenapah,kenapa
kenape,kenapa
kenaps,kenapa
kenapz,kenapa
kenceng,kencang
kencengin,kencangkan
kepengen,ingin
kepntingn,kepentingan
kepo,ingin tahu
kerna,karena
kesalahanya,kesalahannya
kesampean,kesampaian
kesel,kesal
kesian,kasihan
ketawa,tertawa
ketidakadilan,ke tidak adilan
keujanan,kehujanan
keyen,keren
kezholiman,kezaliman
kga,tidak
kgak,tidak
kgk,tidak
khabar,kabar
khan,kan
khanz,kan
khsny,khususnya
khwtr,khawatir
killafah,khilafah
kirain,kiraan
kirimin,kirimkan
kitaahok,kita ahok
kite,kita
kk,kakak
kkk,kakak
kkuasaan,kekuasaan
kl,kalau
klau,kalau
klh,kalah
kli,kali
kliatannya,kelihatannya
kliatn,kelihatan
klmat,kalimat
klmpk,kelompok
klo,kalau
klp,kelompok
kls,kelas
klu,kalau
kluar,keluar
kluarga,keluarga
klw,kalau
kmaren,kemarin
kmbali,kembali
kmenangn,kemenangan
kmi,kami
kmn,kemana
kmna,kemana
kmps,kampus
kmr,kamar
kmren,kemarin
kmrin,kemarin
kmrn,kemarin
kmu,kamu
kmunduran,kemunduran
kn,kan
kna,kena
knapa,kenapa
knl,kenal
knows,tahu
knp,kenapa
knpa,kenapa
kntr,kantor
knyng,kenyang
ko,kok
kodekeras,kode keras
koentji,kunci
kolojengking,kalajengking
koment,komen
komplek,kompleks
koncox,teman
konsen,konsentrasi
konsititusi,konstitusi
konslet,korsleting
konstitusionalitas,konstitusi
koq,kok
korputor,koruptor
kosan,indekos
kouptor,koruptor
kowe,kamu
kpala,kepala
kpan,kapan
kpd,kepada
kpda,kepada
kpgn,ingin
kpn,kapan
kpngn,ingin
kredibility,kredibilitas
kren,keren
krena,karena
kresten,kristen
krg,kurang
krja,kerja
krmh,ke rumah
krn,karena
krna,karena
krng,kurang
krnkebanykn,karena banyak
krupuk,kerupuk
ksh,kasih
ksian,kasihan
ksih,kasih
ksmptn,kesempatan
ksn,ke sana
ksus,kasus
kt,kita
kta,kita
ktauan,ketahuan
ktdrn,ketiduran
ktemu,ketemu
ktika,ketika
ktmpt,ke tempat
ktmu,ketemu
ktny,katanya
ktnya,katanya
ktr,kantor
kudrat,kuadrat
kudu,harus
kui,itu
kultiwiit,twit
kuq,kok
kurng,kurang
kuwi,itu
kuy,ayo
kwal,kawal
kwalitas,kualitas
kwan,kawan
kwwkwkwkwkwkwkkw,wkwk
kya,kayak
kyak,seperti
kyaknya,sepertinya
kyanya,sepertinya
kyk,kayak
kykny,sepertinya
kyknya,sepertinya
kyny,sepertinya
kzl,kesal
ladenin,meladeni
laen,lain
lakuin,lakukan
lalulintas,lalu lintas
lam,salam
lambemu,mulutmu
lambungkaan,lambungkan
lambungkeun,lambungkan
lanang,laki laki
landasanya,landasannya
lanjoot,lanjut
lanjutkeun,lanjutkan
lanjutt,lanjut
laper,lapar
laskarbanyuwangi,laskar banyuwangi
lawa,lawan
lawanlawannya,lawan lawannya
lb,lembar
lbh,lebih
lbih,lebih
leaders,pemimpin
leh,boleh
lelaguan,mendengarkan lagu
lemes,lemas
lewatin,melewati
lewatkan,melewati
lg,lagi
lgi,lagi
lgkp,lengkap
lgs,langsung
lgsg,langsung
lgsng,langsung
lgsug,langsung
lgsung,langsung
lha,lah
liat,lihat
liatin,lihat
lisanny,lisannya
lkp,lengkap
lm,lama
lmyn,lumayan
lndasan,landasan
lngkp,lengkap
lngsg,langsung
lngsng,langsung
lngsung,langsung
lnjt,lanjut
lnsg,langsung
lnsng,langsung
lo,kamu
loe,kamu
loh,lah
lol,wkwk
lom,belum
lovers,pecinta
lp,lupa
lpngn,lapangan
lpr,lapar
lsg,langsung
lu,kamu
luarbiasa,luar biasa
luchu,lucu
luh,kamu
lum,belum
lun,belum
lurahataucamat,lurah atau camat
luthu,lucu
lvl,level
lw,kamu
lwt,lewat
ma,sama
maaci,terima kasih
maacih,terima kasih
maap,maaf
maapin,maafkan
mabok,mabuk
mabu,mabuk
madesu,masa depan suram
maen,main
maenan,mainan
mager,malas gerak
mah,adalah
mahluk,makhluk
mahokers,ahoker
mahu,mau
maidah,almaidah
makaci,terima kasih
makana,makanya
makanmakannya,makan makannya
makanye,makanya
makasi,terima kasih
makasihhh,terima kasih
makn,makan
maksa,memaksa
maksdnya,maksudnya
maksih,terima kasih
malem,malam
males,malas
malming,malam minggu
maluin,memalukan
malumaluin,memalukan
mamam,makan
mampet,mampat
manaatausiapa,mana atau siapa
manang,menang
mane,mana
maneh,kamu
manggil,memanggil
maning,lagi
mano,mana
mantag,mantap
mantapp,mantap
mantep,mantap
mao,mau
maoo,mau
marabahaya,mara bahaya
masakin,memasakkan
masalalu,masa lalu
masayarakat,masyarakat
mascot,maskot
masiih,masih
mateng,matang
matimatian,berusaha keras
maw,mau
mayan,lumayan
mbedain,membedakan
mberi,memberi
mberikan,memberikan
mboten,tidak
mbuat,membuat
mburimu,di belakangmu
mcm,macam
mct,macet
mdg,lebih baik
mdgn,lebih baik
mdh,mudah
mdhmdhn,mudah mudahan
mdpt,mendapat
mecah,memecahkan
mediskreditkan,mendiskreditkan
medukungmu,mendukungmu
mele,melulu
membadja,membaja
memilh,memilih
memperjuangakan,memperjuangkan
mempressure,menekan
menangin,memenangkan
menbangun,membangun
mendingan,lebih baik
mendzolimi,menzalimi
menfitnah,memfitnah
mengganggap,menganggap
menghayal,mengkhayal
menghimbau,mengimbau
mengugurkan,menggugurkan
menizta,menista
menjawad,menjawab
menjd,menjadi
menjdikan,menjadikan
menjdkn,menjadikan
menwrpa,menerpa
menyakini,meyakini
menyelamaykan,menyelamatkan
merapihkan,merapikan
merespon,menjawab
merhatiin,memperhatikan
meridhoi,meridai
meriksa,memeriksa
meris,miris
mesen,memesan
mgkin,mungkin
mgkn,mungkin
mgunakan,menggunakan
mhs,mahasiswa
mhsw,mahasiswa
mhujat,menghujat
miapa,demi apa
miapah,demi apa
mikir,pikir
mikirin,memikirkan
milih,memilih
milyaran,miliar
mimpin,memimpin
minds,pikiran
mingkem,diam
minjem,pinjam
misala,misalnya
mjaga,menjaga
mjd,menjadi
mka,maka
mkan,makan
mkanan,makanan
mkanya,makanya
mkn,makan
mknan,makanan
mkny,makanya
mksd,maksud
mksdny,maksudnya
mksdnya,maksudnya
mksdq,maksudku
mksh,terima kasih
mksih,terima kasih
mkstnya,maksudnya
mlah,malah
mlancarkan,melancarkan
mlawan,melawan
mlayu,lari
mlh,malah
mlihatmu,melihatmu
mlm,malam
mls,malas
mmbencii,membenci
mmbla,membela
mmg,memang
mmikirkan,memikirkan
mmng,memang
mmpraktekkannya,mempraktikannya
mn,mana
mna,mana
mncium,mencium
mndengar,mendengar
mndg,lebih baik
mndgn,lebih baik
mndgr,mendengar
mndi,mandi
mnding,lebih baik
mndpt,mendapat
mndptkn,mendapatkan
mndukung,mendukung
mndukungmu,mendukungmu
mnebar,menebar
mnenangkn,menenangkan
mng,menang
mnghemat,menghemat
mnghilang,menghilang
mnghna,menghina
mnghukumny,menghukumnya
mngkin,mungkin
mnista,menista
mnjadi,menjadi
mnjaga,menjaga
mnjatuhkan,menjatuhkan
mnjdi,menjadi
mnjtuhkan,menjatuhkan
mnkoplhukam,menko polhukam
mnkumham,menkumham
mnrt,menurut
mnt,minta
mnta,minta
mntp,mantap
mntri,menteri
mnum,minum
mnunggu,menunggu
mnyatu,menyatu
mnyngkn,menyenangkan
mo,mau
modyare,mati
moga,semoga
moslems,muslim
mosok,masa
motong,memotong
mreka,mereka
mrh,marah
mrka,mereka
msalah,masalah
msg,masing
msh,masih
msi,masih
msih,masih
msk,masuk
mski,meski
mskn,masakan
msl,misal
mslh,masalah
msti,harus
msuk,masuk
msuport,mendukung
msyarakat,masyarakat
mudahmudahan,mudah mudahan
mudhmudhn,mudah mudahan
muke,muka
mukeje,muka jelek
multiwarna,banyak warna
mulutmuharimaumu,mulutmu harimaumu
mulutny,mulutnya
munafikun,munafik
munafiq,munafik
munafiqun,munafik
muncuk,muncul
munculah,muncul
musnahkn,memusnahkan
musti,harus
musuhmusuhnya,musuh musuhnya
muup,maaf
muuv,maaf
mz,mas
n,dan
nabung,menabung
naek,naik
nagara,negara
nahan,menahan
nahu,tahu
nambah,menambah
named,dinamakan
nang,di
nangiss,menangis
nantangin,menantang
nanya,bertanya
naon,apa
napa,kenapa
nape,kenapa
napsu,nafsu
nasgor,nasi goreng
nax,ingin
ncib,persib
nda,tidak
ndak,tidak
ndakk,tidak
ndax,tidak
ndk,tidak
ndoweh,dower
ndukung,mendukung
nego,negosiasi
negri,negeri
negriku,negeriku
neh,nih
neko,macam
nelen,menelan
nemenin,menemani
nemu,menemukan
nenangin,menenangkan
nengok,menengok
nextnya,selanjutnya
nga,tidak
ngabungin,menggabungkan
ngacir,kabur
ngaco,kacau
ngadain,mengadakan
ngahok,ahoker
ngajak,mengajak
ngajar,mengajar
ngajarin,mengajarkan
ngaji,mengaji
ngak,tidak
ngakak,tertawa
ngakali,mengakali
ngaku,mengakui
ngakunya,mengakuinya
ngalahin,mengalahkan
ngalahkan,mengalahkan
ngambek,mengambek
ngambil,mengambil
ngamuk,mengamuk
ngancam,mengancam
nganiaya,menganiaya
nganter,mengantar
nganterin,mengantarkan
ngantri,mengantre
nganu,anu
ngapa,kenapa
ngapain,apa
ngarep,mengharap
ngaruh,berpengaruh
ngasi,memberi
ngasih,memberi
ngatain,memaki
ngatur,mengatur
ngawasi,mengawasi
ngebacot,bacot
ngebales,membalas
ngebelain,membela
ngedit,mengedit
ngefek,berakibat
ngegosip,menggosipkan
ngeh,tau
ngejar,mengejar
ngejatuhin,menjatuhkan
ngelarang,melarang
ngelewati,melewati
ngeliat,melihat
ngeliatin,melihat
ngeluh,mengeluh
ngembat,mengembat
ngena,mengena
ngene,ini
ngerasa,merasa
ngerasain,merasakan
ngerjain,mengerjakan
ngerokok,merokok
ngerti,mengerti
ngetik,mengetik
ngetrend,mengetren
ngetweet,mentwit
ngg,tidak
ngga,tidak
nggax,tidak
nggesek,menggesek
nggk,tidak
nggosok,menggosok
ngibul,menipu
ngidam,mengidam
ngikutin,mengikuti
ngilangin,menghilangkan
ngimpi,memimpikan
ngincer,mengincar
nginep,menginap
ngingetin,mengingatkan
ngisiin,mengisikan
ngjk,mengajak
ngk,tidak
nglawan,melawan
nglunjak,melonjak
ngmbl,mengambil
ngmg,berbicara
ngmng,berbicara
ngmpl,berkumpul
ngmps,ke kampus
ngntk,mengantuk
ngntr,ke kantor
ngobatin,mengobati
ngobrol,mengobrol
ngomong,berbicara
ngomonge,bicaranya
ngomongin,membicarakan
ngopi,minum kopi
ngorek,mengorek
ngotorin,mengotori
ngrusak,merusak
ngucapin,mengucapkan
ngumpul,berkumpul
ngundang,mengundang
ngungsi,mengungsi
ngunpulin,mengumpulkan
ngunu,anu
ngunyah,mengunyah
ngupload,mengunggah
nguras,menguras
ngurus,mengurus
ngurusin,mengurus
ngutip,mengutip
ni,nih
nich,nih
nie,nih
nimbulin,menimbulkan
ninggalin,meninggalkan
niy,nih
njink,anjing
nmbh,menambah
nmny,namanya
nmpk,tampak
nmr,nomor
nnti,nanti
nntn,menonton
nnton,nonton
nocomment,tidak berkomentar
nolak,menolak
nonggol,nongol
nongkie,nongkrong
nonton,menonton
nov,november
novnovnov,november
nraktir,mentraktir
ntah,entah
ntar,nanti
nti,nanti
ntn,menonton
nton,menonton
ntr,nanti
ntu,itu
nulis,menulis
numbers,nomor
numpang,menumpang
nunggu,menunggu
nungguin,menunggu
nunjuk,menunjuk
nuntut,menuntut
nurunin,menuruni
ny,nya
nyahok,ahok
nyahoq,ahok
nyakitin,menyakiti
nyalain,menyalakan
nyama,sama
nyampe,sampai
nyang,yang
nyangka,menyangka
nyantai,bersantai
nyari,mencari
nyebar,menyebar
nyebarin,menyebarkan
nyebelin,menyebalkan
nyebut,menyebut
nyerah,menyerah
nyerang,menyerang
nyesek,menyesal
nyesel,menyesal
nyetel,menyetel
nyiksa,menyiksa
nykap,ibu
nykapz,ibu
nykp,ibu
nyoba,mencoba
nyobain,mencoba
nyoblos,mencoblos
nyodorin,menyodorkan
nyogok,menyogok
nyokap,ibu
nyuci,mencuci
nyumbang,menyumbang
nyundul,menyundul
nyunsep,terperosok
nyuri,mencuri
nyuruh,menyuruh
nyusul,menyusul
oatau,atau
oataupolri,atau polri
oc,oke
oce,oke
ohh,oh
ok,oke
okay,ok
okedech,oke deh
okedeh,oke deh
okeh,oke
okesiip,oke sip
okt,oktober
okz,oke
ol,online
olang,orang
olh,oleh
opo,apa
opportunis,oportunis
optimisx,optimis
ora,tidak
orenken,orenkan
org,orang
orgnya,orangnya
orng,orang
orngbaik,orang baik
ortu,orang tua
otong,titit
ouch,oh
ouh,oh
owh,oh
pa,pak
paakk,pak
pait,pahit
pakafif,pak afif
pakcik,pak cik
pake,pakai
pakek,pakai
palawan,pahlawan
pamerin,memamerkan
panasbug,panasbung
pantengin,perhatikan
pantes,pantas
pantesan,pantas saja
parlimen,parlemen
pasu,pasukan
pasutri,pasangan suami istri
paz,pas
pcr,pacar
pcrn,pacaran
pcrny,pacarnya
pda,pada
pdahal,padahal
pdhal,padahal
pdhl,padahal
pdukung,pendukung
pebruari,februari
pedes,pedas
pegi,pergi
pelajrn,pelajaran
pelcija,persija
pemaen,pemain
pemerintahanya,pemerintahannya
pemimpinsejati,pemimpin sejati
pemmpin,pemimpin
pemrintah,pemerintah
pen,ingin
pengadila,pengadilan
pengen,ingin
penghadangan,pengadangan
pengin,ingin
pengkhianat,penghianat
peningg,pening
penistaagama,penista agama
penistaalquran,penista alquran
penistaquran,penista alquran
penjagannya,penjaganya
penjarakanaho,penjarakan ahok
penjarakanahok,penjarakan ahok
penjarkan,penjarakan
penjarq,penjarakan
penunggangatauaktor,penunggang atau aktor
penyelasain,penyelesaian
peradilankan,peradilan
perduli,peduli
perlemen,parlemen
permanent,permanen
persiden,presiden
perusakke,perusak
pesen,pesan
pg,pergi
pgen,ingin
pghadangan,pengadangan
pghargaan,penghargaan
pghasiln,penghasilan
pgluarn,pengeluaran
pgn,ingin
phenomenal,fenomenal
pict,gambar
pidakan,pidanakan
pilem,film
pilkasa,pemilihan kepala daerah
pilm,film
piluh,pilu
pingin,ingin
pinjem,pinjam
pinter,pintar
pinteran,lebih pintar
pipel,orang
pisan,banget
pjagaannya,penjagannya
pjebat,pejabat
pk,pak
pkai,pakai
pke,pakai
pkl,pukul
plaku,pelaku
planggaran,pelanggaran
playing,memainkan
plersija,persija
plg,pulang
plintar,pintar
plis,tolong
pljrn,pelajaran
plng,pulang
pls,tolong
pmimpin,pemimpin
pncitraan,pencitraan
pndh,pindah
pndkng,pendukung
pngecu,pengecut
pngen,ingin
pngn,ingin
pngorbananmu,pengorbananmu
pngusung,pengusung
pnistaan,penistaan
pnjng,panjang
pnting,penting
pntng,penting
pny,punya
pnya,punya
pokoe,pokoknya
pokokny,pokoknya
pokonya,pokoknya
polih,pulih
political,politik
politicians,polutikus
politk,politik
polriharusnetral,polri harus netral
poltik,politik
praktek,praktik
prasaan,perasaan
prayforahok,pray for ahok
prgi,pergi
prilaku,perilaku
prmhn,perumahan
prmptn,perempatan
prnah,pernah
prnh,pernah
programataujanji,program atau janji
proove,membuktikan
proseshukum,proses hukum
provocated,terprovokasi
prtai,partai
prthnkn,pertahankan
psl,pasal
psng,pasang
psr,pasar
pst,pasti
psti,pasti
ptg,penting
pulitik,politik
puna,punah
punye,punya
puser,pusar
putaranpilkada,putaran pilkada
putaransaja,putaran saja
puter,putar
puterin,memutari
pzt,pasti
q,aku
qaqa,kakak
qq,kakak
qt,kita
qta,kita
quran,alquran
rabb,rabi
rabbal,rabi
rabbika,rabi
rada,agak
raimu,mukamu
rakyatcerdas,rakyat cerdas
rame,ramai
rameken,ramaikan
ramekeun,ramaikan
rangorang,orang orang
rasane,rasanya
rates,nilai
rb,ribu
rbuan,ribu
reak,teriak
reborn,lahir kembali
rebuan,ribuan
rekayasana,rekayasanya
renew,memperbarui
ributin,meributkan
ripd,daripada
riziek,rizieq
riziq,rizieq
rkyt,rakyat
rmbt,rambut
rmh,rumah
rmhq,rumahku
robb,allah
roll,gulungan
rosulullah,rasulullah
rp,rupiah
rsk,rusak
rumongso,menurut
runs,lari
rushmoney,rush money
sabeb,bebas
sabi,bisa
saje,saja
salaam,salam
salahny,salahnya
salamdamai,salam damai
salamsalamjarisolo,salam dari solo
salamsatuputaran,salam satu putaran
salfok,salah fokus
salh,salah
saloom,salam
saltum,salah kostum
samapai,sampai
samapi,sampai
sambel,sambal
samo,sama
sampe,sampai
sante,santai
sape,siapa
sare,tidur
satua,satunya
satuputaran,satu putaran
saveahok,save ahok
saveindonesia,save indonesia
savepakahok,save pak ahok
savetolerance,save toleransi
sayah,saya
sayamerasakan,saya merasakan
sbagai,sebagai
sbar,sabar
sbb,sebab
sberapa,seberapa
sbg,sebagai
sbgai,sebagai
sbgi,sebagai
sbh,subuh
sbl,sebelah
sblh,sebelah
sblhny,sebelahnya
sblm,sebelum
sblmny,sebelumnya
sblmnya,sebelumnya
sbnr,sebenarnya
sbnrny,sebenarnya
sbnrnya,sebenarnya
sbnt,sebentar
sbntr,sebentar
sbr,sabar
sbtr,sebentar
sbuk,sibuk
sbun,sabun
sbyahy,susilo bambang yudhoyono
sbyudhoyono,susilo bambang yudhoyono
scpatnya,secepatnya
scr,secara
sdah,sudah
sdarla,sadarlah
sdg,sedang
sdgkan,sedangkan
sdgkn,sedangkan
sdh,sudah
sdng,sedang
sdngkn,sedangkan
sdrlah,sadarlah
seadilseadilnya,seadil adilnya
sebarken,sebarkan
sebel,kesal
sebenernya,sebenarnya
seberatseberatnya,seberat beratnya
sediih,sedih
segala,segala
segitu,sebegitu
segra,segera
sejujur,sejujurnya
sekedar,sekadar
sekola,sekolah
sekolompok,sekelompok
selaen,selain
selajutnya,selanjutnya
selaw,santai
selegowo,legawa
selfinya,swafotonya
selow,santai
semalem,semalam
semanga,semangat
semangatt,semangat
semangkin,semakin
sembaranagan,sembarang
sembuhin,sembuhkan
semngt,semangat
sempet,sempat
senen,senin
seneng,senang
sensi,sensitif
sensitifitas,sensitivitas
sentara,sementara
senyumaja,senyum saja
seorg,seorang
seorng,seorang
seranganjantung,serangan jantung
serem,seram
sesek,sesak
seseorg,seseorang
setakat,sepakat
sgala,segala
sgelintir,segelintir
sgl,segala
sgpore,singapura
sgra,segera
sgt,sangat
shap,siap
shaps,siap
shbt,sahabat
shipping,pengangkutan
sholatnya,salatnya
shopback,belanja kembali
shrusnya,seharusnya
sia,kamu
siapin,siapkan
sibangsat,si bangsat
sich,sih
sidi,sidik
sihat,sehat
siiaapp,siap
sikaat,sikat
sikafir,si kafir
sikaya,si kaya
simpat,sempat
singkron,sinkron
sionta,si onta
situh,kamu
sj,saja
sja,saja
sjak,sejak
sjujurnya,sejujurnya
ska,suka
skali,sekali
skalian,sekalian
skalipun,sekalipun
skarang,sekarang
skg,sekarang
skit,sakit
sklh,sekolah
sklompok,sekelompok
skola,sekolah
skolah,sekolah
skr,sekarang
skrang,sekarang
skrg,sekarang
skrng,sekarang
skrny,sekiranya
slah,salah
slalu,selalu
slamanya,selamanya
slamat,selamat
slanjutnya,selanjutnya
slesai,selesai
slese,selesai
slg,saling
slh,salah
slhkn,salahkan
sll,selalu
sllu,selalu
slm,salam
slmat,selamat
slmt,selamat
slse,selesai
slseikan,selesaikan
sluruh,seluruh
sm,sama
sma,sama
smakin,semakin
smangat,semangat
smbg,sambung
smbh,sembuh
smbhyg,sembahyang
smbil,sambil
smbl,sambil
smbng,sambung
smbrg,sembarang
smbuh,sembuh
smcm,semacam
smengat,semangat
smg,semoga
smga,semoga
smgt,semangat
smgtt,semangat
smlm,semalam
smlmn,semalaman
smngt,semangat
smntr,sementara
smoga,semoga
smp,sampai
smpai,sampai
smpe,sampai
smpt,sempat
smua,semua
smuanya,semuanya
sndiri,sendiri
sndri,sendiri
sngaja,sengaja
sngt,sangat
sni,sini
soale,soalnya
socmed,media sosial
sodara,saudara
sodaraku,saudaraku
sohib,sahabat
sokap,ayah
soksokan,sok gaya
solat,salat
solodaritas,solidaritas
songang,songong
sono,sana
soo,jadi
sopo,siapa
sorang,seorang
sory,maaf
sosmednya,media sosialnya
speachless,terdiam
spele,sepele
sperti,seperti
spertii,seperti
spertinya,sepertinya
spnjng,sepanjang
sprt,seperti
sprti,seperti
sprtny,sepertinya
spti,seperti
sptny,sepertinya
spy,supaya
srg,sering
srigala,serigala
srta,serta
staystrong,tetap kuat
stelah,setelah
stgh,setengah
stiap,setiap
stlah,setelah
stlh,setelah
stngh,setengah
strength,kekuatan
stronger,lebih kuat
stts,status
sttus,status
sudh,sudah
suer,sumpah
sumpahin,menyumpahi
supo,super
surban,serban
surveynya,survei
sy,saya
sya,saya
syg,sayang
sygny,sayangnya
syilvie,sylvi
syipp,sip
sylviterus,sylvi terus
symbol,simbol
symuslim,saya muslim
syng,sayang
syp,siapa
system,sistem
taatulama,taat ulama
tabokin,menabok
tae,tai
tahanahok,tahan ahok
taik,tai
taiker,tai
taikers,tai
tajem,tajam
takbela,tidak membela
takda,tidak ada
talking,membicarakan
tambahin,tambahkan
tampa,tanpa
tandinga,tandingan
tangkapahok,tangkap ahok
tangkappenistaagama,tangkap penista agama
tangkappenjarakan,tangkap penjara
tangkep,tangkap
tanpapakai,tanpa pakai
tanye,tanya
taon,tahun
taonan,tahunan
tauk,tau
taun,tahun
tawakalna,tawakal
tawaw,tawa
td,tadi
tdi,tadi
tdk,tidak
tdny,tadinya
tdr,tidur
tdur,tidur
teesangka,tersangka
teeyus,terus
tegakang,tegakkan
tegakin,tegakkan
tekibul,terkibul
telor,telur
telp,telepon
telpon,telepon
temans,teman
temen,teman
temenan,berteman
temenin,temani
tenaang,tenang
tenatng,tenang
tenggelemin,tenggelamkan
tep,tetap
tepelongo,terperanjat
teraniyaya,teraniaya
terasangka,tersangka
terdzolimi,terzalimi
terimakasih,terima kasih
terjalimi,terzalimi
terjd,terjadi
terjerembab,terjerembap
teroos,terus
terorganisiir,terorganisasi
teros,terus
tersangak,tersangka
tersangk,tersangka
tersengka,tersangka
tertwa,tertawa
teruss,terus
terzolimi,terzalimi
tesangka,tersangka
tetapahok,tetap ahok
tetapahokdjarot,tetap ahok djarot
tetapkawal,tetap kawal
tetapsemangatahok,tetap semangat ahok
tetapwaspada,tetap waspada
tetat,tetap
tetatplah,tetaplah
tetep,tetap
tetet,tetap
teteup,tetap
tgg jwb,tanggung jawab
tggu,tunggu
tgh,tengah
tangl,tanggal
tnggl,tanggal
tngal,tanggal
tgn,tangan
tgs,tugas
thanks,terima kasih
thats,itu
thd,terhadap
thdp,terhadap
theirs,mereka
thia,ini
things,berpikir
thn,tahun
thnx,terima kasih
thrust,mempercayai
thx,terima kasih
tiati,hati hati
tidka,tidak
timlen,lini masa
timses,tim sukses
tinggalin,tinggalkan
tionghowa,tionghoa
tipi,televisi
titled,judul
titokarna,tito karnavian
tjadi,terjadi
tjahaya,tjahaja
tjanggih,canggih
tjd,terjadi
tkg,tukang
tkut,takut
tl,lini masa
tlg,tolong
tlh,telah
tlng,tolong
tlp,telepon
tlpn,telepon
tmbah,tambah
tmbh,tambah
tmen,teman
tmn,teman
tmnnya,temannya
tmpat,tempat
tmpt,tempat
tmsk,termasuk
tnjakan,tanjakan
tnpa,tanpa
tny,ternyata
tnya,tanya
tnyt,ternyata
tobatt,tobat
toe,itu
toleransidamai,toleransi damai
topmarkotop,top
tp,tetapi
tpi,tetapi
tq,terima kasih
tranding,tren
transferanya,transferannya
trbayang,terbayang
trdakwa,terdakwa
trdpt,terdapat
treak,teriak
trending,mengetren
trends,tren
trgntng,tergantung
trima,terima
trims,terima kasih
trimz,terima kasih
trjadi,terjadi
trkdng,terkadang
trkenal,terkenal
trkhr,terakhir
trlalu,terlalu
trmasuk,termasuk
trmksh,terima kasih
trmsk,termasuk
trnsfr,transfer
trnyata,ternyata
trnyt,ternyata
trnyta,ternyata
trpeleset,terpeleset
trpengaruh,terpengaruh
trpksa,terpaksa
trpuruk,terpuruk
trs,terus
trsangka,tersangka
trsngk,tersangka
trsngka,tersangka
trsrh,terserah
trumps,trump
trus,terus
truss,terus
tsangka,tersangka
tsb,tersebut
tsbt,tersebut
tsk,tersangka
ttangga,tetangga
ttap,tetap
ttep,tetap
ttg,tentang
ttng,tentang
ttp,tetap
tu,itu
tuch,itu
tuh,itu
tuk,untuk
tukeran,tukaran
tungu,tunggu
tvnya,televisinya
tw,tau
twins,kembar
tydack,tidak
tyranny,tirani
u,kamu
ubat,obat
ucapqn,ucapan
udah,sudah
udd,sudah
udeh,sudah
udh,sudah
udhga,sudah tidak
ue,gue
uga,juga
ugalugalan,ugal ugalan
ujungujungnya,ujung ujungnya
ummat,umat
umumin,mengumumkan
ungkapkn,mengungkapkan
untk,untuk
untkmu,untukmu
untukv,untukku
usak,rusak
ustot,ustaz
utk,untuk
uuduud,undang undang dasar
uwong,orang
vidio,video
von,menelepon
vote,memilih
voters,pemilih
vroh,bro
w,gue
wad,buat
waduhh,waduh
wae,saja
waktuny,waktunya
walopun,walaupun
wassalamukum,wasslamualaykum
wat,buat
ways,arah
welkam,selamat datang
whats,apa
wings,sayap
wins,menang
wkakwk,wkwk
wkt,waktu
wktu,waktu
wkwkwkkw,wkwk
wkwkwkwk,wkwk
wkwkwkwwk,wkwk
wl,walau
wlopun,walaupun
wlpun,walaupun
wlwpn,walaupun
wong,orang
words,kata
wow,wah
wuih,wah
y,iya
yaa,ya
yah,ya
yak,ya
yakk,ya
yank,sayang
yaopo,ya apa
yap,iya
yaudah,ya sudah
yaudh,ya sudah
yaw,iya
ye,iya
yg,yang
ygvtidak,yang tidak
yh,ya
yng,yang
yo,iya
yoi,iya
ysalaharah,salah arah
yup,iya
yups,iya
yupz,iya
ywdh,ya sudah
zholim,zalim
zholimi,zalim
zolimi,menzalimi
zong,apes
zupeer,super
aagym,abdullah gymnastiar
aadren,adren
aaghr,ah
aah,ah
aahh,ah
aarrgghh,ah
aakuu,aku
aaminn,amin
aanjing,anjing
aarman,arman
aaron,aron
abah,ayah
abam,ayah
aa,kakak
_klompok,kelompok
_kepada,kepada
ngacak,acak
nadakah,adakah
nadalah,adalah
nade,adik
nadek,adik
nadilkan,adilkan
nadilnya,adilnya
ngadmin,admin
nagak,agak
nagama,agama
nahok,ahok
najaran,ajaran
nakhirnya,akhirnya
nakibat,akibat
nakibatnya,akibatnya
naktivis,aktivis
naku,aku
nane,aku
naq,aku
naqu,aku
nakun,akun
nalbum,album
nalesane,alesannya
nalhamdulillah,alhamdulillah
nalhmadulilah,alhamdullilah
nalhasil,alhasil
nalias,alias
naloclair,aloclair
naman,aman
nambil,ambil
namigo,amigo
naamiin,amin
namnesia,amnesia
nanak,anak
nanaknya,anaknya
ndre,andre
naneh,aneh
nangkut,angkut
nanies,anies
nanj,anjing
nanjing,anjing
nasu,anjing
nanjir,anjir
nanjirr,anjir
nantek,antek
nantum,antum
napadah,apa dah
napalagi,apa lagi
napasih,apa sih
napaan,apaan
napabila,apabila
napakah,apakah
napapun,apapun
naparat,aparat
narah,arah
nargumen,argumen
narsitektur,arsitektur
nartinya,artinya
nartis,artis
nasset,aset
nashobiyyah,ashabiyyah
msia,asia
nasing,asing
nastagfirullah,astagfirullah
nastaghfirullah,astagfirullah
nasumsi,asumsi
nasiik,asyik
natap,atap
natas,atas
natau,atau
nate,ate
naura,aura
nawak,awak
nawal,awal
nayah,ayah
nayo,ayo
ncomeonla,ayolah
nbabi,babi
nbaca,baca
nbacot,bacot
nbagaimana,bagaimana
nbgaimana,bagaimana
nbagi,bagi
nbagus,bagus
nbahasa,bahasa
nbahkan,bahkan
nbajingan,bajingan
nbalasan,balasan
nbambang,bambang
nemen,banget
nbangga,bangga
nbangke,bangkai
nbangsaa,bangsa
nbangsad,bangsat
nbani,bani
muito,banyak
nbanyak,banyak
nbaxak,banyak
nbarangkali,barangkali
nbaru,baru
nbarulah,barulah
nbasa,basa
nbatas,batas
nbau,bau
nbbm,bbm
nbeberapa,beberapa
nbeda,beda
nbegitu,begitu
nbegitulah,begitulah
nbego,bego
nbegundal,begundal
nbejat,bejat
nbela,bela
nbelajar,belajar
nblkgn,belakang
nbeli,beli
nbeliau,beliau
nbelum,belum
nblom,belum
ndurung,belum
nbencii,benci
nbneran,beneran
nbensin,bensin
nberagamalah,beragamalah
nberak,berak
nberarti,berarti
nberati,berarti
nberas,beras
nberasa,berasa
nberbanggalah,berbanggalah
nberbeda,berbeda
nberbekal,berbekal
mongomong,berbicara
nberbusa,berbusa
nbrengsek,berengsek
nberhentilah,berhentilah
nberi,beri
nberkembang,berkembang
ngayal,berkhayal
momotoran,bermotoran
musuhan,bermusuhan
musuhen,bermusuhan
nanyi,bernyanyi
nbersama,bersama
nbersatu,bersatu
nbertengkar,bertengkar
nbesanpun,besan pun
nbsok,besok
nbetul,betul
nbiadab,biadab
nbiar,biar
nbiarin,biarin
nbiarlah,biarlah
nbiasa,biasa
nbiasalah,biasalah
nbiasanya,biasanya
nbilang,bilang
nbioskop,bioskop
nbisa,bisa
nbismillah,bismillah
nblangsak,blangsak
nbobrok,bobrok
nbodo,bodoh
nbodoh,bodoh
nbolehlah,bolehlah
nbom,bom
nbonek,bonek
nboro,boro
nbock,box
nbpjs,bpjs
nbuah,buah
nbuang,buang
nbikin,buat
nbuat,buat
nbuka,buka
nbukan,bukan
months,bulan
moon,bulan
nbulat,bulat
nbundo,bunda
nbosok,busuk
nbuta,buta
nbutakah,butakah
nbtw,by the way
ncampur,campur
ncangkemu,cangkemu
ncangkul,cangkul
ncb,cat
ncebong,cebong
ncelakalah,celakalah
ncermah,ceramah
neria,ceria
ncewek,cewek
ncharlie,charlie
ncuihh,cih
ncinta,cinta
ncitra,citra
ncoba,coba
ncobalh,cobalah
ncocot,cocot
ncongor,congor
ncontohny,contohnya
ncopot,copot
ncowo,cowok
ncuma,cuma
ndadanya,dadanya
ndki,daerah khusus ibukota
ndagel,dagel
ndaging,daging
ndahulu,dahulu
ndalam,dalam
nand,dan
ndan,dan
ndll,dan lain lain
ndana,dana
ndpt,dapat
ndari,dari
ndaripada,daripada
ndasar,dasar
ndsr,dasar
ndaya,daya
ndayak,dayak
ndeket,dekat
ndendam,dendam
ndengan,dengan
ndgn,dengan
ndengar,dengar
ndepok,depok
ndewa,dewa
nank,di
ndiluar,di luar
ndimana,di mana
ndimanapun,di manapun
ndia,dia
ndiem,diam
ndiantara,diantara
ndidudukin,diduduki
ndigoyang,digoyang
ndek,dik
ndikenal,dikenal
ndilan,dilan
nangdi,dimana
ndi,dimana
ndiperlakukan,diperlakukan
ndireksi,direksi
ndiri,diri
ndisana,disana
ndiserbu,diserbu
ndisini,disini
nditanyain,ditanyai
nditegur,ditegur
nditemukan,ditemukan
ndominasi,dominasi
ndomisili,domisili
ndower,dower
ndowoon,dowoon
ndropelepasa,dropelepasa
nduduk,duduk
nduh,duh
nduit,duit
nduku,duku
ndukun,dukun
ndulu,dulu
ndongok,dungu
ndungu,dungu
ndunia,dunia
ndunyo,dunia
nedan,edan
nekonomi,ekonomi
nekor,ekor
nekr,ekor
nekspektasi,ekspektasi
nekspetasi,ekspektasi
nelhanan,elhanan
nelite,elite
nelkana,elkana
neliyakim,elyakim
nemak,emak
nemosi,emosi
mpo,empok
mpok,empok
mpu,empu
nepu,empu
nenak,enak
nentah,entah
nentahlah,entahlah
neropa,eropa
nesdegan,es degan
nfadhli,fadli
nfadli,fadli
nfahri,fahri
nfaaiz,faiz
nfakir,fakir
nfi,fi
movie,film
nfilm,film
nfyi,for your information
nfreeport,freeport
nfwb,friend with benefit
nfpi,front pembela islam
nfull,full
ngadis,gadis
ngaptek,gagap teknologi
ngamis,gamis
ngambekan,gampang mengambek
ngamukan,gampang mengamuk
ngan,gan
nganti,ganti
ngara,gara
ngaram,garam
ngarang,garang
ngarap,garap
ngaruda,garuda
ngary,gary
ngasal,gasal
ngayamu,gayamu
ndut,gendut
nervous,grogi
mountain,gunung
muahaha,haha
nahahahahhaha,haha
ngahahaha,haha
nehehe,hehe
nehehehe,hehe
nderekgusmus,ikut gus mus
nalong,kalong
nalus,kalong
ndeso,kampungan
ndesomu,kampungan
nelu,kamu
nente,kamu
ngata,kata
ngalor,ke utara
nbalikin,kembalikan
napada,kepada
mompas,kompas
ncat,kucing
naileen,kuku palsu
nerd,kutu buku
nauk,lauk
ndelok,lihat
mup,maaf
muahal,mahal
mpr,majelis permusyawaratan rakyat
mui,majelis ulama indonesia
muâ,make up artist
nalah,malah
ngalam,malang
mommy,mama
muncungnya,mancungnya
mtan,mantan
mrah,marah
mry,marry
msyrakt,masyarakat
msyrkt,masyarakat
mtmu,matamu
mripate,matanya
mtk,matematika
mrmang,memang
nemang,memang
nemg,memang
nemangnya,memangnya
monitoring,memantau
mwmbenarkan,membenarkan
mrmbuat,membuat
mojok,memojok
mpromosikan,mempromosikan
muluskan,memuluskan
musingin,memusingkan
musuhi,memusuhi
musuhin,memusuhi
muter,memuter
naboki,menabok
nabrak,menabrak
nabuungg,menabung
nagih,menagih
namani,menamai
nambahi,menambahkan
nambahin,menambahkan
nambang,menambang
nampar,menampar
namparinn,menampari
nampilin,menampilkan
nacap,menancap
nancepin,menancapkan
neken,menandatangani
nanganin,menangani
nanggapin,menanggapi
nanggepin,menanggapi
nanggung,menanggung
nanges,menangis
nangis,menangis
nangislaj,menangislah
nangkep,menangkap
nantang,menantang
nanyain,menanyakan
naroh,menaruh
narok,menaruh
nasihatin,menasehati
nasihatkan,menasehati
nata,menata
nago,menawar
nawar,menawar
nawarin,menawari
nayangin,menayangkan
ndisiti,mendahului
musikan,mendengarkan musik
nebar,menebar
nebarkan,menebarkan
negur,menegur
nelfon,menelpon
nelpon,menelpon
nelponin,menelponi
nembak,menembak
nembakin,menembaki
nempel,menempel
nemplok,menempel
nemui,menemui
nemuin,menemui
nentuin,menentukan
nerawang,menerawang
nerima,menerima
nerka,menerka
nerobos,menerobos
netas,menetas
netes,menetes
ngacangin,mengacang
ngadu,mengadu
ngajakin,mengajak
ngajarkan,mengajarkan
ngajinya,mengajinya
ngajix,mengajinya
ngajuin,mengajukan
mrngakui,mengakui
ngakuin,mengakui
ngalahi,mengalahkan
ngalamin,mengalami
mrngalir,mengalir
ngalir,mengalir
ngambang,mengambang
ngabilin,mengambilkan
ngamen,mengamen
ngancem,mengancam
ngadalin,mengandalkan
ngandalin,mengandalkan
nganggep,menganggap
nganggur,menganggur
ngangkang,mengangkang
ngangkangin,mengangkangi
ngangkat,mengangkat
ngangkut,mengangkut
ngantar,mengantar
ngantuk,mengantuk
ngantukk,mengantuk
nganutnya,menganutnya
ngatai,mengatai
ngataian,mengatai
ngatasi,mengatasi
ngatasin,mengatasi
ngatasinnya,mengatasi
ngawasin,mengawasi
ngartii,mengerti
mortgage,menggadaikan
ngadepin,menghadapi
ngalus,menghaluskan
mrnghancurkan,menghancurkan
ngancurin,menghancurkan
ngarepin,mengharapkan
ndownload,mengunduh
nenurut,menurut
nenyebalkan,menyebalkan
mrasa,merasa
mrk,mereka
mrkapun,merekapun
mrumuska,merumuskan
mrupakan,merupakan
mskipun,meskipun
mskpun,meskipun
mrip,mirip
mokondo,modal kontol doang
modalnyo,modalnya
modyar,modar
modarmu,modar kamu
moden,modern
modusbanget,modus banget
moel,moeldoko
murdani,moerdani
monmaap,mohon maaf
moen,momen
moment,momen
momentnya,momennya
momenum,momentum
monastic,monastik
mongol,mongolia
monorit,monosit
morah,moral
morat,moral
morfotin,morfin
morphin,morfin
mtf,motif
motogp,moto gp
moge,motor gede
moveon,move on
mrebesmili,mrebes mili
mrsm,mrs
muach,muah
muuaak,muak
muakmuakmuak,muak muak muak
muallaf,mualaf
muadzin,muazin
muasin,muazin
muba,mubah
mubaligh,mubalig
muballighnya,mubalignya
mudo,muda
mudika,muda mudi katolik
mudharat,mudarat
mudharatnya,mudaratnya
mogoladoh,mugholadoh
mohamad,muhammad
mohammad,muhammad
mohd,muhammad
muhamad,muhammad
muhammadi,muhammad
muhkamat,muhammad
msapril,muhammad sapril
muhammadiah,muhammadiyah
muhammady,muhammadiyah
muhammadiyahinggris,muhammadiyah inggris
muharram,muharam
mukenya,mukanya
mulya,mulia
muliahkanlah,muliakanlah
muliaty,muliati
multifandom,multi fandom
multitalen,multi talenta
molo,mulu
muluss,mulus
muluz,mulus
mulutx,mulutnya
munaf,munafik
munafikk,munafik
munapik,munafik
mynafik,munafik
mucrat,muncrat
murce,murah sekali
murotal,murottal
murtadz,murtad
mtq,musabaqah tilawatil quran
mushola,musala
musholla,musala
museumpergamon,museum pergamon
musarraf,musharraf
music,musik
muslem,muslim
musli,muslim
muslimmepersekusi,muslim mempersekusi
muslimpro,muslim pro
muslimindonesia,muslimin indonesia
mustahal,mustahil
mukernas,musyawarah kerja nasional
musykerwil,musyawarah kerja wilayah
munaslub,musyawarah luar biasa
munas,musyawarah nasional
muspida,musyawarah pimpinan daerah
mutas,mutasi
muthmainah,mutmainah
muttaqin,muttaqin
mutuals,mutual
myamar,myanmar
mys,myself
nabis,nabi
nabinabiafrika,nabi nabi afrika
nbla,nabila
nagitaslavina,nagita slavina
naa,nah
naah,nah
naahh,nah
nach,nah
nakan,nah kan
nahloh,nah loh
napiternya,nah pintarnya
nahdatul,nahdlatul ulama
nahdlatululama,nahdlatul ulama
nahdlyin,nahdliyin
nahin,nahi
naekin,naikan
naikin,naikan
naiking,naikan
naikkan,naikan
nenggolan,nainggolan
nairn,nairn
nadjib,najib
najiss,najis
nam,nama
name,nama
namo,nama
namakurudy,namaku rudy
namannya,namanya
namany,namanya
namax,namanya
namnya,namanya
nanatsunotaizai,nanatsu no taizai
nangke,nangka
nati,nanti
natilloh,nanti loh
narsum,narasumber
nasbung,nasi bungkus
nasiib,nasib
national,nasional
nasdem,nasional demokrat
nationalist,nasionalis
nasomalisdan,nasionalisme dan
nashrani,nasrani
nataal,natal
natalius,natalia
natrep,nature republic
naufalyn,naufal
ncebi,ncbi
negra,negara
negarahukum,negara hukum
negarany,negaranya
negati,negatif
nethink,negative thinking
negeti,negeri
negisiasi,negosiasi
neekk,nek
newshighlightkbfm,news highlight
nex,next
ngakakk,ngakak
ngamfrak,ngamprah
ngacoo,ngawur
neue,ngewe
neeh,nih
neehh,nih
morning,pagi
ngasik,pagi
mudeng,paham
most,paling
mostly,paling banyak
newbie,pemula
newbienya,pemula
nfollowers,pengikut
moodbooster,penyemangat
moodboster,penyemangat
mudbus,penyemangat
nbanyakin,perbanyak
move,pindah
mpret,pret
munyeng,puyeng
ndang,segera
nbye,selamat tinggal
nend,selesai
msemiforntt,semi front april
mugi,semoga
mwaa,semu
ndewek,sendiri
mood,suasana hati
moodmu,suasana hati kamu
moodnya,suasana hatinya
ndah,sudah
nai,tai
nampang,tampang
namapon,tampon
nanggep,tanggap
neg,tawar
nega,tega
ndhog,telur
ndok,telur
nempo,tempo
ndda,tidak
nengga,tidak
ndakda,tidak ada
ngada,tidak ada
ndabisa,tidak bisa
ngabisa,tidak bisa
ngaboleh,tidak boleh
ngajelas,tidak jelas
ngakuadh,tidak kuat
ngakuat,tidak kuat
moh,tak mau
ngausah,tidak usah
ngayah,tidak ya
mouse,tikus
nbantuin,tolong bantu
money,uang
ncamsex,video camera sex
mv,video musik
mvnya,video musiknya
nawaatona,waatona
netijen,warganet
netizen,warganet
neklwkwowkwkwkk,wkwk
ngakakakakaka,wkwk
neealahh,yaelah
safe,aman
sampeyan,anda
samlekom,assalamualaykum
saik,asyik
seizin,atas izin
seksyen,bagian
seberapapun,berapapun
saudaraan,bersaudara
sepedaan,bersepeda
search,cari
sempreng,cempreng
sallary,gaji
sangean,gampang sange
saikho,gila
screenshotan,hasil screenshot
scren,layar
rruarr,luar
sabodo,masa bodoh
searching,mencari
sakiti,menyakiti
salami,menyalami
sambangi,menyambangi
samperin,menyamperi
sanggupi,menyanggupi
sarani,menyarankan
saranin,menyarankan
sarankan,menyarankan
sepakati,menyepakati
setujui,menyetujui
rugiin,merugikan
rusakin,merusaki
rusuhin,merusuhi
russian,orang rusia
servicepara,pelayanannya parah
sendernya,pengirimnya
sellernya,penjualnya
ruu,rancangan undang undang
roudhatulkutub,raudhatul kutub
rpl,rekayasa perangkat lunak
rrc,republik rakyat cina
rrt,republik rakyat tiongkok
romen,roman
rumours,romor
rot,root
rostchild,rothschild
rudygoni,rudy goni
rukn,rukun
rukum,rukun
rw,rukun warga
rs,rumah sakit
rsj,rumah sakit jiwa
rutan,rumah tahanan
rumahtangga,rumah tangga
rosak,rusak
rushdie,rusdhi
russia,rusia
ruscro,rusia kroasia
rudet,ruwet
rymizard,ryamizard
sabangmerauke,sabang merauke
sabaarr,sabar
sabarr,sabar
sabr,sabar
sabrangkidul,sabrang kidul
sabtuceria,sabtu ceria
sabtuminggu,sabtu minggu
sdar,sadar
sdr,sadar
sadarin,sadarkan
sadizz,sadis
sadrist,sadis
saah,sah
sahabah,sahabat
sajaâ,saja
sajah,saja
sajahh,saja
sajaian,saja
sakaw,sakau
sakitnya,sakitnya
sakitnyaditelor,sakitnya di telor
salafism,salafisme
salahguna,salah guna
salahbsatu,salah satu
salahin,salahkan
sallam,salam
salambudaya,salam budaya
salken,salam kenal
salamu,salammu
saleem,salim
salute,salut
samrisetharian,sam riset harian
samaa,sama
samanya,sama
same,sama
sarua,sama
samasekali,sama sekali
samsek,sama sekali
samain,samakan
samakn,samakan
sabhara,samapta bhayangkara
sambunvan,sambungan
sampaen,sampan
sampin,samping
samuelasetmanajemen,samual aset manajemen
sandan,sandang
sandingkn,sandingkan
sadiwara,sandiwara
sangarr,sangar
sangad,sangat
sangek,sange
sangeaah,sange ah
sangeberat,sange berat
sangenahna,sange tak tertahan
sangup,sanggup
santamaria,santa maria
satri,santri
saber,sapu bersih
saracaen,saracen
sarachen,saracen
sarahah,sarah
saari,sari
sachet,saset
sastera,sastra
santanicverse,satanic verse
satriamadu,satria muda
sati,satu
satuu,satu
seinci,satu inci
seitansai,satu instansi
setim,satu tim
satlinmas,satuan perlindungan masyarakat
satpol,satuan polisi
satgas,satuan tugas
satukanindonesia,satukan indonesia
saudra,saudara
sdra,saudara
sedulur,saudara
sedulurngaji,saudara mengaji
sedulurngajijombang,saudara mengaji jombang
sdri,saudari
saveghouta,save ghouta
savenu,save nahdlatul ulama
savepalestina,save palestina
saverohingya,save rohingya
saveustadalfian,save ustaz alfian
sawerandirmanida,saweran dirman ida
saweranjateng,saweran jawa tengah
saynk,sayang
sayaang,sayang
sayangghh,sayang
sayank,sayang
sayangkuu,sayangku
sayangnya,sayangnya
sayapnya,sayapnya
sayyid,sayid
scars,scar
scarjo,scarlett johansson
seabadi,seabad
seandai,seandainya
serching,searching
seasem,seasam
sebb,sebab
sebaga,sebagai
sbagaimana,sebagaimana
sbgm,sebagaimana
sbgn,sebagian
sebagi,sebagian
sebahagian,sebagian
sbaliknya,sebaliknya
sbnyk,sebanyak
sebarluaskan,sebarkan
sebwah,sebawah
sbelom,sebelum
sbelum,sebelum
sebekum,sebelum
sebelom,sebelum
seblm,sebelum
seblum,sebelum
sebelumndi,sebelum mandi
sblumnya,sebelumnya
sakjane,sebenarnya
sbtlnye,sebenarnya
sebenar,sebenarnya
sebenarny,sebenarnya
sebenarx,sebenarnya
seberulnya,sebenarnya
sebetulnya,sebenarnya
sbenarnya,sebenarnya
sbnernya,sebenarnya
sebenranya,sebenarnya
sakedap,sebentar
satgi,sebentar
sebrang,seberang
sababaraha,seberapa
segede,sebesar
sehelm,sebesar helm
sbisa,sebisa
sbuah,sebuah
sbut,sebut
sbutkan,sebutkan
sebutin,sebutkan
scara,secara
scra,secara
scptnya,secepatnya
secepetnya,secepatnya
secur,secure
secuity,security
sekurity,security
sdang,sedang
sedanq,sedang
sedara,sedarah
sedekahbumi,sedekah bumi
sedeket,sedekat
sediain,sediakan
sedi,sedih
sedihh,sedih
sdikit,sedikit
sedikir,sedikit
saenaknya,seenaknya
sagala,segala
sgla,segala
sglnya,segalanya
seger,segar
sgera,segera
segerombolan,segerombol
sgtunya,segitunya
segregation,segregasi
seharus,seharusnya
seharusna,seharusnya
sehak,sehat
sehi,sehina
seinget,seingat
seingetku,seingatku
sejhtera,sejahtera
sejahterahkan,sejahterakan
sejahterakn,sejahterakan
seja,sejak
sejabar,sejawa barat
sekedarnya,sekadarnya
seekali,sekali
sekaliaan,sekalian
saiki,sekarang
sekarg,sekarang
sekarnag,sekarang
sekrang,sekarang
sekrng,sekarang
sekebon,sekebun
sekelibet,sekelumit
sekenario,sekelumit
sd,sekolah dasar
sekolahdasar,sekolah dasar
sdn,sekolah dasar negeri
sekolaan,sekolahan
sekolahin,sekolahkan
sekolahku,sekolahku
sekjen,sekretariat jenderal
sekjenya,sekretariat jenderalnya
sekertaris,sekretaris
sektariannizrm,sektarianisme
sekta,sekte
sekuatnyaa,sekuatnya
sekular,sekuler
sekukerisme,sekulerisme
selkulit,sel kulit
salalu,selalu
selamanyaku,selamanya aku
selamatharikartini,selamat hari kartini
selametan,selamatan
selamatkenhutan,selamatkan hutan
selamatkanulama,selamatkan ulama
selegkahan,selangkangan
selanjuttnya,selanjutnya
selapajang,selapangan
selebih,selebihnya
seleb,selebriti
selebgram,selebriti instagram
salebtuit,selebtwit
selesei,selesai
selesaiin,selesaikan
selimutin,selimuti
selipin,selipkan
semacem,semacam
semakan,semakin
semakinhari,semakin hari
semalamâ,semalaman
semaleman,semalaman
semangaatt,semangat
semangatpuasa,semangat puasa
semarangâ,semarang
sekarepmu,semaumu
sembaah,sembah
sembelehin,sembelihkan
semnjak,semenjak
semntara,sementara
sempa,sempat
sempaat,sempat
semprt,semprot
semprull,semprul
semuah,semua
semwa,semua
segampang,semudah
semulajadi,semula jadi
semit,semut
senyam,senam
senng,senang
senengnye,senangnya
senantias,senantiasa
sendir,sendiri
sendr,sendiri
sendrri,sendiri
sendirii,sendiri
sengk,sengak
senpi,senjata api
sensitiviti,sensitivitas
sentilin,sentil
senyama,senyaman
senyumin,senyumi
senyumx,senyumnya
seokjin,seok jin
seorangâ pahlawan,seorang pahlawan
sepakbola,sepak bola
separo,separuh
separoh,separuh
sepata,sepatah
sepernt,seperintah
sepeti,seperti
seprt,seperti
seprti,seperti
sepertimana,seperti yang mana
sepongkon,sepong kontol
sepongkontol,sepong kontol
sept,september
septictank,septic tank
seragamnye,seragamnya
sertijab,serah terima jabatan
serahkn,serahkan
saram,seram
serbuu,serbu
serienya,serinya
seriously,serius
seriusan,serius
seriuus,serius
seriusnyinyir,serius nyinyir
sertaâ,serta
sertifikatanahjkw,sertifikat tanah jokowi
sesu,sesi
sesimple,sesimpel
sesuatunya,sesuatu
setau,sepengetahuan
setauku,sepengetahuanku
setanalas,setan alas
setabak,setarbak
setelaj,setelah
setelahnya,setelahnya
sesetengah,setengah
sefamous,seterkenal
setiamelayanijakarta,setia melayani jakarta
setiausaha,setia usaha
settingan,setingan
setorang,setoran
setuja,setuju
setujunya,setuju
setujuu,setuju
setnov,setya novanto
setyanovanto,setya novanto
saumur,seumur
sewajarny,sewajarnya
sexynyaa,sexynya
salom,shalom
saha,siapa
sesiapa,siapa
seswe,siswi
schema,skema
sbek,sobek
sdm,sumber daya manusia
sby,susilo bambang yudhoyono
selfi,swafoto
selfie,swafoto
selpi,swafoto
screentimenya,waktu menontonnya
slga,alga
smburdul,amburadul
share,bagikan
smak,banting
shopping,belanja
sharinghappiness,berbagi kebahagiaan
smstan,berkirim sms
slek,bermusuhan
sinareng,bersama
sodaraan,bersaudara
shone,bersinar
talanted,bertalenta
songsang,bertentangan
stupid,bodoh
sob,bro
sobss,bro
syantik,cantik
tantik,cantik
sisitipsi,cctv
story,cerita
shegiya,chagiya
sigunakan,digunakan
sholatin,disalatkan
stail,gaya
stile,gaya
style,gaya
shshhs,hem
sidak,inspeksi mendadak
srael,israel
sidoi,jadikan
shortcut,jalan pintas
sontoloyer,kaum sontoloyo
sq,kecerdasan spiritual
shame,kecewa
shameonyou,kecewa padamu
strengthnya,kekuatannya
slepet,kepret
slim,kurus
sue,lama
suee,lama
suwi,lama
sipitan,lebih sipit
soft,lembut
sorry,maaf
snack,makanan ringan
snek,makanan ringan
society,masyarakat
sosayeti,masyarakat
sosmed,media sosial
sistemik,mempengaruhi seluruh sistem
tandingi,menandingi
tangisi,menangisi
skripsian,mengerjakan skripsi
showeran,menggunakan shower
sikapi,menyikapi
stray,menyimpang
sofil,mesofil
sminimal,minimal
supporternya,pendukungnya
striker,penyerang
statemen,pernyataan
statement,pernyataan
steitmen,pernyataan
statementny,pernyataannya
stock,persediaan
stocknya,persediaannya
singgahan,persinggahan
smart,pintar
spuas,puas
shaum,puasa
shah,sah
ssham,saham
shahih,sahih
slaahin,salahkan
slaam,salam
shalat,salat
shalatu,salat
sholat,salat
shalatjumat,salat jumat
soljum,salat jumat
shaleh,saleh
shalih,saleh
sholeh,saleh
soleh,saleh
spg,sales promotion girl
soleha,salihah
solehah,salihah
shallallaahu,sallallahu alaihi wasallam
smaa,sama
smpah,sampah
smpek,sampai
sonoh,sana
songo,sanga
sngat,sangat
snge,sange
sodar,saudara
soudara,saudara
sodaranya,saudaranya
syaa,saya
syang,sayang
ss,screenshoot
sodakoh,sedekah
shrnya,seharusnya
shrs,seharusnya
shrsnya,seharusnya
shg,sehingga
shingga,sehingga
since,sejak
sjk,sejak
sjrah,sejarah
sjumlah,sejumlah
skdr,sekadar
skak,sekak
skakmat,sekakmat
skl,sekali
skli,sekali
sisan,sekalian
skaligus,sekaligus
sklgs,sekaligus
sklinya,sekalinya
skng,sekarang
skian,sekian
skt,sekitar
sktr,sekitar
skulah,sekolah
swkolah,sekolah
smk,sekolah menengah kejuruan
slain,selain
slama,selama
slma,selama
shalawat,selawat
slengkapnya,selengkapnya
slsai,selesai
slesaikan,selesaikan
slsaikan,selesaikan
slrh,seluruh
slruh,seluruh
slusup,selusup
smkin,semakin
smkn,semakin
ssemangatpagi,semangat pagi
smasa,semasa
smaunya,semaunya
smntara,sementara
smntra,sementara
smntarany,sementaranya
smestinya,semestinya
smpurna,sempurna
sumingrah,semringah
smanya,semuanya
skj,senam kesehatan jasmani
smirk,senyum menyeringai
spanjang,sepanjang
sparatis,separatis
spemkiirannya,sepemikiranya
speti,seperti
sprtinya,sepertinya
sptnya,sepertinya
sptr,seputar
syarwan,seriawan
sring,sering
shm,sertifikat hak milik
sruput,seruput
ssk,sesak
ssat,sesat
ssuai,sesuai
stb,set top box
syaiton,setan
syaitonn,setan
syetan,setan
syetann,setan
stimpal,setimpal
stir,setir
stuju,setuju
syallom,shalom
sif,shift
siha,shihab
sihab,shihab
syihaab,shihab
syihab,shihab
sholaatu,sholatu
sholah,sholatu
sianying,si anjing
sianu,si anu
sibabi,si babi
sibayik,si bayi
sicario,si cario
sicepat,si cepat
sicepatberkualitas,si cepat berkualitas
sindut,si gendut
sigoblok,si goblok
sikribo,si kribo
simulut,si mulut
sipenista,si penista
sireena,si reena
sitante,si tante
siaall,sial
siall,sial
siel,sial
syial,sial
sialaan,sialan
siaap,siap
siapp,siap
siyaap,siap
siyaph,siap
siapsableng,siap sableng
siape,siapa
siapaaniessandi,siapa anies sandi
siapepun,siapapun
sidangahok,sidang ahok
shiddiq,sidik
shidiq,sidik
siddiq,sidik
sidomuncul,sido muncul
sidoharjo,sidoarjo
sidogirimedia,sidogiri media
sifatnys,sifatnya
silipis,sifilis
sihh,sih
sii,sih
siichh,sih
sik,sih
sikapny,sikapnya
sikahkan,silahkan
silahkan,silakan
sihite,silit
silvi,silvy
silvyy,silvy
simakrama,sima krama
symphony,simfoni
sinaronline,sinar online
sndr,sindir
sindroma,sindrom
syndrome,sindrom
singo,singa
singapore,singapura
singapur,singapura
sinbiy,sinis
signal,sinyal
sib,sip
sifit,sipit
sipitin,sipit
systeamnya,sistemnya
systemnya,sistemnya
sisturr,sister
stu,situ
sikon,situasi kondisi
skillab,skill lab
sleeves,sleeve
smashblast,smash blast
smashisback,smash is back
smswa,sms whats app
soklin,so klin
somin,so min
sidomi,sodomi
sodorin,sodori
suharto,soeharto
sukano,soekarno
sukarno,soekarno
soekarnoputri,soekarno putri
sukarnoputri,soekarno putri
soignã,soigne
sotipu,sok menipu
sotau,sok tau
sotooy,sok tau
sotta,sok tau
solerout,soler out
ssd,solid state drive
solvability,solvabilitas
soplak,somplak
sooman,soo man
soonyoung,soon young
sorre,sore
social,sosial
sosialâ malaysia,sosialita malaysia
sovyet,soviet
special,spesial
spesis,spesies
specific,spesifik
specifik,spesifik
spek,spesifikasi
spiderman,spider man
spidermen,spider man
spiritofdiversity,spirit for diversity
spiritgn,spirit gebyar nusantara
sportifitas,sportivitas
srimulyani,sri mulyani
sriyonoyn,sri yono
sstt,sst
stabilkan,stabilkan
staff,staf
stafsus,staf khusus
stagan,stagnan
standup,stand up
staguf,staquf
strabuck,starbucks
sta,stasiun
statust,status
stereotif,stereotip
stereotipenya,stereotipnya
stophoax,stop hoaks
strategicactionteam,strategic action team
stress,stres
striped,stripped
stoke,strok
stroke,strok
swt,subhanahu wa taala
subsidisilangkonten,subsidi silang konten
subu,subuh
sudahq,sudah
sudirmanida,sudirman ida
sudrajatsyaikhu,sudrajat syaikhu
skaa,suka
sukak,suka
suke,suka
syukaa,suka
sukanyaa,sukanya
sukmo,sukma
sukamwati,sukmawati
sukmakumati,sukmawati
sukmawati,sukmawati
success,sukses
suksreb,sukses
sukubangsa,suku bangsa
slusap,sulap
sulawasi,sulawesi
sulsel,sulawesi selatan
sulteng,sulawesi tengah
sulidd,sulit
sultans,sultan
sumater,sumatra
sumatera,sumatra
sumsel,sumatra selatan
sumut,sumatra utara
sumutbersih,sumatra utara bersih
sumpa,sumpah
sumpaah,sumpah
swear,sumpah
sundel,sundal
sungailiat,sungai liat
sunggu,sungguh
suparj,suparji
superâ,super
superr,super
supper,super
suju,super junior
superketat,super ketat
superiorprinting,superior printing
suply,supply
suroboyo,surabaya
surambray,suram bro
sk,surat keputusan
sko,surat keputusan otorisasi
spt,surat pemberitahuan tahunan
spj,surat pertanggungjawaban
surg,surga
sriâ,suriah
syria,suriah
syriac,suriah
suru,suruh
survey,survei
sshh,susah
susehh,susah
sush,susah
susih,susah
susiâ,susi
susy,susi
subeye,susilo bambang yudhoyono
suudzon,suuzan
suuzon,suuzan
swamsembada,swasembada
sweping,sweeping
switi,sweety
syafi,syafii
syafie,syafii
sjafruddin,syafruddin
syaikhu,syaikhona
syaykhunaa,syaikhuna
syaitanir,syaithanir
syakri,syakir
sjamsuddin,syamsuddin
syamsudin,syamsuddin
syaret,syarat
syari,syariat
syariah,syariat
syariahwealthcoach,syariat wealth coach
sheikh,syekh
syeikh,syekh
shi,syiah
shia,syiah
syi,syiah
sihar,syiar
sukuran,syukuran
syukuran,syukuran
syukrlah,syukurlah
syuro,syura
taawudz,taawuz
tabayyun,tabayun
tabligh,tablig
tampol,tabok
tadika,tadikan
tagâ,tag
tahanpenista,tahan penista
tahtah,tahta
tahunya,tahunnya
taeekk,tai
taek,tai
taekk,tai
tahey,tai
taii,tai
taikk,tai
taj,tai
takde,tak ada
takan,tak akan
takkan,tak akan
takpe,tak apa
taknak,tak mau
taktahu,tak tau
takpayah,tak usah
takabburnya,takaburnya
takbirallauakbar,takbir allahu akbar
tajil,takjil
tacut,takut
takot,takut
takuut,takut
talâ,tala
tambsh,tambah
tambain,tambahkan
tampakan,tampakkan
tamparin,tampari
tampiln,tampilan
tanahekan,tanah ekan
tancep,tancap
tandatangan,tanda tangan
tandatangani,tanda tangani
tanganin,tangani
tanggepin,tanggapi
tanggungjawab,tanggung jawab
tangkapsukmawati,tangkap sukmawati
tandjung,tanjung
tanjungpinang,tanjung pinang
tanp,tanpa
tantebinal,tante binal
tantebugil,tante bugil
tantegirang,tante girang
tantekesepian,tante kesepian
tantemontok,tante montok
tantesemo,tante semok
taau,tau
soulmatenya,teman akrabnya
specheslah,terdiam
suwon,terima kasih
taif,thaif
tailand,thailand
takleh,tidaklah
tadz,ustaz
smh,ya ampun
syaitu,yaitu
tul,betul
titipin,dititipkan
tuhh,itu
tukan,itukan
thaa,kah
testcase,kasus tes
trangan,lebih terang
timeline,lini masa
tumpakke,menaikan
tewaskan,menewaskan
toong,mengintip
tidurin,meniduri
tindaklanjuti,menindaklanjuti
torehkan,menorehkan
terspektakuler,paling spektakuler
thinkers,pemikir
tetel,potong
tsah,sah
trash,sampah
tetiba,setibanya
tidaknya,setidaknya
than,tahan
teu,tau
thu,tahu
th,tahun
tmhain,tambahkan
thampines,tampines
tnah,tanah
tnh,tanah
tngan,tangan
tgl,tanggal
tnp,tanpa
tgk,tegak
tgur,tegur
theist,teisme
tex,teks
tlah,telah
tivi,televisi
tipinya,televisinya
tkp,tempat kejadian perkara
tps,tempat pemungutan suara
tka,tenaga kerja asing
tki,tenaga kerja indonesia
tkw,tenaga kerja wanita
tngok,tengok
tntg,tentang
tni,tentara nasional indonesia
tiori,teori
trakhir,terakhir
trang,terang
traniaya,teraniaya
tras,teras
trasa,terasa
trerasi,terasi
trbaik,terbaik
terupdate,terbaru
trbuang,terbuang
trbuka,terbuka
terxium,tercium
trhadap,terhadap
trhdp,terhadap
triak,teriak
thank,terima kasih
thaqeef,terima kasih
trimakasih,terima kasih
thankful,terima kasih banyak
trjd,terjadi
trjdi,terjadi
trkdg,terkadang
trkendali,terkendali
trlebih,terlebih
trlewat,terlewat
trlibat,terlibat
trmsuk,termasuk
trsalurkan,tersalurkan
trsbt,tersebut
tetsesat,tersesat
trsusun,tersusun
ttd,tertanda
ttntng,tertantang
trtarik,tertarik
trtentu,tertentu
ttntu,tertentu
tertaip,tertib
tertylap,tertilap
tetibaan,tertimpa
ttindas,tertindas
texted,tertulis
trubus,terubus
teruus,terus
teus,terus
truskan,teruskan
truz,teruskan
terurama,terutama
teruta,terutama
test,tes
testi,testimoni
testimony,testimoni
tetang,tetangga
teta,tetap
teteepp,tetap
tetapjokowi,tetap jokowi
thai,thailand
therichchenle,the rich chenle
theorikal,theoretical
tomas,thomas
tho,though
ts,thread starter
tibatiba,tiba tiba
tida,tidak
tidack,tidak
tidah,tidak
tidakbb,tidak
tidk,tidak
tido,tidak
tikep,tidore kepulauan
tigebelas,tiga belas
tiker,tikar
tililing,tiling
tpf,tim pencari fakta
timtim,tim tim
timnasday,timnas day
timteng,timur tengah
tingga,tinggal
tinggl,tinggal
tgg,tinggi
tggi,tinggi
tghh,tinggi
tnggi,tinggi
tingkalakunya,tingkah lakunya
tkatkan,tingkatan
tingkatin,tingkatkan
tinjah,tinja
tinto,tinta
thionghoa,tionghoa
tionghua,tionghoa
tionghwa,tionghoa
tiptop,tip top
thyroid,tiroid
tititsma,titit sma
tititsmp,titit smp
tohh,toh
thok,tok
toketgede,toket gede
toketmulus,toket mulus
tokosrikandi,toko srikandi
tkoh,tokoh
tokohperubahan,tokoh perubahan
tokyoghoul,tokyo ghoul
tolakcukaiilegal,tolak cukai ilegal
tolakpakatan,tolak pakatan
tolakpemimpinkafir,tolak pemimpin kafir
tulgung,tolong
tomy,tommy
topup,top up
tppilampung,tppi lampung
tppisumbar,tppi sumbar
tranksaksi,transaksi
transaksipolitik,transaksi politik
transakdional,transaksional
tf,transfer
transpuan,transgender perempuan
transpâ,transparan
troma,trauma
trend,tren
trendnya,trennya
triliyun,triliun
trilliun,triliun
trilyun,triliun
triliyunan,triliunan
trilyunan,triliunan
trumpâ,trump
trumph,trump
tue,tua
tgb,tuan guru bajang
tuangurucabul,tuan guru cabul
tuamu,tuanmu
tuduhannmu,tuduhanmu
tkng,tukang
tukag,tukang
tuker,tukar
tolah,tulah
tulalitt,tulalit
tili,tuli
tumbangkn,tumbangkan
tumbangkanjokowi,tumbangkan jokowi
tuney,tunai
tumbur,tunas
thr,tunjangan hari raya
tunjukin,tunjukan
tunjukkan,tunjukan
tunjukilah,tunjukanlah
tuntuna,tuntunan
trunkn,turunkan
tipiwan,tvone
thaad,ustaz
tertanya,yang ditanyai
thy,your
tvshow,acara televisi
uwu,ai
uwuwuww,ai
uyghur,ai
uyhgur,ai
weekend,akhir pekan
uing,aku
weird,aneh
uanjing,anjing
wasuu,anjing
what,apa
whatever,apapun
zhong,apes
zonk,apes
usep,asep
ulamak,astaga
yok,ayo
yuh,ayo
yukk,ayo
yukp,ayo
yuks,ayo
yut,ayo
yuuk,ayo
yuknabung,ayo menabung
yukngaji,ayo mengaji
wazhab,azab
vau,bau
urg,belum
varokah,berkah
twitteran,bermain twitter
usual,biasanya
umyun,buta
with,dengan
vilage,desa
wantimpres,dewan pertimbangan presiden
two,dua
twice,dua kali
twoshoot,dua tembakan
uenak,enak
yummy,enak
wave,gelombang
zhengting,genting
wahahahaha,haha
whahahaahaha,haha
whuahahahah,haha
wei,hai
weii,hai
wishnya,harapannya
wey,he
weyh,he
yahut,hebat
zz,hem
yey,hore
yeyy,hore
ujan,hujan
ummi,ibu
wanna,ingin
wasatiyatislam,islam moderat
wife,istri
tuu,itu
yaap,iya
yaapss,iya
yao,iya
yaoi,iya
yee,iya
yeh,iya
yeho,iya
yelah,iya
yes,iya
yeshh,iya
yoj,iya
yoo,iya
yooa,iya
yuhu,iya
yuhuu,iya
yui,iya
yegak,iya atau tidak
yebin,iya biarkan
yadong,iya dong
yy,iya iya
yakan,iyakan
yekan,iyakan
yeeuh,jijik
yeu,jijik
yeuh,jijik
yeuhh,jijik
yuta,juta
unnie,kakak perempuan
wechooserahmah,kami pilih rahmah
ur,kamu
you,kamu
youu,kamu
wag,kekasih
weaknessnya,kelemahannya
why,kenapa
wareg,kenyang
volunteerism,kesukarelaan
unfairness,ketidakadilan
while,ketika
typingnya,ketikannya
victim,korban
ucink,kucing
voucher,kupon
turtle,kura kura
walter,laki laki
vs,lawan
turah,lebih
weru,lihat
warbiasak,luar biasa
warrbisah,luar biasa
wengi,malam
wear,memakai
videoin,memvideo
win,menang
typing,mengetik
ungguli,mengungguli
visit,mengunjungi
untungkan,menguntungkan
watching,menonton
tutupi,menutupi
tutupin,menutupi
undeestimate,menyepelekan
underestimate,menyepelekan
waspadai,mewaspadai
wawancarain,mewawancarai
wasatiyah,moderat
wasatiyat,moderat
watasiyat,moderat
zonkey,monyet
winters,musim dingin
uname,nama pengguna
unem,nama pengguna
username,nama pengguna
usher,nama pengguna
unamenya,nama penggunanya
yawa,nyawa
ui,oi
uwoy,oi
wo,oi
woe,oi
woey,oi
woii,oi
wooii,oi
wooui,oi
wooy,oi
wooyy,oi
woy,oi
woyy,oi
uke,oke
villager,orang desa
wonge,orangnya
utak,otak
uteknya,otaknya
vadjadjaran,padjadjaran
wahala,pahala
uncle,paman
vasti,pasti
waiters,pelayan
updaters,pembaru
update,pembaruan
updateannya,pembaruan
ultrasnya,pendukung fanatiknya
walpri,pengawal pribadi
user,pengguna
usage,penggunaan
upgrade,peningkatan
witch,penyihir
wor,perang
twitwor,perang twit
walkout,pergi
vn,pesan suara
utangan,pinjaman
wowo,prabowo
wowok,prabowo
updating,proses pembaruan
udelnya,pusarnya
wiig,rambut palsu
umoh,rumah
wrong,salah
typo,salah ketik
very,sangat
woles,santai
zapi,sapi
ukhti,saudari
wilujeng,selamat
umpetin,sembunyikan
tyap,setiap
voice,suara
ud,sudah
udaah,sudah
udab,sudah
udeeh,sudah
udehh,sudah
wes,sudah
wess,sudah
wis,sudah
ws,sudah
wisan,sudahan
udahlah,sudahlah
weslah,sudahlah
walaahh,sumpah
zuzu,susu
usyriyah,syriyah
turtable,tabel kebenaran
year,tahun
without,tanpa
tv,televisi
tvri,televisi republik indonesia
venue,tempat
ty,terima kasih
ujungujung,tiba tiba
tydac,tidak
tydak,tidak
useless,tidak berguna
unbranded,tidak bermerek
unpub,tidak dipublikasikan
unskilled,tidak terampil
tyo,tio
type,tipe
typekal,tipikal
typical,tipikal
urani,tirani
tytyd,titit
wc,toilet
tuwek,tua
wait,tunggu
turret,turet
turkey,turki
turnament,turnamen
turo,turonggo
twee,twit
tweeps,twit
tweet,twit
tweetdsap,twit
tweets,twit
twet,twit
twip,twit
twips,twit
twit,twit
twitt,twit
twiy,twit
twt,twit
tweetnya,twitnya
twatter,twitter
tweeter,twitter
twiter,twitter
tyasmirasih,tyas mirasih
uangkita,uang kita
ucpn,ucapan
ucapakan,ucapkan
uddin,udin
ugh,uh
unch,uh
ush,uh
uuhh,uh
uunncchh,uh
uhuww,uhuy
woo,uhuy
woohoo,uhuy
ujin,ujian
uas,ujian akhir semester
un,ujian nasional
uts,ujian tengah semester
ukwah,ukhuwah
ulakkarang,ulak karang
ulamaâ,ulama
ulamað,ulama
ulangtahun,ulang tahun
ulangtaun,ulang tahun
ultah,ulang tahun
ulasanya,ulasannya
ultrakanan,ultra kanan
uv,ultra violet
umaraâ,umara
umaro,umara
umaroh,umara
umatbersamasaksi,umat bersama saksi
ummatnha,umatnya
umroh,umrah
uu,undang undang
uud,undang undang dasar
unfol,unfollow
unfoll,unfollow
upfoll,unfollow
upload,unggah
uae,uni emirat arab
unisoviet,uni soviet
url,uniform resource locator
uk,united kingdom
univ,universitas
universiti,universitas
university,universitas
universityâ,universitas
ub,universitas brawijaya
uin,universitas islam negeri
unkris,universitas kristen
unm,universitas negeri malang
unpad,universitas negeri padjadjaran
unnes,universitas negeri semarang
untan,universitas tanjungpura
untar,universitas tarumanegara
unt,untuk
untuak,untuk
unutk,untuk
utuk,untuk
untrakyat,untuk rakyat
uupa,upah
umr,upah minimum regional
upone,upon
upss,ups
urusn,urusan
urusin,uruskan
ukm,usaha kecil menengah
usirchina,usir cina
usluf,uslub
ustmani,usmani
uss,ussr
ust,ustaz
ustadz,ustaz
ustd,ustaz
uthman,utsman
utusanmalaysia,utusan malaysia
utusanonline,utusan online
udzur,uzur
valik,valak
validnya,validitasnya
verif,verifikasi
ver,versi
vii,vi
vid,video
videobokep,video bokep
vidkep,video bokep
videobokepgrat,video bokep gratis
vc,video call
vcs,video call sex
vclip,video klip
videomesum,video mesum
videongentot,video ngentot
vikinganjing,viking anjing
villa,vila
vincesius,vincentius
vinyl,vinil
virakan,viralkan
viralin,viralkan
visualnya,visualisasinya
vocal,vokal
waba,wabah
wadaauuww,waduh
wadaw,waduh
wadidaw,waduh
waduuh,waduh
wala,waduh
wllh,waduh
wlo,waduh
waah,wah
wahh,wah
wal,wah
wehh,wah
woh,wah
wohh,wah
yua,wah
wagelaseh,wah gila sih
waaini,wah ini
waini,wah ini
wainna,wah ini
wahbrot,wah saudara
wagakbener,wah tidak benar
wahabrer,wah tidak benar
wahhabi,wahabi
wahabism,wahabisme
wajae,wajahnya
wajahâ,wajahnya
wajahx,wajahnya
wjar,wajar
wajarla,wajarlah
wamil,wajib militer
waji,wajik
wagub,wakil gubernur
wagubku,wakil gubernurku
wagubnya,wakil gubernurnya
waketum,wakil ketua umum
wapres,wakil presiden
wapresnya,wakil presidennya
wapresnye,wakil presidennya
wayahe,waktunya
walaipun,walaupun
walaupon,walaupun
walupun,walaupun
walikota,wali kota
walkot,wali kota
walikotanya,wali kotanya
walisongo,wali songo
waqiâ,waqiah
wn,warga negara
wna,warga negara asing
wni,warga negara indonesia
wargapribumiasli,warga pribumi asli
warisanâ,warisannya
wrung,warung
warnet,warung internet
warteg,warung tegal
wasite,wasitnya
waspadailah,waspadalah
waspadanya,waspadalah padanya
wslm,wassalam
wassalammualaikum,wassalammualaykum
watrpad,wattpad
wawancaraeksklusif,wawancara eksklisif
wgl,we get love
wibu,weeaboo
wenangan,wejangan
wel,well
wtf,what the fuck
wassapnya,whatsappnya
wefie,wifi
wil,wilayah
wilyah,wilayah
wne,wine
wirosableng,wiro sableng
wisatakaltim,wisata kalimantan timur
waakaakaak,wkwk
wakaka,wkwk
wakakak,wkwk
wakakaka,wkwk
wakakakak,wkwk
wakakakaka,wkwk
wakakakakakak,wkwk
wakakkakkak,wkwk
wakaq,wkwk
wakwaww,wkwk
wek,wkwk
wekawekaweka,wkwk
wekekkeke,wkwk
wjdjiqksks,wkwk
wk,wkwk
wkaakakak,wkwk
wkakak,wkwk
wkakakakaka,wkwk
wkejwkkw,wkwk
wkk,wkwk
wkkw,wkwk
wkkwkk,wkwk
wkkwkw,wkwk
wkkwkwkw,wkwk
wkkwkwkwkw,wkwk
wkkww,wkwk
wks,wkwk
wksk,wkwk
wkw,wkwk
wkwkk,wkwk
wkwkkw,wkwk
wkwkkwk,wkwk
wkwkkwkw,wkwk
wkwkkwkwkw,wkwk
wkwkkwkwkwkwkq,wkwk
wkwks,wkwk
wkwkw,wkwk
wkwkwjjwjw,wkwk
wkwkwk,wkwk
wkwkwkakak,wkwk
wkwkwkk,wkwk
wkwkwkkwkw,wkwk
wkwkwkkwkwkwwk,wkwk
wkwkwkw,wkwk
wkwkwkwkk,wkwk
wkwkwkwkkw,wkwk
wkwkwkwkw,wkwk
wkwkwkwkwk,wkwk
wkwkwkwkwkk,wkwk
wkwkwkwkwkkw,wkwk
wkwkwkwkwkkwkwkw,wkwk
wkwkwkwkwkw,wkwk
wkwkwkwkwkwkk,wkwk
wkwkwkwkwkwkwk,wkwk
wkwkwkwkwkwkwkwk,wkwk
wkwkwkwwkkwkwkwkwk,wkwk
wkwkwkwwkwk,wkwk
wkwkwwk,wkwk
wkwwk,wkwk
wqwq,wkwk
wqwqwq,wkwk
wqwqwqwq,wkwk
wuakkakaa,wkwk
wwkkw,wkwk
wwkwkwkw,wkwk
wwsn,wkwk
wonderfulindonesia,woderful indonesia
waaw,wow
waow,wow
waw,wow
wew,wow
widih,wow
woow,wow
woww,wow
wuah,wow
wusstt,wow
wournos,wuornos
winwen,xinwen
yab,ya
yað,ya
yha,ya
yaah,ya
yaakk,ya
yahh,ya
yas,ya
yeah,ya
yuups,ya
yaallah,ya allah
yaallahh,ya allah
yaolo,ya allah
yasalam,ya allah
yassalam,ya allah
yawlah,ya allah
yaamfun,ya ampun
yaampun,ya ampun
yampun,ya ampun
yagimanasih,ya bagaimana sih
yagitu,ya begitu
yai,ya iyalah
yaila,ya iyalah
yailaah,ya iyalah
yailah,ya iyalah
yaiyalah,ya iyalah
yakali,ya kali
yra,ya rabbal alamin
yauda,ya sudah
yawdah,ya sudah
yowis,ya sudah
yaudahlah,ya sudahlah
yanga,ya tidak
yaola,ya tidak
yalord,ya tuhan
yaaelaa,yaelah
yaaelah,yaelah
yaelahh,yaelah
yahodi,yahudi
yahudii,yahudi
yahudilik,yahudi
yakini,yaitu
yakiin,yakin
yakiinn,yakin
yabg,yang
yanag,yang
yangg,yang
yant,yang
yynng,yang
zhang,yang
yangbagus,yang bagus
ybhg,yang berbahagia
ybs,yang bersangkutan
yll,yang lain lain
yme,yang maha esa
yangmembuat,yang membuat
yth,yang terhormat
yasadipura,yasa adipura
yaysn,yayasan
yal,yel
yall,yel
yell,yel
yogya,yogyakarta
yutub,youtube
yutup,youtube
yutuber,youtuber
yubaarik,yubarik
ucril,yusril
ym,yusuf mansyur
zainulmajdi,zainul majdi
zhalim,zalim
zmn,zaman
zar,zat
zionist,zionis
zoon,zoom
zuyle,zumi
met,selamat
netaas,menetas
keberpa,keberapa
eeeehhhh,eh
hallo,halo
ka,kakak
daah,dah
aaaaahhhh,ah
nyenengin,menyenangkan
gemess,gemas
akuuu,aku
gemesiin,menggemaskan
menyenangkn,menyenangkan
idolaa,idola
kaakk,kakak
baaiikkk,baik
telaatt,telat
kaak,kakak
loohhh,lo
yeee,iya
baguuuuus,bagus
gayany,gayanya
bnk,bank
awaas,awas
siip,sip
abizzzz,habis
kerrrrennnn,keren
sayaa,saya
sdkit,sedikit
lgu,lagu
kharismanya,karismanya
lgunya,lagunya
kereeeeennnn,keren
nyamain,menyamakan
lakik,laki
siippp,sip
kereeen,keren
wihhhhhh,weh
bingitsss,banget
kaloo,kalau
gimna,bagaimana
tuuh,itu
nyebur,mencebur
dbuat,dibuat
bangcat,bangsat
waoohhh,wah
dhe,deh
indahhh,indah
bgttt,banget
berarto,berarti
amiiinn,amin
amiiiin,amin
aminnn,amin
amiend,amin
yaaa,ya
ameen,amin
aminnnn,amin
amiiinnn,amin
mamer,memamerkan
jelase,jelas
uwakk,uak
gini,begini
njir,anjir
piiink,merah muda
astgfrullah,astagfirullah
gbs,enggak bisa
yaaaaaa,ya
bangshad,bangsat
stagahhhh,astaga
iooo,lo
plampiasannn,pelampiasan
masalahh,masalah
inghinn,ingin
dhi,di
mengherthii,mengerti
yanckh,sayang
chelalyyu,selalu
therchakitty,tersakiti
mauuuuu,mau
kaliii,kali
bangat,banget
dongg,dong
yokkk,ayo
sweger,segar
gantengg,ganteng
bingiit,banget
kebukaaa,terbuka
kayakk,kayak
asliii,asli
cntiknya,cantiknya
ngeliatnya,melihatnya
njerr,anjir
bingiiittttzzzz,banget
dooong,dong
hdk,hendak
jugaa,juga
mksud,maksud
mbakx,mbaknya
bejilbbnya,berjilbabnya
masio,masih
yahhh,ya
makasih,terima kasih
ugaaa,juga
jerewi,jerawat
jilbabnyaah,jilbabnya
yuuuk,ayo
warnaaa,warna
punyaaa,punya
cantiik,cantik
sukaaak,suka
kebayanyaa,kebayanya
merekaaaa,mereka
jugaaa,juga
gilaaaa,gila
lucuu,lucu
emessss,gemas
ucullllll,lucu
bangeettt,banget
gemesshh,gemas
apaaa,apa
ampuunn,ampun
ciuuuummmm,cium
ngemeng,bicara
epe,apa
seehh,sih
ucul,lucu
astagfirrullah,astagfirullah
suerrr,sumpah
ntik,cantik
lucuuuu,lucu
ketawakkkk,ketawa
nakutin,menakutkan
malingg,maling
cocokk,cocok
niihh,nih
imutttttt,imut
satuuuuu,satu
sesekk,sesak
nafass,napas
bgtt,banget
cintaaaaaaa,cinta
lucuk,lucu
duluu,dulu
megang,memegang
kawinin,mengawini
nyaaa,nya
gemesin,menggemaskan
fotoin,foto
kaaa,kakak
pcarny,pacarnya
kri,kiri
tembokk,tembok
kiriii,kiri
bungkusin,bungkuskan
dehhhh,deh
kakk,kakak
ngegantiin,menggantikan
trsa,terasa
khadirannya,kehadirannya
hayalanku,khayalanku
surgaa,surga
kangenn,kangen
kgn,kangen
kakkkkk,kakak
rinduuuuuuuuu,rindu
terangkhn,terangkan
bgtttt,banget
bngunlah,bangunlah
qu,ku
hiri,hari
alm,almarhum
sie,sih
benet,benar
bangetttt,banget
gda,enggak ada
gantiin,gantikan
kklau,kalau
acra,acara
bnerr,benar
emk,emak
temenn,teman
pngenn,ingin
terkenall,terkenal
ajhh,saja
dimusiumin,dimuseumkan
bntu,bantu
kangem,kangen
amiiin,amin
lahhh,lah
lht,lihat
mnrtkuu,menurutku
wajiiib,wajib
aaaammmiiiinnnn,amin
dtnggu,ditunggu
kunjungin,kunjungi
lagiiii,lagi
waktunyaaa,waktunya
diluangin,diluangkan
mimin,admin
istimewaaa,istimewa
donkk,dong
kejawab,terjawab
yaaaa,ya
mohom,mohon
kebalas,terbalas
nyempetin,menyempatkan
wktunya,waktunya
kaaaa,kakak
namain,menamai
ijap,ijab
kobul,kabul
inggat,ingat
brdua,berdua
sanggat,sangat
siipp,sip
laa,lah
hdp,hidup
kedpan,ke depan
mndaptkan,mendapatkan
"""nutup""""in""",menutup nutupi
kakkk,kakak
za,saja
peengn,ingin
muantteepp,mantap
mrit,menikah
ngapasih,kenapa sih
segitunya,sebegitunya
fto,foto
sisain,sisakan
slamt,selamat
nantiii,nanti
edaaan,edan
ciyeeeeeee,cie
lairannya,kelahirannya
jmnya,jamnya
ajha,saja
nyaaaa,nya
amiien,amin
terbaikkk,terbaik
ayahh,ayah
ae,saja
mrekaaaa,mereka
yaampuuuunnnn,ya ampun
nyanyiin,menyanyikan
ahhh,ah
tempt,tempat
asyikkkkk,asyik
iriiiii,iri
naaaaahh,nah
kka,kakak
jrang,jarang
makkk,emak
guee,gue
pengennn,ingin
gilzz,gila
nyaru,menyaru
gilaaa,gila
mantabs,mantap
mlu,malu
payahh,payah
ntaf,mantap
milikin,memiliki
kamo,kamu
inih,ini
sukaaaa,suka
sukaaaaaa,suka
mehoonggggg,mahal
apikkkk,bagus
yach,ya
kereenn,keren
ginii,begini
ayoook,ayo
yoiii,iya
gituuu,begitu
iyaaa,iya
liptsk,lipstik
nyeplak,menjiplak
kmarin,kemarin
mengncang,mengencang
tauu,tau
skitar,sekitar
ats,atas
donk,dong
heii,hai
diputusin,diputus
pcrnya,pacarnya
mnjual,menjual
kkak,kakak
rekomendasiin,rekomendasikan
sihhh,sih
cooocok,cocok
mamanyy,mamanya
bosenin,membosankan
sey,sih
cantikkk,cantik
banger,banget
kaa,kakak
eakyu,waktu
cntik,cantik
kakanya,kakaknya
doeloe,dulu
cantikkkk,cantik
bngtt,banget
iyak,iya
malh,malah
gag,enggak
fhotonya,fotonya
bleh,boleh
tanteny,tantenya
sklinyaa,sekalinya
dramaa,drama
niiih,nih
bisaa,bisa
lihaat,lihat
yuwkkk,ayo
editannn,editan
mai,mau
kamuu,kamu
pastii,pasti
bisaaa,bisa
kejuu,keju
kereen,keren
kmauan,kemauan
ahhhh,ah
yuuuuk,ayo
disiniii,di sini
cobaa,coba
ajaaa,saja
tuhhh,itu
amploppp,amplop
sayangg',sayang
nantii,nanti
aminnnnn,amin
yukkkk,ayo
nged,banget
nantik,nanti
ksitu,ke situ
bangeett,banget
liad,lihat
biasahhh,biasa
tutorialx,tutorialnya
dpke,dipakai
fhoto,foto
kerenn,keren
binggo,banget
rekomndd,rekomended
wado,waduh
guaa,gue
yaakkk,ya
bangetttttyt,banget
bangettttt,banget
bangg,abang
kaliannnnnn,kalian
rinduuuuuuuuuu,rindu
kaliannnnnm,kalian
kangeeeeeeeeeeennnnn,kangen
kangennn,kangen
kaliannnnnnn,kalian
trserah,terserah
wlwpun,walaupun
trpsah,terpisah
prsatukn,persatukan
ngomng,ngomong
skedar,sekadar
kangeeerrn,kangen
pulak,pula
terrrrbaik,terbaik
jorookknya,joroknya
ihhhhh,ih
padahall,padahal
jorokkkk,jorok
mualll,mual
klow,kalau
taiiii,tai
seneeeeeng,senang
besarin,besarkan
tanyang,tayang
kerreeen,keren
pantess,pantas
bngettt,banget
baperr,bawa perasaan
ht,hati
pemainy,pemainnya
aqu,aku
kbawa,terbawa
bradegan,beradegan
amiiinnnn,amin
nikahin,nikahi
nyambung,menyambung
liyat,lihat
adengan,adegan
bingit,banget
sitayngin,ditayangkan
cocokkk,cocok
mahhhh,mah
cocokny,cocoknya
iniw,ini
setju,setuju
bnern,benaran
klian,kalian
cocokkkk,cocok
bngett,banget
abes,habis
ihh,ih
beginiiii,begini
keq,kayak
sygkuu,sayangku
ngeselin,mengesalkan
bajua,bajunya
pokokya,pokoknya
kuyy,ayo
bentarr,bentar
dureen,durian
ajibb,keren
mahall,mahal
niiihh,nih
imuuttt,imut
imuttzz,imut
nha,nya
rasain,rasakan
daaaah,deh
asliiii,asli
cantiknnnnyaaaaaaa,cantiknya
ngelihatnya,melihatnya
lau,kau
cantikk,cantik
sexxi,sexy
bulet,bulat
ituu,itu
ngocok,mengocok
gn,begini
yaahhh,ya
kencqng,kencang
kra,kira
diginikan,dibeginikan
lahh,lah
gambarin,gambarkan
ngerii,mengerikan
digambarin,digambarkan
klen,kalian
kog,kok
liatnya,lihatnya
bedanyaaa,bedanya
mbk,mbak
pgin,ingin
krudungan,kerudungan
maksutku,maksudku
kerennnnn,keren
njirr,anjir
manisnyaaaa,manisnya
thun,tahun
bangeet,banget
ngomen,mengomentari
kaaakk,kakak
tenggah,tengah
kocakkkkkkkkkkkkkk,kocak
ksukaanmuuu,kesukaanmu
bagiii,bagi
ayooo,ayo
nontonx,menontonnya
penasarannnn,penasaran
gilakkkkkk,gila
mauuu,mau
nontoonnn,menonton
kepingin,ingin
nontonnnn,menonton
deeek,adik
ntappp,mantap
cyiiin,cinta
iyha,iya
kureeeen,keren
muantaap,mantap
sbnyak,sebanyak
penasaraaann,penasaran
ayoooo,ayo
nii,ini
nontonya,menontonnya
peen,pengin
gga,enggak
asikkk,asyik
ceritax,ceritanya
yoooiii,iya
udahh,sudah
tauuuuu,tau
sabarrrrr,sabar
kqmu,kamu
banggain,banggakan
pengan,ingin
simpen,simpan
gakk,enggak
bagiin,bagikan
kapn,kapan
senengin,senangi
ampunnnn,ampun
senengg,senang
teruzzz,terus
mantabb,mantap
sumpahh,sumpah
diluarann,di luaran
dlam,dalam
anjirrrr,anjir
jendess,janda
sichh,sih
geh,sana
nggak,enggak
aduuhhh,aduh
miripp,mirip
silauuu,silau
waww,wow
njiirr,anjir
kesinii,ke sini
gemay,gemas
dstu,di situ
wiiiihhhh,weh
samoga,semoga
kereennn,keren
nyangkaa,menyangka
hasilnyaaa,hasilnya
dahhhh,dah
jugaakk,juga
yaak,ya
lhoo,lo
donx,dong
gthu,begitu
maauuu,mau
pacarrr,pacar
idamann,idaman
naturalllll,natural
berntung,beruntung
merka,mereka
romntis,romantis
ulan,ulang
sipp,sip
jugak,juga
ngeluarin,mengeluarkan
keciill,kecil
ughaa,juga
abeees,habis
adain,adakan
sempurnaaaaa,sempurna
kaan,kan
badaaiii,badai
beneraan,benaran
cantiiik,cantik
kuatttt,kuat
cantiiiiiiik,cantik
cantiknyaaa,cantiknya
catiiiiik,cantik
subahanallah,subhanallah
padet,padat
cantiq,cantik
lohh,lo
hadirrr,hadir
hadirr,hadir
jelashh,jelas
mbaaa,mbak
hidupppp,hidup
diliatnya,dilihatnya
bangeeet,banget
allahhhhhhh,allah
gemesnya,gemasnya
tbuh,tubuh
itungan,hitungan
ledekin,meledeki
dptkan,dapatkan
kalii,kali
ninggiin,meninggikan
baget,banget
ahh,ah
balesin,balaskan
sukaaa,suka
lutuna,lucunya
ciapa,siapa
gemesss,gemas
duhh,duh
terharuuu,terharu
alamii,alami
sampek,sampai
ckrng,sekarang
ngegemesin,menggemaskan
imoet,imut
jagain,jagakan
yahbh,ya
sktika,seketika
lutu,lucu
wowwww,wow
massss,mas
kesiniii,kesini
masyaallahhh,masyaallah
kerennn,keren
ksni,ke sini
begok,bego
jgk,juga
pgi,pagi
keeeeeren,keren
baguusss,bagus
nahannnn,tahan
bagaatt,banget
gayannxa,gayanya
kereeeen,keren
uda,sudah
ngekeh,kekeh
xlian,kalian
ihhh,ih
lcu,lucu
koplakkk,kocak
kerass,keras
yachhh,ya
gokil,gila
ngelihat,melihat
ngelawak,melawak
iiihhhhh,ih
nyolotinnnn,melototi
beratttttttt,berat
cantiikkkk,cantik
hijaabbb,hijab
sekalii,sekali
smnagatin,menyemangati
cans,cantik
banhet,banget
bgttttttt,banget
mngasi,mengasih
kmbang,kembang
pla,pula
bngtzt,banget
lucukkkkk,lucu
sbelah,sebelah
baek,baik
ciusss,serius
palinf,paling
fav,favorit
maak,emak
ngakaaaakkk,mengakak
gokill,gila
kocakkkkkk,kocak
ngekek,mengekek
capee,cape
pegangin,pegangi
nyender,menyandar
manjain,manjakan
peleotin,meleotkan
bng,bang
termurahhhh,termurah
nyatakan,menyatakan
graaatiiiis,gratis
meriahh,meriah
cantikkkm,cantik
parahh,parah
bingits,banget
yuppss,ya
nyindir,menyindir
onoh,sana
anakny,anaknya
begete,banget
manteppp,mantap
ynk,sayang
diemin,diamkan
hancurin,hancurkan
haragain,menghargai
sbaiknya,sebaiknya
mngerti,mengerti
nyinyirin,nyinyir
pd,pada
ngomomg,mengomong
kbetulan,kebetulan
orgtuanya,orang tuanya
ngamatin,mengamati
ngintip,mengintip
ngintilin,mengintil
smnjak,semenjak
trbukti,terbukti
nyambet,menyambat
eloo,lu
goblokkk,goblok
sesatt,sesat
ibliss,iblis
kbiasaan,kebiasaan
hdpnya,hidupnya
anknya,anaknya
tdnya,tadinya
branjak,beranjak
masyarakay,masyarakat
menegerti,mengerti
nasehatin,menasihati
ngaca,mengaca
kakkkk,kakak
slamet,selamat
nari,menari
mf,maaf
ngcpin,mengucapkan
woowwww,wow
iaa,iya
kebagi,terbagi
nerusin,meneruskan
wihh,weh
tetapppp,tetap
gantenggg,ganteng
jakety,jaketnya
pusingggg,pusing
pucing,pusing
ihhhh,ih
maho,manusia homo
gantng,ganteng
hilangv,hilang
bungggg,bung
gapap,enggak apa apa
pling,paling
gokiiill,gila
busedh,buset
gokilnya,gilanya
duluuu,dulu
keceee,kece
nyaa,nya
gilaa,gila
duuhhh,duh
amiiiiinnnnn,amin
tullus,tulus
pluk,peluk
kpada,kepada
ktaa,kita
tetaplaah,tetaplah
ajja,saja
dech,deh
oprasi,operasi
gya,gaya
kndung,kandung
ksenangan,kesenangan
ddpt,didapat
jwab,jawab
mmbodohkan,membodohkan
orlaen,orang lain
aplikasiin,mengaplikasikan
berangat,berangkat
praktekin,mempraktikkan
dahh,dah
omdo,omong doang
prjuangan,perjuangan
kmewahan,kemewahan
ddpat,didapat
mnilai,menilai
usahh,usah
sekarng,sekarang
hay,hai
bhagia,bahagia
sasama,sesama
dehh,deh
seklian,sekalian
tuuu,itu
ngurusan,mengurusi
campurin,mencampuri
emnknya,memangnya
unyuu,unyu
mrangkul,merangkul
lh,lah
manusiy,manusia
teringt,teringat
pilihnmu,pilihanmu
swmntara,sementara
liht,lihat
suaminy,suaminya
jadulnya,zaman dulunya
mantaff,mantap
bagaimna,bagaimana
mulusssss,mulus
kpleset,kepleset
kepeleset,kepleset
kayanye,kayaknya
amiinnnn,amin
wewww,wow
dumsss,dong
perbaikin,perbaiki
permasalhkan,mempermasalahkan
jauhin,jauhi
adiik,adik
manisss,manis
ddlm,di dalam
dkuburnya,dikuburnya
critamu,ceritamu
bres,beres
cmkn,camkan
diurusin,diurus
donks,dong
mengperbolehkan,memperbolehkan
ngri,negeri
lma,lama
ngebolehin,memperbolehkan
gausa,enggak usah
maksain,memaksakan
smog,semoga
mnerima,menerima
baikxa,baiknya
aaamin,amin
amienn,amin
amiiiiiiiiiinnnnnnn,amin
nolongin,menolong
amiiiiiiiiiiin,amin
seluru,seluruh
amiennn,amin
tebir,ribet
doangam,doang
amad,amat
mkst,maksud
rempong,ribet
kerjaan,pekerjaan
bingittzz,banget
bangets,banget
dwh,deh
bante,bantai
la,lah
komenannya,komentarnya
hadapin,hadapi
dengarin,dengarkan
widihh,weh
mantepp,mantap
syratnya,syaratnya
pnjang,panjang
shat,sehat
inginkn,inginkan
belanjaa,belanja
burem,buram
kancang,kencang
mansyoallah,masyaallah
canttttikkk,cantik
subhanalloh,subhanallah
lkuin,lakukan
langgenh,langgeng
salluutt,salut
warbiyasah,luar biasa
keedaannya,keadaannya
jlek,jelek
matany,matanya
dteng,datang
buruannn,buruan
perubut,perunut
say,sayang
mmbela,membela
mslhnya,masalahnya
llki,lelaki
dluar,di luar
sna,sana
maluuuu,malu
nyaranin,menyarankan
tongolin,menongol
cabol,cabul
nyet,monyet
muna,munafik
jing,anjing
nihh,nih
hidiyah,hidayah
percya,percaya
mgk,mungkin
termurahhh,termurah
banyaaaaaak,banyak
tunjukan,tunjukkan
mba,mbak
terbaeq,terbaik
jels,jelas
diakibtkn,diakibatkan
suk,suka
dsrny,dasarnya
jkrta,jakarta
mantaap,mantap
lanjutkaaaaan,lanjutkan
hiduppp,hidup
ncek,encek
majuuu,maju
teruuss,terus
looohh,lo
sebelumbya,sebelumnya
nyampein,menyampaikan
hokiii,hoki
naksir,menaksir
nafkahin,nafkahi
ngitem,menghitam
banyaaaak,banyak
lhat,lihat
cwek,cewek
kngen,kangen
fillm,film
sinet,sinetron
jendral,jenderal
maenya,mainnya
cantiks,cantik
jaaangan,jangan
terimaksih,terima kasih
inii,ini
kaannnn,kan
tidakkkk,tidak
kemuh,kamu
pinginnn,ingin
buanget,banget
ketemuuu,ketemu
mimpiii,mimpi
wanjerrr,anjir
satupunn,satupun
motret,memotret
lapakk,lapak
nyeniii,menyeni
seeh,sih
deuhh,duh
dihargain,dihargai
lebayy,lebay
gilsss,gila
nganbek,mengambek
sukaa,suka
mendam,memendam
manta,mantan
relaaaa,rela
bgun,bangun
cntk,cantik
kliatan,kelihatan
awoohhh,allah
cantiikk,cantik
sbbyak,sebanyak
apun,apapun
nyangkutnya,menyangkutnya
ampunnnnn,ampun
wadaaw,waduh
paraah,parah
sampw,sampai
dijelekin,dijelekkan
azeeeek,asyik
ntikk,cantik
uhh,uh
mnisss,manis
tambahim,tambahkan
canttikkk,cantik
baanggeettt,banget
siiihh,sih
krpoooo,kepo
pengn,ingin
nyok,ayo
dekkk,adik
ngiri,mengiri
mmang,memang
mnjmput,menjemput
mblooo,jomblo
ber'expresi,berekspresi
jdulnya,judulnya
ciumman,ciuman
aurot,aurat
laginy,laginya
nyaaaaaaaaaaaaa,nya
alkhamdulilah,alhamdulillah
selaluu,selalu
anjirrr,anjir
amen,amin
qm,kamu
nahhh,nah
ngmngnya,mengomongnya
fotony,fotonya
halllo,halo
ngiritya,mengiritnya
hematt,hemat
ciyeeee,cie
yeeee,iya
nget,banget
kususnya,khususnya
krm,kirim
sam,sama
ajaaahhhhh,saja
syediiihhh,sedih
malangg,malang
belooomm,belum
kebukti,terbukti
tuwanya,tuanya
pedesssss,pedas
hellooooooo,halo
ngrebut,merebut
lupain,melupakan
bangkret,bangkrut
lahhhhhh,lah
kedokk,kedok
nyimak,menyimak
komenx,komennya
blim,belum
ngerebut,merebut
mnjijikaaaaaan,menjijikkan
astgfrlh,astagfirullah
sahabatt,sahabat
gnyngka,enggak menyangka
sendirir,sendiri
brengsekk,berengsek
ngomentnya,mengomentarinya
nusuk,menusuk
dpotong,dipotong
helo,halo
ngmgin,mengomongkan
bilangg,bilang
gkhianati,mengkhianati
pljaran,pelajaran
mngikuti,mengikuti
klkuan,kelakuan
nnt,nanti
cew,cewek
cow,cowok
kasiannn,kasihan
syekaliii,sekali
cieeeee,cie
sholihah,salihah
adeuh,aduh
halahh,alah
luu,lu
yuuks,ayo
judulnyaa,judulnya
ayoookkkkkk,ayo
artix,artinya
kepoin,mengepoi
keluarin,mengeluarkan
komentnya,komentarnya
omongin,mengomongkan
ngalirrrrr,mengalir
nmbah,menambah
terossss,terus
ngehujat,menghujat
dosaa,dosa
ngebela,membela
seindonesiyah,seluruh indonesia
seh,sih
mh,mah
px,punya
kslhn,kesalahan
skrngnya,sekarangnya
kalik,kali
bilangin,bilang
nyambungin,menyambungkan
nggali,menggali
cmpur,campur
nangiiiiis,menangis
nangiiis,menangis
ngomentarin,mengomentari
idupnya,hidupnya
ortunya,orang tuanya
bloghhh,goblok
ngehina,menghina
kebanggan,kebanggaan
mnjawab,menjawab
woooiiiiiiii,oi
dosaaaaaaaaaa,dosa
karmaaa,karma
woooiiiii,oi
ngkkkkkk,mengakak
makny,maknya
wdooohhh,waduh
kasihn,kasihan
lhirr,lahir
hujatann,hujatan
palgi,apalagi
wihhh,weh
kakakkk,kakak
bagusss,bagus
ngets,banget
penbelian,pembelian
cuaantik,cantik
sukakkk,suka
m,sama
cucokkk,cocok
lyt,lihat
expresi,ekspresi
ccok,cocok
helloo,halo
dripada,daripada
difotoin,difoto
psangan,pasangan
cakepp,cakap
ngiriii,mengiri
coxok,cocok
nihhh,nih
statusx,statusnya
cem,macam
lagiii,lagi
ammiiin,amin
haddeh,aduh
maaasss,mas
segerrrr,segar
kemn,kemana
suipit,sipit
sipiit,sipit
kedengeran,kedengaran
promil,program hamil
lancr,lancar
keputihn,keputihan
gratisss,gratis
kebayang,terbayang
bz,bisa
amiinn,amin
ammin,amin
mendapatkn,mendapatkan
lucuuuk,lucu
amaattt,amat
yaoloh,ya allah
ngerayain,merayakan
sotoy,sok tau
mmz,mas
bikinin,buatkan
bapeeeer,bawa perasaan
keliatannya,kelihatannya
siih,sih
hadeehh,aduh
pu,punya
suamiiiii,suami
krenn,keren
kebykan,kebanyakan
tingal,tinggal
pernikahn,pernikahan
ngtain,mengejek
macem,macam
bagusnyeee,bagusnya
hmpir,hampir
liatnyaaa,lihatnya
mbuh,enggak tau
waaa,wah
berbiiiiiihhh,barbie
canteek,cantik
teru,terus
nyatok,mencatok
nyampenya,sampainya
goncengin,boncengkan
dianterin,diantar
gebleg,geblek
anterin,antarkan
dianter,diantar
disupirin,disopiri
jidad,jidat
novembr,november
bedain,bedakan
genduut,gendut
ehhh,eh
bertatto,bertato
brrt,berarti
doong,dong
sblah,sebelah
tauuu,tau
tengaj,tengah
engk,enggak
apal,hafal
tngh,tengah
mknya,makanya
prmpuan,perempuan
ketuker,tertukar
drimnanya,dari mananya
cntikan,cantikan
edaaaan,edan
bcnda,bercanda
uhhh,uh
bazengg,bajingan
haiii,hai
bosaan,bosan
dibkatakan,dikatakan
doonk,dong
pengikuy,pengikut
ngmngin,mengomongkan
maksd,maksud
adkah,adakah
menbelah,membelah
mngira,mengira
bertolernsi,bertoleransi
tolernsi,toleransi
sbnarnya,sebenarnya
ingi,ingin
oalaaaa,walah
menjelekan,menjelekkan
hadeuuh,aduh
dikemanain,di kemanakan
bpknya,bapaknya
kangennnn,kangen
gndakan,gandakan
kangeeeeeeeenya,kangennya
gaa,enggak
gantikn,menggantikan
tnang,tenang
amiiiiiiiiiiiiiiiiin,amin
kgeeeen,kangen
kangeenn,kangen
bangeeeet,banget
mti,mati
bngetttt,banget
kangeen,kangen
bgect,banget
kebaikany,kebaikannya
dssi,di sisi
kngenn,kangen
kangeeeeennn,kangen
lagii,lagi
dasyat,dahsyat
skalii,sekali
gg,enggak
dtinggl,ditinggal
terbaiiikkkkk,terbaik
murahhh,murah
pecahhg,pecah
kakakgh,kakak
terbaeeeek,terbaik
prempuan,perempuan
manteep,mantap
nggeh,iya
indonesiaaa,indonesia
inia,ini
maluu,malu
cobaaaa,coba
dehhh,deh
cepetan,cepatan
ntapsss,mantap
kamiiii,kami
qmu,kamu
penyakitny,penyakitnya
laenny,lainnya
amiinnn,amin
scpatny,secepatnya
sampein,sampaikan
tuany,tuanya
pjg,panjang
adeeek,adek
bca,baca
mataq,mataku
byangin,membayangkan
dposisi,di posisi
dijwb,dijawab
sayy,sayang
dallam,dalam
tentanh,tentang
kejadianny,kejadiannya
klg,keluarga
pgnnya,inginnya
meluk,memeluk
siiihhh,sih
caya,percaya
aduhhhhhhhhh,aduh
buseett,buset
mblo,jomblo
lucuuu,lucu
gagahx,gagahnya
miriiiip,mirip
kaliiii,kali
niru,meniru
bpkmu,bapakmu
sangt,sangat
baang,abang
gasih,enggak sih
yuu,ayo
yuuu,ayo
ngademin,mengademkan
looo,lo
yokk,ayo
gils,gila
weeeh,weh
suksea,sukses
sehh,sih
deket,dekat
dekt,dekat
genggg,geng
yawloh,ya allah
bhnya,bahannya
loo,lo
samaaaa,sama
abanggku,abangku
sayanggg,sayang
ciieeeeeee,cie
kokohh,kukuh
takuttt,takut
pnjual,penjual
dung,dong
latian,latihan
aaaaaaakkk,ah
mauuuu,mau
tteh,embak
sintron,sinetron
astagaa,astaga
ancurrr,hancur
dblkang,di belakang
yayang,sayang
gokillllll,gila
aplks,aplikasi
ktawa,ketawa
baguuus,bagus
kaaan,kan
ngepoin,mengepoi
njirrr,anjir
pengeeenn,ingin
dongggg,dong
hatii,hati
besook,besok
mauu,mau
gtuu,begitu
njayyy,anjir
tokayyy,tai
mksdku,maksudku
gituin,begitukan
cba,coba
nh,nih
giniin,beginikan
ksini,kesini
kubarikan,kuberikan
ayank,sayang
anyeng,anjing
yankkk,sayang
cukurrr,cukur
gilaaaaaa,gila
yhaaa,ya
qaqaaaa,kakak
sayangkuuuuu,sayangku
kakakuuu,kakakku
banx,abang
edannn,edan
bape,bawa perasaan
ngelahirin,melahirkan
paksain,memaksa
biasaa,biasa
hubunggi,hubungi
loooh,lo
telimakacih,terima kasih
cantiiiik,cantik
didapet,didapat
pede,percaya diri
kuningggg,kuning
nyolot,menyolot
elahh,alah
wlaupun,walaupun
hijabb,hijab
kerrennn,keren
pan,kapan
mateeeek,mati
geetoo,begitu
sewain,menyewa
kokkk,kok
muluuu,melulu
yaaang,yang
iyaa,iya
gituu,begitu
yappp,iya
uwahhhhh,weh
psgn,pasangan
ujg,ujung
rmbut,rambut
hayukk,ayo
ntab,mantap
atuhhh,atuh
yukss,ayo
lihaatttt,lihat
niiiihh,nih
liattt,lihat
cuyyy,coy
liatiii,lihat
jombsss,jomblo
emesshhh,gemas
gemeessss,gemas
poollll,pol
gemesyak,gemas ya
bngttt,banget
ngegmesin,menggemaskan
hndak,hendak
hndk,hendak
iiih,ih
lutunaa,lucunya
abiz,habis
ngareppppp,mengharap
aamiinin,amin
imuutt,imut
abizzz,habis
tay,tai
toketnya,teteknya
lenje,sok cantik
tuuuuh,itu
cantinya,cantiknya
mbaknyaahh,mbaknya
pyudara,payudara
ditutupin,ditutupi
ngomongnya,mengomongnya
srng,sering
ngilang,menghilang
dikatain,diejek
maluuu,malu
brisi,berisi
pkoknya,pokoknya
canti,cantik
astagfirullh,astagfirullah
nutupin,menutupi
ori,orisinal
dbwh,di bawah
senenggg,senang
murhan,murahan
prwtn,perawatan
wjh,wajah
bgettt,banget
pakke,pakai
ktergantungan,ketergantungan
prwatn,perawatan
ngebuktiin,membuktikan
hslnya,hasilnya
setabil,stabil
gratiss,gratis
bbrpa,beberapa
ajaibb,ajaib
setujuuu,setuju
digituin,dibegitukan
ajarin,ajarkan
mrnghadapi,menghadapi
naka,nakal
sdkt,sedikit
bgmana,bagaimana
sinetrn,sinetron
mrusak,merusak
sebnyak,sebanyak
ngegampar,menggampar
ngelaporin,melaporkan
konsekwensi,konsekuensi
muliany,mulianya
mungki,mungkin
bacahalah,bacalah
dikerasin,dikerasi
gkkan,enggak akan
ngulangin,mengulangi
bedaa,beda
pnyaa,punya
ketauan,ketahuan
dimarahin,dimarahi
nyelesain,menyelesaikan
kerasin,kerasi
cewer,jewer
bilanh,bilang
jwban,jawaban
nuduh,menuduh
bacaaaa,baca
kekk,kayak
jungkiir,jungkir
gunaa,guna
orangg,orang
tauuuu,tau
kepad,kepada
bantuanny,bantuannya
ttinggi,tinggi
perna,pernah
grgr,gara gara
pukulin,pukuli
komentarin,komentari
menurur,menurut
diliat,dilihat
liatlah,lihatlah
klas,kelas
grunya,gurunya
pndah,pindah
masukin,memasukkan
dilindungin,dilindungi
kasiaannn,kasihan
kaitannha,kaitannya
sud,sudah
rana,ranah
bhkn,bahkan
justeru,justru
kln,kalian
termuraaahhhh,termurah
brkunjun,berkunjung
suarranya,suaranya
iu,itu
bgussss,bagus
ambilin,ambilkan
biasaaaa,biasa
luuuaar,luar
redho,rida
rezki,rezeki
kepd,kepada
luaarrr,luar
biasaaa,biasa
jadilh,jadilah
terhaaru,terharu
orrunya,orang tuanya
flm,film
loncatt,loncat
hampasss,hempas
tehh,teh
apaaan,apaan
ampuuunn,ampun
daaah,dah
bangetttttt,banget
ituh,itu
cantiiikk,cantik
suaranyaaaaaa,suaranya
idoolaaa,idola
pulaa,pula
wiih,weh
apaa,apa
miriip,mirip
allaahh,allah
ajahhh,saja
dehat,sehat
salammmm,salam
buruann,buruan
rekomendain,rekomendasikan
trussss,terus
bangt,banget
prawatan,perawatan
mkin,makin
dimao,dinamo
silahkn,silakan
kasiatnya,khasiatnya
suksess,sukses
prodak,produk
minpi,mimpi
mutihin,memutihkan
smster,semester
ucull,lucu
syngnya,sayangnya
dipermainin,dipermainkan
kocakkk,kocak
dasarrr,dasar
waaaaw,wow
cannnnntikkkkkkk,cantik
mukax,mukanya
cantikx,cantiknya
fatanik,fanatik
protestin,protestan
kakau,kalau
marh,marah
emngnya,memangnya
cantiknyaa,cantiknya
darpada,daripada
cooooooocok,cocok
pkk,pakai
sling,saling
agamany,agamanya
bilng,bilang
prcy,percaya
lurusin,meluruskan
biri,biru
luco,lucu
ultha,ultah
batikk,batik
baguss,bagus
sedihhh,sedih
naaaak,nak
astafirullah,astagfirullah
peragain,peragakan
shayyy,say
anjaayy,anjir
shay,say
ngilerrrr,mengiler
woyyy,oi
shaaaay,say
hempaass,hempas
sayyy,say
shayy,say
syantiek,cantik
njay,anjir
hehh,eh
kam,kamu
ingeet,ingat
amiiiiin,amin
jauhhh,jauh
waaahhh,wah
ajakin,ajak
mntn,mantan
ade,adek
luhhh,lu
yooookkk,ayo
jrnk,jarang
kayax,kayak
anjirr,anjir
mirippp,mirip
sangattt,sangat
mayann,lumayan
autuhh,enggak tau itu
atutt,takut
ketara,tertara
giniii,begini
mbaaass,mbak
bund,bunda
bangeeettt,banget
almh,almarhumah
temenkuuh,temanku
bngeeeetttt,banget
entr,entar
kyax,kayak
cuantikkk,cantik
kucingny,kucingnya
panggilanya,panggilannya
panggilany,panggilannya
kalw,kalau
ngerrrriiii,ngeri
ngriii,mengiri
amatt,amat
kox,kok
cntikk,cantik
pkee,pakai
amiiiiinnn,amin
ssorg,seseorang
hdpn,hadapan
mnambh,menambah
ktaatan,ketaatan
stju,setuju
cantikkkkkk,cantik
tehhh,teh
istiqomahhh,istikamah
prodaknya,produknya
imutt,imut
amu,kamu
nahh,nah
mauuuuuuu,mau
jilbb,jilbab
ngecek,mengecek
penasarn,penasaran
cuyy,coy
astauviruloh,astagfirullah
paaak,pak
diajarin,diajari
gawl,gaul
kecr,kece
iih,ih
laaaah,lah
aned,banget
gingsungny,gingsulnya
cariin,carikan
cuanti,cantik
mbanya,mbaknya
knlan,kenalan
mbaakk,mbak
nyusahhin,menyusahkan
byaran,bayaran
wlawpun,walaupun
sedangkn,sedangkan
bnggain,banggakan
nyusahin,menyusahkan
dibanggain,dibanggakan
wlau,walau
komenan,komentar
krya,karya
tinggall,tinggal
dripda,daripada
dibnggain,dibanggakan
drimana,darimana
ngepake,memakai
gksalah,enggak salah
ngebiarin,membiarkan
bhas,bahas
laguny,lagunya
nyampah,menyampah
tappi,tetapi
kalli,kali
pacara,pacaran
lluu,lu
mbaa,mbak
ngerussak,merusak
bellain,bela
kallo,kalau
coment,komen
dewassa,dewasa
comnet,komen
kuyyy,ayo
kitaa,kita
sgtu'y,sebegitunya
tpii,tapi
penghrgaan,penghargaan
ajjh,saja
lbihh,lebih
baikk,baik
drii,dari
sendirinnya,sendirinya
stidaknya,setidaknya
may,mau
trbaikk,terbaik
punn,pun
mengikutii,mengikuti
atassan,atasan
klauu,kalau
jngnn,jangan
so,sok
sendirinyya,sendirinya
frestasiii,prestasi
mst,mesti
sibukx,sibuknya
katanyaa,katanya
lawaaaas,lawas
kocaaaak,kocak
adenya,adiknya
pkoknyaa,pokoknya
dsana,di sana
sichhhhhhhhhh,sih
nampak,menampak
tetehh,teteh
wooowww,wow
cobain,coba
muga,moga
kenalin,mengenalkan
janka,jangka
wawwwww,wow
waaaww,wow
waaawwww,wow
cobaaa,coba
kageet,kaget
bangettttttt,banget
oplas,operasi plastik
nambahh,bertambah
paripurnahh,paripurna
wanitah,wanita
indonesiaah,indonesia
cumn,cuman
gegra,gegara
brita,berita
fotbar,foto bareng
wajarrr,wajar
bingiittt,banget
mancungin,memancungkan
idung,hidung
kusem,kusam
drpada,daripada
kmar,kamar
diemm,diam
tnggu,tunggu
ketawain,mentertawakan
yaelahhh,alah
ampuun,ampun
ngelakuin,melakukan
gedeg,gedek
eey,eh
kslahan,kesalahan
perhatiam,perhatian
mkir,memikir
apalai,apalagi
bkal,bakal
nyadar,menyadari
bka,buka
lucuuuuu,lucu
gemmeeezzz,gemas
sukam,suka
menghilangkn,menghilangkan
mnjdkan,menjadikan
soalx,soalnya
keche,kece
badaii,badai
btuh,butuh
ktanya,katanya
bebrp,beberapa
sblum,sebelum
santab,santap
salehah,salihah
subhannallah,subhanallah
konsul,konsultasi
pengalam,pengalaman
poko,pokok
trun,turun
kuninggg,kuning
pinkkkk,merah muda
warnany,warnanya
senangat,semangat
msknya,masaknya
kerennnn,keren
ciptain,ciptakan
bagussss,bagus
sayangkuh,sayangku
gans,ganteng
babget,banget
dihh,ih
jadu,jadi
ksyngn,kesayangan
haru,harus
narik,menarik
gokilll,gila
astagaaaa,astaga
hancuuuuuy,hancur
mattihhh,mati
beudd,banget
termiribkan,termiripkan
wenakk,enak
nganteng,ganteng
abanggg,abang
seksii,seksi
gtuh,begitu
jadii,jadi
emeezzz,gemas
amohhh,kamu
maau,mau
eyke,aku
gilakkkkk,gila
awk,awak
duhhhhh,duh
wowww,wow
liaatt,lihat
iniiiii,ini
aloh,allah
ngettt,banget
maso,masa
brubah,berubah
pelastik,plastik
keak,kayak
dengerin,dengarkan
pahamin,pahami
takuuuuut,takut
ahahahanjirrr,anjir
jogetin,berjoget
shaay,say
boker,berak
pacarnyaa,pacarnya
siapaa,siapa
matii,mati
ketawaa,ketawa
wanjiir,anjir
minta,meminta
bnran,benaran
uitnya,duitnya
beliiin,belikan
yaaah,ya
sekaeang,sekarang
tanyain,tanyakan
jatuhnyaa,jatuhnya
doaang,doang
kaj,kakak
wahhhhhh,wah
iiiiiiiii,ih
kaliiiiiii,kali
melebihin,melebihi
gakpapa,enggak apa apa
kalogak,kalau enggak
kaaaaa,kakak
aamiinnn,amin
skluarga,sekeluarga
suaminga,suaminya
berhijap,berhijab
smgaa,semoga
istiqamah,istikamah
cuaaantikk,cantik
muraaaaah,murah
baraang,barang
aamiiin,amin
bets,banget
alhamdulillaaaaah,alhamdulillah
pengrusak,perusak
ngoceh,mengoceh
aduhhh,aduh
hpus,hapus
pjang,pajang
bdampingan,berdampingan
uih,weh
bgtuu,begitu
mff,maaf
ktwa,ketawa
jjur,jujur
semogaa,semoga
kepelesett,terpeleset
geeelaakk,gila
bolang,bocah petualang
pkek,pakai
lagihh,lagi
hedeuuhh,aduh
saltummmm,salah kostum
mboizzz,bois
suda,sudah
kayaq,kayak
ema,emak
dirumahny,di rumahnya
apus,hapus
siapayahh,siapa ya
kostom,kostum
gnii,begini
atuu,satu
pipinyaaa,pipinya
bungkuuuuuuuuusss,bungkus
iiiihhhhhj,ih
emeessss,gemas
pipine,pipinya
glembeeeer,gelambir
lucunaaa,lucunya
cubanget,lucu banget
pengenn,ingin
unyuuk,unyu
lucunyah,lucunya
mantaaap,mantap
keduaa,kedua
seterong,kuat
teyuss,terus
dimasukin,dimasuki
jelekin,menjelekkan
jahatin,menjahati
qo,kok
nyebutin,menyebutkan
ngertiin,mengerti
rasaiin,rasai
gakusah,enggak usah
disni,di sini
sabarrr,sabar
semangaatttt,semangat
nyalahin,menyalahkan
bedainnya,membedakannya
krus,kurus
elaaaahhhh,alah
cogan,cowok ganteng
pandanginya,memandanginya
kenaliiin,kenalkan
suko,suka
niih,nih
sihhhh,sih
segtu,sebegitu
ngebenci,membenci
padhe,pakde
yya,iya
maafin,maafkan
hianatin,khianati
halangin,halangi
iyuh,ih
iyuuuhhhh,ih
gaje,enggak jelas
adapin,menghadapi
ngehakimi,menghakimi
ngejuangin,memperjuangkan
dipojokin,dipojokkan
bacotin,bacot
berati,berarti
kebangetak,kebangetan
maksir,menaksir
hebatt,hebat
pndang,pandang
pmbelajaran,pembelajaran
ngejelek,menjelekkan
maslah,masalah
mmperbaiki,memperbaiki
kafeh,kafe
iyuuhhh,ih
ngrasain,merasakan
ityl,itil
wenak,enak
hadeeehhh,aduh
gmanapun,bagaimanapun
taux,taunya
ketarik,tertarik
ngorbanin,mengorbankan
eksprsi,ekspresi
gitulah,begitulah
mamas,mas
badingkan,membandingkan
lanjutin,lanjutkan
brantem,berantem
belain,membela
lipetan,lipatan
bneraan,benaran
rmbuut,rambut
nt,nanti
walik,balik
kellen,kalian
nyerocos,mencerocos
ngomenin,mengomentari
hat,hati
jilbabnye,jilbabnya
ledkin,ledeki
digabtikan,digantikan
ngumung,mengomong
ilangin,hilangkan
prinadi,pribadi
yep,ya
palingann,palingan
berjinah,berzina
munaafikk,munafik
trganggu,terganggu
bhijab,berhijab
lepasin,melepas
smentara,sementara
ursan,urusan
sudab,sudah
dwsa,dewasa
romantiz,romantis
murmer,murah meriah
pensaran,penasaran
yuukk,ayo
kitaaa,kita
lainnyaa,lainnya
nyupir,menyopir
steess,stres
kwatir,kawatir
duetin,duet
mudaa,muda
silsturahmi,silaturahmi
dijkt,di jakarta
cums,cuma
past,pasti
ayukk,yuk
filmny,filmnya
nobar,menonton bareng
kemariin,kemarin
knpp,kenapa
lggi,lagi
gaprgi,enggak pergi
aaahh,ah
dtunggu,ditunggu
kepikir,terpikir
seruuu,seru
emeshh,gemas
kaya,kayak
pacarn,pacaran
ktg,kita
pacaranya,pacarannya
mbaak,mbak
ngalah,mengalah
pacarane,pacarannya
rusakkk,rusak
mukae,mukanya
ultahe,ultahnya
kliatanya,kelihatannya
pcaranya,pacarannya
bermaksut,bermaksud
tampialannya,tampilannya
nikaah,nikah
pankapan,kapan kapan
ngumbar,mengumbar
dhpusin,dihapuskan
istiqomah,istikamah
mnutup,menutup
bngatt,banget
dii,di
ooh,oh
hapusin,hapuskan
lohhh,lo
sneng,senang
mutusin,memutuskan
ngapus,menghapus
awl,awal
bngkit,bangkit
mncoba,mencoba
wahhh,wah
mutuain,memutuskan
smw,semua
uuh,uh
ngirim,mengirim
sampis,sampah habis
ngebala,bala
hrusnya,harusnya
sabal,sabar
kauuuu,kau
sabaro,sabar
eehhh,eh
iiii,ih
kreative,kreatif
bangrt,banget
kuaaatt,kuat
bhet,banget
inggrisny,inggrisnya
dsna,disana
iyaap,iya
canyk,cantik
prodac,produk
nyesell,menyesal
ciyusss,serius
cyin,cinta
sexi,sexy
bangget,banget
bettt,banget
alaami,alami
banggett,banget
thnan,tahunan
cuantik,cantik
segerr,segar
wouww,wow
catokin,catok
knsul,konsultasi
brhasil,berhasil
dptnya,dapatnya
applikasi,aplikasi
bngeet,banget
ongkiir,ongkos kirim
ganteung,ganteng
bhgia,bahagia
lucuukk,lucu
keciil,kecil
yakinn,yakin
pentass,pentas
testinya,testimoninya
mengirusi,mengurusi
khdpn,kehidupan
ngelawan,melawan
bisax,bisanya
klmbutan,kelembutan
diingetin,diingatkan
akhlah,akhlak
mandiin,memandikan
nguburin,menguburkan
ngebedain,membedakan
urusanny,urusannya
tuhanny,tuhannya
brtngkar,bertengkar
pndapat,pendapat
looh,lo
sharusnya,seharusnya
mngkannya,makanya
mndpat,mendapat
kpuasan,kepuasan
sgampang,segampang
mlepaskan,melepaskan
trll,terlalu
sellow,santai
sbbrnya,sebenarnya
banyaak,banyak
bujukk,bujuk
benetaran,benaran
si,sih
kraya,karya
ngebantu,membantu
janjutin,lanjutkan
kepppoin,kepoi
recommendasi,rekomendasi
btulan,betulan
kha,kah
s,si
ithu,itu
botakin,botaki
gawul,gaul
modes,modis
kcantikan,kecantikan
bronis,berondong manis
bkln,bakalan
kecantikanga,kecantikannya
deeh,deh
zama,zaman
nmnya,namanya
tapo,tapi
gkk,enggak
indefendet,independen
yuuuukkk,yuk
dituutup,ditutup
smvk,sempak
knyataan,kenyataan
njrittt,anjir
selmt,selamat
taz,atas
klhran,kelahiran
pertma,pertama
kelahuran,kelahiran
pertamany,pertamanya
mamax,mamanya
ankx,anaknya
cantip,cantik
klahiran,kelahiran
mmbanggakan,membanggakan
ortuny,orang tuanya
selmat,selamat
bnda,bunda
nyah,nya
prtamax,pertamanya
moqa,moga
yq,yang
brbakti,berbakti
basodaraa,bersaudara
hargs,harga
perhatiin,perhatikan
bantuim,bantu
pelwak,pelawak
suces,sukses
sucses,sukses
garemin,garami
ngiringan,mengiringi
teruz,terus
kemarn,kemarin
recomendasinya,rekomendasinya
promoo,promo
ongkirr,ongkir
mskasih,terima kasih
batesin,batasi
bijin,bikin
ngeidealin,mengidealkan
gasalah,enggak salah
brsma,bersama
ugha,juga
semuaaa,semua
kartunin,dibuatkan kartun
abez,habis
duuhh,aduh
pans,fan
kuliyh,kuliah
orgny,orangnya
owalaah,walah
aslinyo,aslinya
alissnyaa,alisnya
komuk,muka
kalahnye,kalahnya
iyaaaa,iya
fakultass,fakultas
smrg,semarang
adekx,adiknya
azaab,azab
gksi,enggak sih
greged,gereget
alamiii,alami
ditayangin,ditayangkan
meranin,memerankan
nontonny,menontonnya
nanget,banget
ngeditnya,mengeditnya
himana,bagaimana
kekgini,kayak begini
subhanaallahh,subhanallah
subhanallahhh,subhanallah
tlsn,tulisan
nagiss,menangis
aneut,banget
trrharu,terharu
subhnallah,subhanallah
allahh,allah
suamiii,suami
dcintai,dicintai
klrga,keluarga
lggeng,langgeng
romantisny,romatisnya
pcar,pacar
kakanga,kakaknya
slw,santai
cpa,siapa
akuu,aku
aelah,alah
orabg,orang
mukanyaa,mukanya
kakakny,kakaknya
woooyy,oi
ngelucu,melucu
bukak,buka
mato,mata
kareno,karena
meker,mikir
indoneaia,indonesia
benarin,membenarkan
jaadii,jadi
nyo,nya
miara,memelihara
jalanani,jalani
rumpiin,rumpi
hotak,botak
jawabanny,jawabannya
melihara,memelihara
oooh,oh
hidupx,hidupnya
ngefans,menggemari
uztad,ustaz
anjingnyaa,anjingnya
ilmh,ilmu
menasehati,menasihati
kelus,kali
hubngan,hubungan
koclak,kocak
syediih,sedih
mirp,mirip
gantheng,ganteng
synk,sayang
ngfans,menggemari
miriiippp,mirip
idungnya,hidungnya
wooow,wow
panglingg,pangling
artisnyaa,artisnya
dtggu,ditunggu
rapih,rapi
sukse,sukses
baruu,baru
kecptan,kecepatan
rmbutnya,rambutnya
giti,begitu
penganten,pengantin
wrn,warna
ne,ini
fans,fan
loksyut,lokasi syuting
amfun,ampun
asuuu,anjing
kuu,ku
dibls,dibalas
ceklist,centang
terusss,terus
tlvn,telepon
trkrim,terkirim
kelaluan,kelakuan
guanteng,ganteng
cucok,cocok
haduh,aduh
mlz,malas
kepoh,kepo
jalanin,janani
repong,repot
ngrusin,mengurusi
dnk,dong
senyumna,senyumnya
hotx,hotnya
cwnya,ceweknya
pasangn,pasangan
aama,sama
sstu,sesuatu
cocokx,cocoknya
emakx,emaknya
cocookk,cocok
kll,kalo
arghhh,ah
ungkapin,ungkapkan
merrid,nikah
yaolohh,ya allah
aee,saja
naggung,tanggung
battt,banget
luthuna,lucunya
astagaaa,astaga
suaraynyaa,suaranya
duanyaa,duanya
coeggg,coeg
koplak,kocak
boss,bos
nyubit,mencubit
dede,adik
gemez,gemas
tium,cium
ppa,ayah
iiihh,ih
dedeknya,adiknya
hadeeuh,aduh
geneeee,begini
yooow,ya
gemezz,gemas
gayax,gayanya
kamunyaa,kamunya
kapaan,kapan
nginjek,menginjak
putihnyaa,putihnya
didatengin,didatangi
ayoklaa,ayolah
srruu,seru
dengeeriin,dengarkan
atuhh,atuh
ngertii,mengerti
apalgi,apalagi
akuh,aku
mesrany,mesranya
jendes,janda
ngggk,enggak
coccokk,cocok
msa,masa
ponakn,ponakan
tantee,tante
gadiss,gadis
tpy,tapi
jnda,janda
bngy,banget
bujngn,bujangan
ngp,mengapa
padetan,padatan
pcaran,pacaran
or,orang
tdak,tidak
prcuma,percuma
hayal,khayal
bapeerr,bawa perasaan
keinget,teringat
merekak,mereka
kreeenn,keren
abisss,habis
pass,pas
personill,personil
lengkapp,lengkap
tdung,tudung
gangguin,mengganggu
taw,tau
tegaar,tegar
sktlrang,sekarang
tambh,tambah
nangiis,menangis
bundaa,bunda
malsudnya,maksudnya
lluuccuu,lucu
siappa,siapa
martabakk,martabak
abgnya,abangnya
warkop,warung kopi
hayuu,ayo
kenapaa,kenapa
oom,om
mansetan,bermanset
cadasss,cadas
telefisi,televisi
nikmatin,menikmati
mbahh,mbah
giitu,begitu
mtanya,matanya
cpit,sipit
dee,adik
sumvahh,sumpah
tamvann,tampan
capa,sapa
liaat,lihat
adaa,ada
dinyanyiin,dinyanyikan
seruu,seru
nyengir,menyengir
temennya,temannya
brjdh,berjodoh
akhrt,akhirat
kanggen,kangen
ysh,ya
sypa,siapa
nangisss,menangis
brjodoh,berjodoh
kaliann,kalian
barengg,bareng
kpnpun,kapanpun
mendj,menjadi
merindinggg,merinding
iihh,ih
lhir,lahir
menjdi,menjadi
debay,adik bayi
bangeer,banget
lafazd,lafaz
pmbyran,pembayaran
plsa,pulsa
sokk,sok
ngom,mengomong
makanyaa,makanya
kemakan,termakan
bodhoo,bodoh
ngambeknya,mengambeknya
kebongkar,terbongkar
tapii,tetapi
kasiian,kasihan
diladenin,diladeni
comen,komen
ngtif,negatif
comntr,komentar
kaliannn,kalian
brdiri,berdiri
trserh,terserah
ngedukung,mendukung
dihpus,dihapus
mrekaa,mereka
benerr,benar
baanget,banget
ngetsz,banget
utkmu,untukmu
anj,anjing
merekaa,mereka
kann,kan
yaahh,ya
hijap,hijab
ternodain,ternodai
agk,agak
slhkan,salahkan
jilbabny,jilbabnya
perilakuny,perilakunya
ketaatanny,ketaatannya
kepda,kepada
terjrumus,terjerumus
igtlah,ingatlah
dtgkan,datangkan
benahin,benahi
ohhhh,oh
yapp,ya
jauhh,jauh
bingitt,banget
ngembali,kembali
semngat,semangat
ngerampas,merampas
ngehancurin,menghancurkan
kaleee,kali
caranga,caranya
nunduk,menunduk
nyubitt,mencubit
supeer,super
inni,ini
appa,apa
hayooo,hayo
adyem,adem
mitnah,memfitnah
tmbm,tembam
cantix,cantik
kriput,keriput
jelex,jelek
kpancing,terpancing
cri,cari
sbenernya,sebenarnya
mikirinnn,memikirkan
mengalahkn,mengalahkan
nyindirin,menyindir
nee,nih
klakuan,kelakuan
mksdx,maksudnya
shabat,sahabat
brbuat,berbuat
mmberi,memberi
sbhabat,sahabat
pnjerumus,penjerumus
tman,teman
shbat,sahabat
melakukn,melakukan
berkluarga,berkeluarga
ketipu,tertipu
sendri,sendiri
nmbk,menembak
cwok,cowok
bangedd,banget
wuastagah,astaga
sumpeh,sumpah
iyh,iya
kmana,kemana
cantiqs,cantik
kecik,kecil
trlihat,terlihat
mmberikan,memberikan
khidupan,kehidupan
srpti,seperti
dinamakn,dinamakan
sgtu,sebegitu
paati,pasti
kutuu,kutu
khadiran,kehadiran
kel,keluarga
kcil,kecil
kberkahn,keberkahan
kbahagiaan,kebahagiaan
tntram,tentram
hngga,hingga
brpndapat,berpendapat
trutama,terutama
hiraukn,hiraukan
diamkn,diamkan
brsyukur,bersyukur
mmberikn,memberikan
rasakn,rasakan
kesalahanny,kesalahannya
kekuranganny,kekurangannya
seandainy,seandainya
perasaanny,perasaannya
diindonesis,di indonesia
liyatnya,lihatnya
kayahhh,kaya
yook,ayo
siihh,sih
padahl,padahal
kejahatn,kejahatan
slam,salam
ngerendahin,merendahkan
apaalahh,apalah
yoiiu,iya
jdii,jadi
blnja,belanja
brangnya,barangnya
nimpuk,menimpuk
abiss,habis
prlu,perlu
suaranyaa,suaranya
jnagn,jangan
kcwa,kecewa
cobak,coba
britanya,beritanya
mahh,mah
jamam,zaman
paraa,para
seharusny,seharusnya
dasaar,dasar
bergunaa,berguna
kcewa,kecewa
mnusuk,menusuk
blkang,belakang
trmanis,termanis
kaciiaann,kasihan
nyela,menyela
ngejilat,menjilat
deketin,dekati
tayik,tai
halooo,halo
ustzah,ustazah
halow,halo
aduuh,aduh
nyimpen,menyimpan
ngarsipin,mengarsipkan
kngn,kangen
kq,kok
prh,parah
napsuu,nafsu
gmau,enggak mau
luccu,lucu
lahirr,lahir
ceemen,payah
skrnh,sekarang
cerdiik,cerdik
jeniuss,jenius
kurangin,kurangi
kreen,keren
mintk,minta
nyolong,mencuri
rezeqinya,rezekinya
pintr,pintar
dekk,adik
sukkaa,suka
putihh,putih
peduliin,mempedulikan
komntr,komentar
smngat,semangat
dosax,dosanya
pahalax,pahalanya
akhirt,akhirat
tinggalkn,tinggalkan
rumh,rumah
trhtung,terhitung
cerdass,cerdas
tambahh,tambah
polll,pol
ngerespon,merespons
dulurrr,saudara
brusaha,berusaha
lebh,lebih
brhjb,berhijab
jlbb,jilbab
dempga,semoga
selmnya,selamanya
tth,mbak
ademm,adem
beginii,begini
cuantek,cantik
iniehh,ini
sayangx,sayangnya
jodohx,jodohnya
kaliaan,kalian
haslnya,hasilnya
kencng,kencang
pmbantu,pembantu
kmbl,kembali
cuchook,cocok
kloop,klop
sempurnaa,sempurna
klihatan,kelihatan
cintax,cintanya
pnuh,penuh
ngrti,mengerti
mantanny,mantannya
jodohny,jodohnya
cantk,cantik
ituuu,itu
kaasian,kasihan
padhl,padahal
pkrin,pikirkan
anakx,anaknya
kreean,keren
berenanh,berenang
pacarr,pacar
bingitss,banget
romantiss,romantis
cocook,cocok
yaang,yang
bangedt,banget
gde,gede
lutunaaa,lucunya
bikinnn,bikin
lucux,lucunya
ntap,mantap
abgnyaah,abangnya
mungkiin,mungkin
akuhh,aku
manteb,mantap
tebel,tebal
nganggepin,menanggapi
perjabatt,pejabat
makany,makanya
krjaan,pekerjaan
kdang,kadang
knan,kanan
trknal,terkenal
klok,kalo
guw,gue
selaloe,selalu
prhatian,perhatian
hebaat,hebat
ampunn,ampun
liatt,lihat
gehh,gih
jirr,anjir
kayaa,kaya
cempreeng,cempreng
pcran,pacaran
anedh,banget
nyta,nyata
kampungn,kampungan
mnghina,menghina
ngolokin,ejek
dsr,dasar
siriik,sirik
aduuhh,aduh
cemburuu,cemburu
tlog,tolong
sirikk,sirik
dbnding,dibanding
nrka,neraka
bhgiain,bahagiakan
kdua,kedua
prcya,percaya
bhagaia,bahagia
cuco,cocok
mlikk,milik
canci,cantik
aneed,banget
gimanaa,bagaimana
pentingg,penting
krudung,kerudung
oprasiya,operasinya
uwee,gue
itumahh,itumah
berbakiti,berbakti
alhamd,alhamdulillah
slmttt,selamat
ucapin,mengucapkan
tetp,tetap
semuanyaa,semuanya
abs,habis
melahirin,melahirkan
cakeep,cakep
gimn,bagaimana
aamien,amin
lngsing,langsing
smulla,semula
pdhall,padahal
blln,bulan
gataunya,enggak taunya
gtau,enggak tau
gaharus,enggak harus
athoh,atuh
baangg,abang
babangnya,abangnya
abaq,abaqus
abd,abdi
amhp,abdullah makhmud hendropriyono
abgbugil,abg bugil
abgmesum,abg mesum
abubakar,abu bakar
acaraâ bakal,acaranya bakal
adadikompas,ada di kompas
adatuh,ada itu
adaloh,ada lo
adala,adalah
adatgorontalo,adat gorontalo
adatnye,adatnya
addmath,add math
adekku,adikku
akk,administrasi kebijakan kesehatan
adren,adrenal
adeuhh,aduh
adh,aduh
adih,aduh
adohh,aduh
aiish,aduh
aish,aduh
agkya,agaknya
agamaâ,agamanya
agamax,agamanya
agnostic,agnostik
agunh,agung
ahy,agus harimurti yudhoyono
achh,ah
aghh,ah
agiah,ah
arhh,ah
ahlu,ah lu
ahsudalah,ah sudahlah
ahhâ,aha
aheruntukindonesia,aher untuk indonesia
ajusshi,ahjussi
ahlunnar,ahlun nar
ahlussunah,ahlusunah
ahlussunnah,ahlusunah
aheryawan,ahmad heryawan
ahoak,ahok
ahoq,ahok
ahokpastitumbang,ahok pasti tumbang
ahogers,ahoker
aisyah,aisya
ajakalah,ajaklah
akp,ajun komisaris polisi
akhinya,akhirnya
akhirx,akhirnya
ahlikul,akhlak
aqiqah,akikah
akhen,aksen
asesoris,aksesori
aksibelaislan,aksi bela islam
aksimaksa,aksi maksa
aktingny,aktingnya
aktifis,aktivis
aktivisi,aktivis
aktifitas,aktivitas
aktivitasjokowi,aktivitas jokowi
akutu,aku itu
akutuh,aku itu
akuseorangpendosa,aku seorang pendosa
akuseruji,aku seruji
akusisi,akuisisi
akaun,akun
akutansi,akuntansi
akurr,akur
acut,akut
albanna,al banna
alfathih,al fatih
alfaatihah,al fatihah
alfatihah,al fatihah
alhabib,al habib
aljufri,al jufri
alkafirun,al kafirun
almaidah,al maidah
almusawa,al musawa
alqaeda,al qaeda
alalala,ala ala
aelaah,alah
ahelah,alah
alaa,alah
alaâ,alah
alaah,alah
alaahh,alah
alambanten,alam banten
alamsekitar,alam sekitar
alamiyah,alamiah
apamnya,alamnya
alasanbikinaksi,alasan bikin aksi
alasannyaâ,alasannya
alesanya,alasannya
alqt,alat
alayy,alay
alaikm,alaykum
alemanâ,alemannya
aleksis,alexis
alfaadli,alfadli
alhmdulillah,alhamdulillah
alhamdulillahongkos,alhamdulillah ongkos
aliâ,alia
aliby,alibi
aileen,alien
aline,alinea
allaah,allah
allahyarham,allah ya rahman
alohmubarbar,allahmu barbar
allahakbar,allahu akbar
allahuakhbar,allahu akbar
allahummagfirli,allahummaghfirli
alumi,alumni
alywafa,aly wafa
amatin,amati
amateur,amatir
amstir,amatir
amek,ambek
ambivient,ambient
ambik,ambil
ambisitercapai,ambisi tercapai
ambis,ambisius
amblass,amblas
ambleg,amblek
ambulan,ambulans
amrik,amerika
aminin,aminkan
amiss,amis
amitamit,amit amit
amaroso,amoroso
ampyuunn,ampun
anakonda,anaconda
anakk,anak
aneuk,anak
anakku,anakku
anlisa,analisis
analisaku,analisisku
antabur,ancuran tai burung
andaa,anda
andaâ,anda
andalin,andalkan
andiblz,andi balas
andreopa,andre opa
anehdidunia,aneh di dunia
angeus,angelus
anggep,anggap
aggaran,anggaran
anggotany,anggotanya
angkot,angkutan kota
aniessndi,anies sandi
anismatta,anis matta
ajgg,anjing
ajig,anjing
anjeeng,anjing
anjenk,anjing
anjiing,anjing
anjingg,anjing
anjinxx,anjing
anjyng,anjing
anying,anjing
anzing,anjing
anjay,anjir
anjer,anjir
anjiirr,anjir
anjiritt,anjir
anjy,anjir
anjyr,anjir
anshor,ansar
antr,antar
antarabangsa,antara bangsa
ante,antek
antekny,anteknya
ateknya,anteknya
anty,anti
antihoax,anti hoaks
antikomunis,anti komunis
antisyiah,anti syiah
antiterorisme,anti terorisme
antitesa,antitesis
antoncharliyan,anton charliyan
antri,antre
antrian,antrean
anthropology,antropologi
aoa,apa
apakk,apa
apadong,apa dong
apakabss,apa kabar
apkabar,apa kabar
aplg,apa lagi
aplgie,apa lagi
apasalahnya,apa salahnya
apaansi,apa sih
apasi,apa sih
apan,apaan
apann,apaan
apaandah,apaan deh
apaka,apakah
apkah,apakah
apkh,apakah
apain,apakan
apalag,apalah
apaapun,apapun
asn,aparatur sipil negara
apelancau,ape lancau
amsyong,apes
appnya,aplikasinyya
arabislam,arab islam
arahbaruindonesia,arah baru indonesia
abritase,arbitrase
aromatics,aromatik
artine,artinya
artiny,artinya
aarze,arze
asaan,asahan
asall,asal
asalbukanjokowi,asal bukan jokowi
asbun,asal bunyi
assalammualaikum,asalamualaikum
assalamu,asalamualaikum
adalnya,asalnya
ashar,asar
azas,asas
asset,aset
assets,aset
asiangameskita,asian games kita
asymetric,asimetri
assimilate,asimilasi
asibg,asing
asdep,asisten deputi
aselik,asli
asliserunya,asli serunya
assasin,assassin
assassinations,assassination
asstag,astaga
astagfirllah,astagfirullah
astagfirlloh,astagfirullah
astagfiruloh,astagfirullah
astaghfar,astagfirullah
astaghfirullah,astagfirullah
astaghfirullohal,astagfirullahal
asuog,asu
asuu,asu
azu,asu
asutolol,asu tolol
asuan,asuhan
asysyihaa,asy syifa
aseeqq,asyik
asekk,asyik
asoy,asyik
asyikk,asyik
attas,atas
atarturk,ataturk
atao,atau
atheis,ateis
atheist,ateis
athies,ateis
atheisdete,ateis mati
attabrani,ath thabrani
atlit,atlet
atmajaya,atma jaya
atongkepoh,atomg kepo
antraksi,atraksi
aulyaa,auliya
ausi,australia
aussie,australia
aviaa,avia
awaass,awas
awakarin,awkarin
ayamkampus,ayam kampus
ayamorr,ayamor
ayashiyan,ayashiya
ayoh,ayo
ayuh,ayo
ayohbangsa,ayo bangsa
ayoindonesia,ayo indonesia
ayopenjarakan,ayo penjarakan
ayutingting,ayu ting ting
ayyub,ayub
adzab,azab
adzan,azan
adzanin,azankan
adzim,azim
aziim,azim
baa,ba
baag,ba
babihok,babi ahok
babyy,baby
bacain,bacakan
backstage,back stage
backtocampus,back to campus
bacod,bacot
awakmu,badanmu
baduy,badui
bagaiamana,bagaimana
bagmna,bagaimana
bagia,bagian
bahanakan,bahan akan
bahancoli,bahan coli
bahalul,bahlul
angst,bangsat
akeh,banyak
baggona,begitu
ambisional,berambisi
awek,cewek
abiez,habis
abizz,habis
abisan,habisnya
abisnya,habisnya
ahahah,haha
ahahahaha,haha
ahahahahaha,haha
ahhahahha,haha
ajhakabahajha,haha
bahaha,haha
allooww,halo
alus,halus
ancoor,hancur
ancor,hancur
ancuran,hancuran
ancurin,hancurkan
angetin,hangatkan
apuss,hapus
atine,hatinya
ads,iklan
aipet,ipad
aok,iya
ancok,jancuk
apankah,kapan kah
adilan,keadilan
awsum,keren
arut,larut
â maroko,maroko
arep,mau
backingin,melindungi
angkrem,mengerami
arulin,pada bermain
accny,persetujuannya
½ramayana,ramayana
adolexcent,remaja
ajach,saja
ajadeh,saja deh
ay,say
agalanya,segalanya
akrg,sekarang
afternya,setelahnya
amak,tikar
aplot,unggah
apdet,update
que,aku
qurâ,alquran
qurra,alquran
quranku,alquranku
pimen,bagaimana
piye,bagaimana
pimensiv,bagaimana sih
replyan,balasan
pisann,banget
rebutan,berebut
rapopo,enggak apa apa
raiso,enggak bisa
raisin,enggak malu
rauwisuwis,enggak selesai selesai
raseneng,enggak suka
rausa,enggak usah
pilosofi,filosofi
pitnah,fitnah
poto,foto
potonya,fotonya
prustasi,frustrasi
qizi,gizi
pingn,ingin
pinginnya,inginnya
pidex,injak
qabul,kabul
qn,kan
rein,kendali
rantis,kendaraan taktis
polda,kepolisian daerah
polri,kepolisian republik indonesia
polsek,kepolisian sektor
qususi,khusus
qishosjokowi,kisas jokowi
qitaab,kitab
qty,kuantitas
quda,kuda
quiz,kuiz
quota,kuota
qurban,kurban
quote,kutipan
plantaran,lantaran
report,laporan
reportnya,laporannya
pisuhi,marahi
promote,mempromosikan
reti,mengerti
realized,menyadari
ping,merah muda
pink,merah muda
qizmin,miskin
pngebetnya,ngebet
qey,oke
rlnya,pacarnya
pqdahal,padahal
pokcoy,pakcoy
pmi,palang merah indonesia
plmbng,palembang
plestina,palestina
pntas,pantas
pnts,pantas
praah,parah
pks,partai keadilan sejahtera
pkb,partai kebangkitan bangsa
pkc,partai komunis cina
pki,partai komunis indonesia
pni,partai nasional indonesia
prd,partai rakyat demokratik
psanganya,pasangannya
pstikan,pastikan
ptut,patut
pns,pegawai negeri sipil
pjs,pejabat sementara
pjalan,pejalan
pkrja,pekerja
psk,pekerja seks komersial
pr,pekerjaan rumah
pler,peler
pulihara,pelihara
pmain,pemain
pmbangunan,pembangunan
pmbngunan,pembangunan
pmgang,pemegang
pmrintah,pemerintah
pmrnth,pemerintah
pmrth,pemerintah
rapist,pemerkosa
pulkada,pemilihan kepala daerah
pilpres,pemilihan presiden
pmimpinnya,pemimpinnya
pmpek,pempek
pollingnya,pemungutan suaranya
pinalti,penalti
prnampilan,penampilan
pndptn,pendapatan
pnddikan,pendidikan
plk,pendidikan layanan khusus
pndkung,pendukung
pndukung,pendukung
pn,pengadilan negeri
pngkuan,pengakuan
pngangguran,pengangguran
pngangkut,pengangkut
pngndara,pengendara
pngertian,pengertian
pngikut,pengikut
pollower,pengikut
pngkhianat,pengkhianat
pngunjung,pengunjung
pnjg,penjaga
pting,penting
pnukaran,penukaran
pointernya,penunjuknya
pnyebar,penyebar
provider,penyedia
providernya,penyedianya
prasaanku,perasaanku
prepres,peraturan presiden
prbedaan,perbedaan
prcaya,percaya
prcma,percuma
prekonomian,perekonomian
pmk,perhimpunan mahasiswa katolik
priode,periode
prkataan,perkataan
prsamaan,persamaan
pui,persatuan umat islam
prsaudaraan,persaudaraan
prosntasi,persentase
prthankn,pertahankan
prtama,pertama
prshn,perusahaan
pln,perusahaan listrik negara
porut,perut
pswat,pesawat
picrk,picek
pkrannya,pikirannya
pikirin,pikirkan
pikirqu,pikirku
plh,pilih
plhn,pilihan
pilgu,pilihan gubernur
pilgub,pilihan gubernur
pilkada,pilihan kepala daerah
pileg,pilihan legislatif
pilihanya,pilihannya
pimred,pimpinan redaksi
pinn,pin
pinff,pinoy
pintet,pintar
pinternya,pintarnya
pisank,pisang
pyjamas,piyama
ps,play station
psn,play station network
playvictim,play victim
pliss,please
planga,plonga
plenjas,plonga
plongaplo,plonga plongo
plongaplongo,plonga plongo
plenjus,plongo
pluralism,pluralisme
ples,plus
poï,point of interest
pojoksatu,pojok satu
pokoknyah,pokoknya
poll,pol
poland,polandia
poly,poli
poligamy,poligami
poiisi,polisi
polres,polisi resor
polsis,polisi siswa
politicianacademy,politician academy
politicid,politik
pilitiknya,politiknya
politikâ,politiknya
politusi,politisi
poling,polling
plos,polos
ponpes,pondok pesantren
porn,porno
portoflio,portofolio
poskotanews,pos kota news
positive,positif
poskojoin,posko join
pospera,posko perjuangan rakyat
posterdakwah,poster dakwah
potongâ atasâ,potongan atas
ppforjokowi,pp for jokowi
pre,pra
prakemerdekaan,pra kemerdekaan
prakhotbah,pra khotbah
praun,pra ujian nasional
prabon,prabowo
prabowoanismatta,prabowo anis matta
prabocor,prabowo bocor
praketik,praktik
praktekan,praktikan
prakteknya,praktiknya
pratyay,pratyaya
prayforrohingya,pray for rohingya
premiosmt,premios mt
pstmt,prepared statement
plesiden,presiden
presid,presiden
preside,presiden
presidens,presiden
president,presiden
presuden,presiden
prsiden,presiden
presidenabadi,presiden abadi
presidenâ soeharto,presiden soeharto
presidentnya,presidennya
presidenya,presidennya
prestasli,prestasi
prestasiny,prestasinya
preet,pret
pref,pret
prett,pret
pri,pria
pribumu,pribumi
princes,princess
println,print
prioriti,prioritas
procina,pro cina
prokorupt,pro koruptor
provo,proco
ploduk,produk
produ,produk
product,produk
produktifitas,produktivitas
produktifitasnya,produktivitasnya
podusen,produsen
producer,produser
professional,profesional
professor,profesor
profile,profil
prog,program
pkh,program keluarga harapan
proker,program kerja
pkm,program kreativitas mahasiswa
prodi,program studi
progresi,progres
progressive,progresif
projo,promo
promosiin,promosikan
property,properti
protection,proteksi
protek,proteksi
protestant,protestan
ptc,provides technology solutions
prov,provinsi
provokativ,provokatif
provikator,provokator
project,proyek
pseduo,pseudo
psyco,psiko
psychologist,psikolog
puasin,puaskan
public,publik
puisigus,puisi gus
pkul,pukul
pulng,pulang
pulangmengundi,pulang mengundi
pulangin,pulangkan
pulað,pulau
pululan,pullulan
polpen,pulpen
puluhancina,puluhan cina
punâ,punah
pungli,pungutan liar
pungutin,punguti
punyo,punya
purn,purna
pwt,purwokerto
poseng,pusing
posing,pusing
pusying,pusing
rieutt,pusing
puteeh,putih
poetri,putri
putusin,putuskan
qias,qiyas
quraisyh,quraisy
rabbaniah,rabbaniyah
rabbah,rabi
rabbi,rabi
rabbikuma,rabikuma
rabuseru,rabu seru
rasict,racist
rasis,racist
radenmas,raden mas
radicals,radikal
radiohead,radio head
raditia,raditya
raffiahmad,raffi ahmad
rag,raga
raj,raja
rokaat,rakaat
rakhin,rakhine
raktat,rakyat
rakyak,rakyat
rayat,rakyat
rakyatpintar,rakyat pintar
rakyatn,rakyatnya
ramadhan,ramadan
ramasan,ramadan
rmai,ramai
ramenya,ramainya
rapet,rapat
rakor,rapat koordinasi
rapimnas,rapat pimpinan nasional
repeh,rapi
rapihkan,rapikan
rapiin,rapikan
rasakeenn,rasakan
rasanonosak,rasakan sampai
rasanyaa,rasanya
rasioanal,rasional
rationalð,rasional
rasulillah,rasulullah
rasullah,rasulullah
rato,rata
rerata,rata rata
rauff,rauf
raub,raup
rafen,raven
rawamamgun,rawamangun
rawasaribagjadiri,rawasari bagja diri
razakâ,razak
rhu,razia hiburan umum
raziff,razif
reder,reader
reality,realita
realitinya,realitanya
redbonssaverohingya,redbone save rohingya
refrensi,referensi
reflek,refleks
reform,reformasi
reforma,reformasi
ragweda,regweda
reklomasi,reklamasi
reksadanasam,reksadana
rdpu,reksadana pasar uang
relain,relakan
repdem,relawan pejuang demokrasi
realava,relevan
relijius,religius
renpel,rempel
remek,remuk
remukan,remukkan
renfah,rendah
rendeman,rendaman
rendrasanusi,rendra sanusi
renovate,renovasi
refo,repo
republic,republik
req,request
rese,resek
recep,resep
residence,residen
resident,residen
restar,restart
restorannya,restoran
restuin,restui
resultjapan,result japan
returnthekhilafah,return the khilafah
retwet,retweet
ritwit,retweet
reuniz,reuni
rejekine,rezekinya
razim,rezim
riauð,riau
rba,riba
rbu,ribu
ribuut,ribut
ridho,rida
ridhoi,ridai
ridhuan,ridwan
ridwal,ridwan
ridwankamil,ridwan kamil
rie,rien
rilischarta,rilis charta
rindhu,rindu
rinduanismatta,rindu anis matta
rinduyang,rindu yang
resiko,risiko
resikonya,risikonya
resleting,ritsleting
rijik,rizieq
rizik,rizieq
robet,robert
robbi,robi
robbie,robi
robotbijak,robot bijak
roc,rock
rockygering,rocky gerung
rohingnya,rohingya
rohingyang,rohingya
rohinya,rohingya
rollercoaster,roller coaster
rojak,rozak
relah,telah
robah,ubah
piral,viral
qkwjw,wkwk
qkwk,wkwk
miinn,admin
minmin,admin
mentionan,berbalas mention
moal,enggak
millionaire,jutawan
metu,keluar
mistake,kesalahan
mighty,kuat
mkna,makna
mkne,makna
mmh,mama
mmpu,mampu
mnakah,manakah
mnfaatnya,manfaatnya
mntan,mantan
mentab,mantap
menungso,manusia
mnusia,manusia
mesih,masih
mepo,meeting point
mey,mei
mlarang,melarang
mlembabkn,melembabkan
mlempemm,melempem
mliat,melihat
mlintir,melintir
mlipirnya,melipirnya
mlorot,melorot
mlulu,melulu
mlpakn,melupakan
mengatainya,memakinya
mklumin,memaklumkan
mnh,memanah
mmbawa,membawa
mmbntuk,membentuk
mmbuat,membuat
mmbuktikan,membuktikan
mmbunuh,membunuh
mmberantas,memebrantas
mmcah,memecah
menuhin,memenuhi
micingin,memicing
mikiri,memikirkan
mikirnya,memikirnya
mmilih,memilih
mmliki,memiliki
minjam,meminjam
mintain,memintakan
mesantren,memondok di pesantren
mmperhatikannya,memperhatikannya
mmperingati,memperingati
mnakuti,menakuti
mnampakkan,menampakkan
mnang,menang
mnanti,menanti
mncari,mencari
mncuat,mencuat
mncuci,mencuci
mndptkan,mendapatkan
mndkti,mendekati
mndirikan,mendirikan
mnrbitkan,menerbitkan
menterjemahkan,menerjemahkan
mentranslate,menerjemahkan
mnerpa,menerpa
menngacu,mengacu
mngadu,mengadu
mengapaninya,mengafaninya
mengajari,mengajarkan
mngajarkan,mengajarkan
mngakses,mengakses
mngalami,mengalami
mengandun,mengandung
mngangkat,mengangkat
mengantrakan,mengantarkan
mngapa,mengapa
mengatas,mengatasi
mengexpose,mengekspose
menggelagarkan,mengelak
mengkelola,mengelola
mngembalikan,mengembalikan
mengenakkan,mengenakan
mngerdilkan,mengerdilkan
mngerjakan,mengerjakan
mngetahui,mengetahui
mnggambarkan,menggambarkan
menggatikan,menggantikan
mnggntung,menggantung
menggap,menggapai
mengembosi,menggembosi
menggenapka,menggenapkan
menggerakan,menggerakkan
mengigit,menggigit
mnggiring,menggiring
mengoda,menggoda
mengonggong,menggonggong
menguggat,menggugat
mengunakan,menggunakan
mnggunakan,menggunakan
mhalalkan,menghalalkan
mnghalangi,menghalangi
mnghapus,menghapus
menghrpkan,mengharapkan
menghampaskan,menghempaskan
mnghentikan,menghentikan
mengimbau,menghimbau
menghinan,menghinanya
menhindar,menghindar
mengitung,menghitung
mnghujat,menghujat
mengikut,mengikuti
mengintruksikan,menginstruksikan
mengera,mengira
mngkoreksi,mengkoreksi
mengkriminilisisi,mengkriminalisasi
mngkritisi,mengkritisi
mengkonsumsi,mengonsumsi
mengcounter,mengonter
mengkoreksi,mengoreksi
mengusak,menguak
mngtkan,menguatkan
merubah,mengubah
mngusik,mengusik
mngusir,mengusir
mentiagakan,meniadakan
meniqa,menikah
meried,menikah
merit,menikah
menjudge,menilai
menisbatkan,menisbahkan
mnjabat,menjabat
mnjbat,menjabat
mjadi,menjadi
mniadi,menjadi
mnjadikn,menjadikan
menjadikanâ,menjadikannya
mjln,menjalankan
menjalintoleransi,menjalin toleransi
menjijikan,menjijikkan
menjungjung,menjunjung
menola,menolak
menolakluka,menolak luka
menolaklupa,menolak lupa
mnton,menonton
mensip,mensiv
menstabilka,menstabilkan
mens,menstruasi
mentalita,mentalitas
mentaliti,mentalitas
mentei,menteri
mentri,menteri
menkelautan,menteri kelautan
menkes,menteri kesehatan
menlu,menteri luar negeri
menko,menteri perekonomian
menhub,menteri perhubungan
mensesneg,menteri sekretaris negara
mensos,menteri sosial
mensyen,mention
mention,mention
mensyennya,mentionnya
mnuju,menuju
menujuindonesiamaju,menuju indonesia maju
menjukkan,menunjukkan
menunjukan,menunjukkan
mnurut,menurut
mnrtku,menurutku
menyak,menyakiti
menyanju,menyanjung
mnyapu,menyapu
mnyebabkn,menyebabkan
mnyebut,menyebut
menyebutâ,menyebutnya
menyejukan,menyejukkan
menyelamatka,menyelamatkan
menyelematkan,menyelamatkan
mnyematkn,menyematkan
menyenan,menyenangkan
mengerjap,menyergap
menyesalboviatwitter,menyesal boviat twitter
mensiasati,menyiasati
mnyimpang,menyimpang
mensucikan,menyucikan
mnyudutkan,menyudutkan
mensukseskan,menyukseskan
menyusahkn,menyusahkan
mnyusahkanmu,menyusahkanmu
menzhalimi,menzalimi
merajalele,merajalela
merampa,merampas
mgerasa,merasa
mesakno,merasakan
merauk,meraup
mercedez,mercedes
mercy,mercedes
merk,merek
meremat,meremet
merentas,meretas
merupakanâ airport,merupakan bandara
merosakkan,merusakkan
mess,mes
mesopotamian,mesopotamia
messy,messi
mesoom,mesum
mesumm,mesum
metodologis,metodologi
mewh,mewah
mewoh,mewah
mewaiskan,mewariskan
miâ,mia
mikael,michael
migraine,migrain
milenia,milenial
millenials,milenial
milyarder,miliarder
mlik,milik
mine,milikku
minggon,mingguan
menimal,minimal
minions,minion
minoriti,minoritas
minority,minoritas
minorutas,minoritas
minumkopiindonesia,minum kopi indonesia
miras,minuman keras
misix,misi 10
misqin,miskin
misqueen,miskin
miskinmoralitascuihh,miskin moralitas cih
mobel,mobil
mobilmotor,mobil motor
mobnas,mobil nasional
mlai,mulai
mereun,mungkin
mngkn,mungkin
mnet,music network
mikiir,pikir
mikirr,pikir
milihh,pilih
mid,tengah
middle,tengah
nhadeh,aduh
nhalah,alah
nhlh,alah
njeng,anjing
njiieng,anjing
njiing,anjing
njing,anjing
njingg,anjing
njer,anjir
ngmn,bagaimana
npiye,bagaimana
nngebah,bahas
npbangunan,bangunan
ngono,begitu
ngegayaan,bergaya
ngibadah,beribadah
ngilmu,berilmu
ngumpulnya,berkumpulnya
ngutang,berutang
nngutang,berutang
nolelah,bolehlah
nggakk,enggak
nnga,enggak
noopst,enggak
nop,enggak
nope,enggak
ngpp,enggak apa apa
nntah,entah
nntar,entar
ngeblek,geblek
ngr,gede rasa
ngejala,gejala
ngembrot,gembrot
ngerakan,gerakan
ngilaa,gila
ngilee,gila
ngiliran,giliran
ngimanapun,gimanapun
ngirls,girls
ngitu,gitu
ngoblok,goblok
nguoblokk,goblok
ngolongan,golongan
ngua,gua
ngue,gue
ngw,gue
nhabis,habis
nhadiahnya,hadiahnya
ngeeooahahahaa,haha
ngeooaahahahaa,haha
ngoaahahaa,haha
ngoahaha,haha
ngoahahah,haha
ngoahahaha,haha
ngooaahahaa,haha
nhaha,haha
nhahaha,haha
nhahahaha,haha
nngahahahaha,haha
nngiahahaha,haha
nhaji,haji
nhalo,halo
nhancur,hancur
nhp,handphone
nhanya,hanya
nharga,harga
nhari,hari
nharus,harus
nhrs,harus
nkudu,harus
nhasilnya,hasilnya
nhassle,hassle
nhatiku,hatiku
nhe,he
nheath,heath
nhehe,hehe
nheheh,hehe
nhmm,hem
nhendardi,hendardi
nherba,herba
nhidup,hidup
nhijab,hijab
nhilang,hilang
nhimmler,himmler
nhina,hina
nhindu,hindu
nhaihh,his
nhiks,his
nhonda,honda
nhongkong,hongkong
nhubungan,hubungan
nhuft,huft
nhumanit,humanit
niblis,iblis
nidiot,idiot
niyuh,ih
nikut,ikut
nimpor,impor
nindie,indie
nindo,indonesia
ninfrstruktur,infrastruktur
ningat,ingat
ninggris,inggris
ngin,ingin
ningin,ingin
npengen,ingin
ninidaritadi,ini dari tadi
ninilah,inilah
ninnalillah,innalillah
nintinya,intinya
nislam,islam
nistighfar,istigfar
nistilah,istilah
nitu,itu
nntu,itu
noh,itu
nitulah,itulah
nggih,iya
niya,iya
niyain,iyakan
njadi,jadi
njd,jadi
njdi,jadi
njahat,jahat
njaka,jaka
njalan,jalan
njames,james
njamu,jamu
njancuk,jancuk
njangan,jangan
njgn,jangan
njngn,jangan
njangankan,jangankan
njanganlah,janganlah
njaancuuk,janjuk
njarah,jarah
njarang,jarang
njaringan,jaringan
njauh,jauh
njejaku,jejakku
njika,jika
njilat,jilat
njin,jin
njlentrek,jlentrek
njokowi,jokowi
njolodong,jolodong
njual,jual
njuara,juara
njudulnya,judulnya
njamping,jumping
njunior,junior
nkaca,kaca
nkacung,kacung
nkadang,kadang
nkak,kakak
nkalahe,kalahnya
nkalajengkin,kalajengking
nkalau,kalau
nkalo,kalau
nklau,kalau
nklo,kalau
nklu,kalau
nklw,kalau
nkalopun,kalaupun
nkaleng,kaleng
nkalian,kalian
nkalianlah,kalianlah
nkami,kami
nkmi,kami
nkamis,kamis
nkampret,kampret
nkampung,kampung
nkampungan,kampungan
nkampus,kampus
nkamu,kamu
nkmu,kamu
nkoe,kamu
nlu,kamu
nkan,kan
nkandang,kandang
ngents,kangen
nkapan,kapan
nkpk,kapok
nkapur,kapur
nkarena,karena
nkarenaa,karena
nkarna,karena
nkrn,karena
nkasih,kasih
nkata,kata
nkatholik,katolik
nkao,kau
nkau,kau
nkaum,kaum
nkaya,kaya
nkayak,kayak
nkek,kayak
nkayaknya,kayaknya
nke,ke
nkeluar,ke luar
nkluar,ke luar
nkearifan,kearifan
nkakean,kebanyakan
nkecuali,kecuali
nkeduanya,keduanya
nkeela,keela
nkehabisan,kehabisan
nkeimanan,keimanan
nkeith,keith
nkejam,kejam
nkekufuran,kekufuran
nkelakuan,kelakuan
nkelakuanmu,kelakuanmu
nkelas,kelas
nkaton,kelihatan
nkelompok,kelompok
nkeluaran,keluaran
nkemaren,kemarin
nkemarin,kemarin
nkmrm,kemarin
nkementerian,kementerian
nkemungkinan,kemungkinan
ngopo,kenapa
nknp,kenapa
nknpa,kenapa
npa,kenapa
nkentutnya,kentutnya
nkepada,kepada
nkepala,kepala
nkpl,kepala
nkeparat,keparat
nkpentingan,kepentingan
nkepercayaan,kepercayaan
nkeren,keren
nketakutan,ketakutan
nketika,ketika
nketololan,ketololan
nketua,ketua
nketurunan,keturunan
nkiara,kiara
nkidung,kidung
nkirain,kirain
nkish,kish
nkita,kita
nkitanya,kitanya
nklop,klop
nkok,kok
nkomen,komen
nkomentar,komentar
nkomunis,komunis
nkntl,kontol
nkontrak,kontrak
nkop,kop
nkorban,korban
nkorupsi,korupsi
nkoruptor,koruptor
nkristen,kristen
nkritik,kritik
nku,ku
nkualitasnya,kualitasnya
nkulit,kulit
nkuning,kuning
ngocol,kurang ajar
nlagi,lagi
nlg,lagi
nlgi,lagi
nlah,lah
nlha,lah
nlahir,lahir
nlaki,laki
nlalu,lalu
nlambat,lambat
nlanjut,lanjut
nlol,laugh out loud
nlebih,lebih
nlembaran,lembaran
nlemparin,lemparkan
nlet,let
nlgbt,lgbt
nliberal,liberal
nlintah,lintah
nlips,lips
nlistrik,listrik
nlo,lo
nlogikaku,logikaku
nlogikanya,logikanya
nlong,long
nlow,low
nmaaf,maaf
nmaap,maaf
nnb,maaf baru balas
nmabuk,mabuk
nmacau,macau
nmain,main
nmaju,maju
nmak,mak
nmaka,maka
nmakan,makan
nmakane,makanya
nmakanya,makanya
nmaki,maki
nmakin,makin
nmaksud,maksud
nmkst,maksud
nmaksudnya,maksudnya
nmksdnya,maksudnya
nmalah,malah
nmlh,malah
nr,malam romantis
nmalu,malu
nmama,mama
nmami,mami
nmampus,mampus
nmampuss,mampus
nmana,mana
nmandela,mandela
nmantap,mantap
nmantrraaf,mantap
nmanusia,manusia
ngegas,marah
nngegas,marah
nmarga,marga
nmarie,marie
nmasa,masa
nmadesu,masa depan suram
nmasalah,masalah
nmasalahnya,masalahnya
nmasih,masih
nmasuk,masuk
nmasuknya,masuknya
nmata,mata
nmatamu,matamu
nmatane,matanya
nmati,mati
nmau,mau
nmaw,mau
nmo,mau
nmw,mau
nmawar,mawar
nmayoritas,mayoritas
nme,me
nmeeting,meeting
ngeladeni,meladeni
ngeladenin,meladeni
ngladeni,meladeni
ngelakui,melakukan
ngelancarin,melancarkan
ngelanggar,melanggar
ngelantur,melantur
ngelatur,melantur
ngelayanin,melayani
nmelayu,melayu
ngelebarin,melebarkan
ngeledekin,meledeki
ngledekin,meledeki
nmelek,melek
nmelihat,melihat
ngeliatnye,melihatnya
ngliatnya,melihatnya
ngelidur,melindur
ngelolosin,meloloskan
ngetiktok,memainkan tik tok
nmake,memakai
nmemang,memang
ngepatenin,mematenkan
ngebacanya,membacanya
ngeshare,membagikan
ngebahas,membahas
ngebaik,membaik
ngebandingin,membandingkan
ngebangkang,membangkang
ngebantai,membantai
ngebatalin,membatalkan
nggowo,membawa
nmembawa,membawa
ngebayang,membayang
ngebayangin,membayangkan
nmembela,membela
ngebelai,membelai
ngebenerin,membenarkan
ngide,memberi ide
ngobrolin,membicarakan
ngomonginnya,membicarakan
ngebodohin,membodohi
ngebuang,membuang
ngebunuh,membunuh
nmeme,meme
nmemek,memek
nmikirin,memikirkan
nmemperhatikan,memperhatikan
nmempunyai,mempunyai
ngetag,menandai
nnangis,menangis
ngedance,menari
nmenarilah,menarilah
ngedancenya,menarinya
nnyaleg,mencalonkan legislatif
ngeblend,mencampur
nnyari,mencari
nmencatat,mencatat
nmencerca,mencerca
ngecopros,mencerocos
ngeprint,mencetak
nmendalami,mendalami
ngedeketin,mendekati
nmendengar,mendengar
ngediemin,mendiamkan
nmending,mending
nmnding,mending
ngedorong,mendorong
ngekick,menendang
ngefansnya,mengagumi
nguakak,mengakak
nmengaku,mengaku
nngaku,mengaku
nmengapa,mengapa
ngeblock,mengeblok
ngeblok,mengeblok
ngebom,mengebom
ngecam,mengecam
ngecap,mengecap
ngecekin,mengecek
nngecek,mengecek
ngedip,mengedip
ngegolin,mengegolkan
ngejer,mengejar
ngejek,mengejek
ngelap,mengelap
ngelola,mengelola
ngeluhnya,mengeluhnya
ngembalikan,mengembalikan
ngembang,mengembang
ngemis,mengemis
ngemot,mengemut
ngemut,mengemut
ngenal,mengenal
ngenes,mengenaskan
ngepal,mengepal
ngeper,mengeper
ngepret,mengeprek
ngerem,mengerem
ngerih,mengerikan
nngerjain,mengerjakan
ngerokin,mengerok
ngeroyok,mengeroyok
ngert,mengerti
ngerto,mengerti
ngertikan,mengertikan
ngertilah,mengertilah
ngertinya,mengertinya
ngeteh,mengeteh
ngetes,mengetes
nngetik,mengetik
ngetren,mengetren
ngetok,mengetuk
ngeyel,mengeyel
ngegabungin,menggabungkan
ngganti,mengganti
nggantiin,menggantikan
ngemesin,menggemaskan
nggilani,menggilakan
ngegodain,menggodai
nggonggong,menggonggong
ngehamilin,menghamili
ngehargain,menghargai
ngregani,menghargai
ngidupin,menghidupi
ngehinanya,menghinanya
ngitungnya,menghitungnya
ngibulnya,mengibulnya
ngigau,mengigau
ngiklanin,mengiklankan
ngikut,mengikut
nmengikuti,mengikuti
ngefollowback,mengikuti balik
ngiler,mengiler
ngeimajinasiin,mengimajinasikan
ngimpor,mengimpor
nginden,menginden
nginjak,menginjak
ngintipin,mengintip
ngira,mengira
ngiranya,mengiranya
ngesend,mengirim
ngedm,mengirim pesan
ngisep,mengisap
ngisi,mengisi
ngritik,mengkritik
ngobarkan,mengobarkan
ngobrolnya,mengobrolnya
ngocokin,mengocok
ngecodein,mengodei
ngomonv,mengomong
nngomong,mengomong
nngomongin,mengomongkan
ngomporin,mengompori
ngupii,mengopi
ngopibarengfahri,mengopi bareng fahri
ngopilaah,mengopilah
ngopinya,mengopinya
ngoroknya,mengoroknya
ngotot,mengotot
ngototâ,mengotot
ngoyak,mengoyak
nguap,menguap
ngukur,mengukur
ngulang,mengulang
ngumpet,mengumpet
ngumpulin,mengumpulkan
nguci,mengunci
nguntungin,menguntungkan
ngupas,mengupas
ngurusi,mengurusi
ngurut,mengurut
ngorak,mengusir
ngutangi,mengutangi
nikahkan,menikahkan
nilep,menilap
ninggalkan,meninggalkan
nipu,menipu
nistakan,menistakan
nitip,menitip
nitipin,menitipkan
ngejadiin,menjadikan
ngejaga,menjaga
ngejahit,menjahit
ngejauh,menjauh
ngejauhin,menjauhi
nmenjelang,menjelang
ngejelekin,menjelekkan
njelekkan,menjelekkan
ngejijikin,menjijikkan
ngejorokin,menjorokkan
nongolnya,menongolnya
nojok,menonjok
nonjok,menonjok
nntonin,menonton
nongton,menonton
ngebokep,menonton bokep
nontonbokep,menonton bokep
nmentah,mentah
nmental,mental
nmenteri,menteri
ngetawain,mentertawakan
nmentioned,mentioned
nmentolo,mentolo
ngetuit,mentwit
ngetwit,mentwit
ngetwitt,mentwit
ngtweet,mentwit
ngijolno,menukarkan
nnumpang,menumpang
nnjuk,menunjuk
ngedown,menurun
nnutupin,menutupi
nmenyalahkan,menyalahkan
nnyembah,menyembah
nmenyembelih,menyembelih
nmenyenangkan,menyenangkan
nnyerah,menyerah
nnyuap,menyuap
ngelike,menyukai
nmerah,merah
ngerajut,merajut
ngerakit,merakit
ngerangkap,merangkap
nmerapatlah,merapatlah
nmeratapi,meratapi
ngerawat,merawat
ngerayu,merayu
nmereka,mereka
nmrk,mereka
ngerepotin,merepotkan
ngerettwet,meretweet
ngrogoh,merogoh
ngeroket,meroket
ngeroko,merokok
ngrokok,merokok
ngerugiin,merugikan
ngerumpi,merumpi
ngerusak,merusak
ngrusuhin,merusuhi
nmeski,meski
nmesti,mesti
ngewakilin,mewakili
nmikir,mikir
nmilea,milea
nminat,minat
nminta,minat
nminggu,minggu
ninus,minus
nminyak,minyak
nmirip,mirip
nmiris,miris
nmiskin,miskin
nmisqeen,miskin
nmiskom,miskomunikasi
nmistik,mistik
nmodar,modar
nmohon,mohon
nmother,mother
nmudah,mudah
nmulut,mulut
nmulutmu,mulutmu
nmulutnya,mulutnya
nmunafik,munafik
nmunawar,munawar
nmungkin,mungkin
nmusik,musik
nmuslim,muslim
nnagita,nagita
nnah,nah
nnaha,naha
nnaek,naik
nnaik,naik
nnajis,najis
nnama,nama
nnamanya,namanya
nmun,namun
nnamun,namun
nnanti,nanti
nk,natural killer
nndasmu,ndasmu
nneo,neo
nneomu,neomu
ngn,next generation network
nngakak,ngakak
ngpain,ngapain
ngpn,ngapain
nngapain,ngapain
ngegoblogan,ngegoblokin
ngehe,ngehek
ngentad,ngentot
ngentat,ngentot
ngentod,ngentot
ngentotin,ngentot
ngentoto,ngentot
ngentott,ngentot
nngentot,ngentot
ngentothijab,ngentot orang berhijab
ngerep,ngerap
ngerappnya,ngerapnya
nngerii,ngeri
ngeue,ngewe
nngelu,ngilu
nngilu,ngilu
niiy,nih
nkh,nikah
nnikahannya,nikahannya
nikitakruâ,nikita
nikitakruschev,nikita
nikitamirzani,nikita mirzani
niikmat,nikmat
niqmat,nikmat
nikmati,nikmati
nnimdle,nimdle
nnio,nio
nisanjinan,nisan jinan
nnista,nista
noo,no
nobel,nobel
nohhai,noh hai
nominalnya,nominalnya
nnmor,nomor
nid,nomor identitas
nim,nomor induk mahasiswa
nis,nomor induk siswa
nomornya,nomornya
nnon,non
noona,nona
nonaktifin,nonaktifkan
nongkrongi,nongkrong
nonkrong,nongkrong
nnor,nor
nora,norak
noraa,norak
nosâ,nos
notabane,notabene
notif,notifikasi
novelalana,novel alana
nnow,now
nowpepatahpetitih,now petatah petitih
noer,nur
noerdin,nurdin
nnusantara,nusantara
nnyatanya,nyatanya
nhoalaah,oalah
nok,oke
noke,oke
noks,oke
nombudsman,ombudsman
nomonganmu,omonganmu
ngomongmu,omongmu
nonta,onta
noracle,oracle
norang,orang
norg,orang
norgil,orang gila
nortodox,ortodoks
notak,otak
notaknya,otaknya
noverseas,overseas
npada,pada
npadahal,padahal
npdhal,padahal
npdhl,padahal
npaham,paham
npajak,pajak
npak,pak
npakai,pakai
npakew,pakai
npalingan,palingan
npandai,pandai
npandangan,pandangan
npanik,panik
npansos,panjat sosial
npanji,panji
npantes,pantas
npantesan,pantas
npapa,papa
nparah,parah
nparlimen,parlemen
npartai,partai
npks,partai keadilan sejahtera
nparpol,partai politik
npas,pas
npasangan,pasangan
npasar,pasar
npaspor,paspor
npasti,pasti
npastilah,pastilah
npayah,payah
npecun,pecun
nperduli,peduli
npegangannya,pegangannya
npegawai,pegawai
npekok,pekok
npelaku,pelaku
npembatasan,pembatasan
npembela,pembela
npbrantasan,pemberantasan
npemecah,pemecah
npemerintah,pemerintah
npemilik,pemilik
npemimpin,pemimpin
npenderitaannya,penderitaannya
npengaruh,pengaruh
npengetahuan,pengetahuan
npenghina,penghina
npengusaha,pengusaha
npenjilat,penjilat
npenolong,penolong
nperan,peran
npercayalah,percayalah
npercuma,percuma
npergi,pergi
nperkara,perkara
nperlu,perlu
npernah,pernah
npersib,persib
npersoalan,persoalan
npersoalanya,persoalannya
npertanyaan,pertanyaan
npertanyaannya,pertanyaannya
npln,perusahaan listrik negara
nplaylist,playlist
npliss,please
nplonga,plonga
nplonge,plongo
nplongi,plongo
nplongo,plongo
nplongu,plongo
npohon,pohon
npokoknya,pokoknya
npolitics,politik
npolitikus,politikus
npolitisi,politisi
npopuler,populer
nprabowo,prabowo
npramoedya,pramoedya
npresiden,presiden
nprestas,prestasi
nprofesor,profesor
npromosi,promosi
nproses,proses
nproud,proud
npunya,punya
npush,push
npusing,pusing
nrakyat,rakyat
nramai,ramai
nrampok,rampok
nrasa,rasa
nrasakaah,rasakanlah
nrasanya,rasanya
nrasuah,rasuah
nrasulullah,rasulullah
nrealita,realita
nrealitanya,realitanya
nreformasi,reformasi
nrelevansinya,relevansinya
nresah,resah
nrespondennya,respondennya
nresult,result
nrezim,rezim
nribuan,ribuan
nridwan,ridwan
nright,right
nmoga,semoga
nmonggo,silakan
nnambah,tambah
nmakasih,terima kasih
nkekadang,terkadang
nggo,untuk
nheh,weh
ngkgkgk,wkwk
nkikikikiki,wkwk
ohoo,aha
nyaelah,alah
nying,anjing
nyir,anjir
opoo,apa
paan,apaan
pabila,apabila
palagi,apalagi
pecus,becus
oon,beloon
nunty,bibi
nstupid,bodoh
obos,bohong
pcetar,cetar
paek,dekat
nserang,erang
paporit,favorit
oseng,gongseng
ogut,gue
nurut,ikut
ntuh,itu
ntuuh,itu
nyap,iya
nyoi,iya
nyalah,iyalah
oge,juga
ofis,kantor
outputnya,keluarannya
onyol,konyol
nyuk,kunyuk
pebih,lebih
nsory,maaf
numacem,macam
pacarin,memacari
nyalonin,mencalonkan
nyaleg,mencalonkan anggota legislatif
nyagub,mencalonkan gubernur
nyapres,mencalonkan presiden
nyemil,mencamil
nyemilnya,mencamilnya
nyampur,mencampur
nyariduit,mencari duit
nyarimakan,mencari makanan
nyariin,mencarikan
nyecerrnya,mencecarnya
nyekek,mencekik
nyemplung,mencemplung
nyeritain,menceritakan
nyetak,mencetak
nyicil,mencicil
nyicip,mencicip
nyolok,mencolok
nyuciin,mencucikan
nyuit,mencuit
nyulik,menculik
obrolin,mengobrol
nukar,menukar
nuker,menukar
nulisin,menuliskan
nulisnya,menulisnya
numpuk,menumpuk
nunggak,menunggak
nunggangin,menunggangi
nungging,menungging
nunjukin,menunjukkan
nunjukkin,menunjukkan
nurutin,menuruti
nuzuuk,menusuk
nutup,menutup
nyadarnya,menyadarinya
nyadain,menyadarkan
nyaingin,menyaingi
nyalahain,menyalahkan
nyalakan,menyalakan
nyamar,menyamar
nyamber,menyambar
nyambi,menyambi
nyambungnya,menyambungnya
nyamperin,menyamper
nyanggup,menyanggupi
nyangkud,menyangkut
nyangkut,menyangkut
nyapa,menyapa
nyapu,menyapu
nyasar,menyasar
nyatain,menyatakan
nyebari,menyebarkan
nyebarkan,menyebarkan
nyekolahin,menyekolahkan
nyekolahkan,menyekolahkan
nyelem,menyelam
nyelamatin,menyelamatkan
nyelempit,menyelempit
nyelesein,menyelesaikan
nyelonong,menyelonong
nyembah,menyembah
nyemburin,menyemburkan
nyempil,menyempil
nyenengke,menyenangkan
nyenggol,menyenggol
nyentuh,menyentuh
nyerap,menyerap
nyerbu,menyerbu
nyerobot,menyerobot
nyesal,menyesal
nyetir,menyetir
nyetop,menyetop
nyetriming,menyetreaming
nyewa,menyewa
nyiapin,menyiapkan
nyiapkan,menyiapkan
nyiarin,menyiarkan
nyimpan,menyimpan
nyimpang,menyimpang
nyimpulin,menyimpulkan
nyinggung,menyinggung
nyisain,menyisakan
nyontek,menyontek
nyuapin,menyuapi
nyusun,menyusun
nyusup,menyusup
nukanya,mukanya
nyanmar,myanmar
nsib,nasib
ntral,netral
nyilu,ngilu
nyoh,nih
ntg,nitrogliserin
nrm,non rebreathing mask
nso,north sumatera offshore
nuh,nuh
nyn,nun
nurull,nurul
nrut,nurut
nusantar,nusantara
nusantars,nusantara
nusantra,nusantara
nusantaraexpress,nusantara express
nye,nya
nyee,nya
nyoo,nya
nyanyok,nyanyuk
nyatane,nyatanya
nyri,nyeri
nyrocos,nyerocos
nyinyiir,nyinyir
nyinyit,nyinyir
nyinyiran,nyinyiran
nyungseb,nyungsep
objekâ budaya,objek budaya
oborrakyat,obor rakyat
obrolanekz,obrolan
obrolanpolitik,obrolan politik
ocehinn,ocehan
ob,office boy
ogaah,ogah
ogahjadicebong,ogah jadi cebong
oo,oh
oohh,oh
owwh,oh
ohgong,oh gong
ohiya,oh iya
oia,oh iya
oiya,oh iya
oiyaa,oh iya
omg,oh my god
oya,oh ya
oii,oi
ojo,ojek online
ojol,ojek online
okbaii,ok bye
okokok,oke
okeoce,oke oce
okesip,oke sip
okezonenews,okezone news
oxigen,oksigen
olahan,olahan
olehimamâ,oleh imamnya
olehkerana,oleh karena
olehâ,olehnya
olim,olimpiade
ommakarom,om makar om
ombusman,ombudsman
ombusmin,ombudsman
ombusdmanbancikaleng,ombudsman banci kaleng
omelan,omelan
omonga,omongan
omsetnya,omzetnya
onberkah,on berkah
otw,on the way
ongkir,ongkos kirim
onlen,online
onlenan,online
oss,online single submission
ontabego,onta bego
oprohingya,op rohingya
openbosurabaya,open bo surabaya
openfollow,open follow
oprec,open recruitment
opsisi,oposisi
oppaa,oppa
oppak,oppa
oraang,orang
oran,orang
orgil,orang gila
okb,orang kaya baru
omputeh,orang putih
orangtua,orang tua
orangtuaku,orang tuaku
orangtuanya,orang tuanya
orangutan,orang utan
orangbyg,orang yang
orba,orde baru
ordebaru,orde baru
orbanya,orde barunya
orla,orde lama
orderan,orderan
organic,organik
organisasimahasiswa,organisasi mahasiswa
ormas,organisasi masyarakat
opm,organisasi papua merdeka
osis,organisasi siswa intrasekolah
od,organization development
orthodox,ortodoks
ortodox,ortodoks
ociy,oshi
otakjunkfood,otak junk food
otakny,otaknya
otaknye,otaknya
overjudgement,over judgement
owq,owa
pacare,pacarnya
padakaryatunai,pada karya tunai
padjajaran,padjadjaran
paganis,paganisme
pagaralam,pagar alam
pagicrot,pagi crot
paiit,pahit
paak,pak
pakk,pak
pade,pakde
pakdhe,pakde
palanye,palanya
palapafm,palapa fm
palestin,palestina
palestine,palestina
palibg,paling
palimg,paling
paltiwest,palti west
paluu,palu
panasbumi,panas bumi
pabumnews,panas bumi news
panasan,panasan
pansbung,panasbung
pasnasbung,panasbung
pandangn,pandangan
pannel,panel
panenraya,panen raya
pangeranya,pangerannya
pangkalpinang,pangkal pinang
pansus,panitia khusus
panpel,panitia pelaksana
panwas,panitia pengawas
panwaslu,panitia pengawas pemilu
paanjaang,panjang
panjaangg,panjang
pansos,panjat sosial
pandji,panji
pansela,pantai selatan
oantas,pantas
pantasan,pantas saja
panteslah,pantaslah
pantesnya,pantasnya
panyaweyan,panyaweuyan
papih,papa
papapresident,papa presiden
papahnya,papanya
parbet,parah betul
parleman,parlemen
parte,partai
pdi,partai demokrasi indonesia
partaiparno,partai parno
parpol,partai politik
parpolnya,partai politiknya
parti,party
partipolitik,party politik
pasalnyaâ,pasalnya
paslon,pasangan calon
pascapembangunan,pasca pembangunan
pascolmania,pascol mania
pasrahh,pasrah
pastin,pasti
pastu,pasti
pastiin,pastikan
pastik,pastikan
pastika,pastikan
paspampres,pasukan pengamanan presiden
patriotis,patriotik
paulpogba,paul pogba
pavilion,paviliun
pawanf,pawang
pbwibowo,pb wibowo
pea,peang
pecahin,pecahkan
pdagang,pedagang
pedea,pedean
pedulirohingya,peduli rohingya
peduljkan,pedulikan
pecuh,pejuh
palabuhanratu,pelabuhan ratu
pecinta,pencinta
peciptaan,penciptaan
pdkt,pendekatan
parlente,perlente
peepanjang,perpanjang
pajama,piama
parabowo,prabowo
nrocky,rocky
nrumah,rumah
nrupanya,rupanya
nrupiah,rupiah
nrsak,rusak
nsaat,saat
nsaking,saking
nsangking,saking
nsanking,saking
nsalah,salah
nsalam,salam
nshalat,salat
nsalut,salut
nsama,sama
nsampah,sampah
nsampai,sampai
nsampe,sampai
nsmpe,sampai
nyampek,sampai
nsang,sang
nsangat,sangat
nsanggup,sanggup
nsans,santai
nsarap,sarap
nsasaran,sasaran
nsatu,satu
nsaya,saya
nsayang,sayang
nsayangnya,sayangnya
nscroll,scroll
nsebab,sebab
nsebagai,sebagai
nsebagian,sebagian
nsebel,sebal
nsebentar,sebentar
nsebut,sebut
nsecara,secara
nsedang,sedang
nsedangkan,sedangkan
nsedikit,sedikit
nsegera,segera
nsehari,sehari
nsehingga,sehingga
nshg,sehingga
nseikhlasnya,seikhlasnya
nseingat,seingat
nsejahtera,sejahtera
nsekali,sekali
nsekalinya,sekalinya
nsekarang,sekarang
nskrng,sekarang
nseketika,seketika
nsekola,sekolah
nselain,selain
nselama,selama
nselamat,selamat
nsementara,sementara
nsemoga,semoga
nsmoga,semoga
nsempak,sempak
nsemua,semua
nsemuanya,semuanya
nsemut,semut
nsendiri,sendiri
nsendu,sendu
nsenior,senior
nsenja,senja
nsenpai,senpai
nsensasi,sensasi
nseorang,seorang
nsepandai,sepandai
nsepatutnya,sepatutnya
nsepele,sepele
nsepertinya,sepertinya
nyepong,sepong
nserasa,serasa
nsesuai,sesuai
nset,set
nsetahu,setahu
nsetau,setahu
nsetahun,setahun
nsetelah,setelah
nsetuju,setuju
nseungri,seungri
nshaloom,shaloom
nshio,shio
nshioayam,shio ayam
nshuush,shush
nsial,sial
nsiapa,siapa
nsiapakah,siapakah
nsiapapun,siapapun
nsibuk,sibuk
nsikap,sikap
nsimpel,simpel
nsing,sing
nsitu,situ
nsitus,situs
nslamet,slamet
nsoalnya,soalnya
nsok,sok
nsotoy,sotoy
nspt,spt
nzzeezzsstt,sst
nsuara,suara
nsuatu,suatu
nsudah,sudah
nudah,sudah
nsuka,suka
nsukmakumati,sukmaku mati
nsukses,sukses
nsunan,sunan
nsungjin,sungjin
nsupaya,supaya
nsuporter,suporter
nsure,sure
nsusah,susah
nsutradaranya,sutradaranya
nsyariah,syariat
nsydney,sydney
nsyiah,syiah
ntadi,tadi
ntdi,tadi
ntag,tag
ntai,tai
ntak,tak
ntakut,takut
ntnggal,tanggal
ntanya,tanya
ntapi,tapi
ntp,tapi
ntpi,tapi
ntas,tas
ntawa,tawa
nteco,teco
nteh,teh
ntv,televisi
ntelor,telur
nteman,teman
ntemen,teman
ntempat,tempat
ntempe,tempe
ntka,tenaga kerja asing
ntenang,tenang
ntentunya,tentunya
nterbatasnya,terbatasnya
nyantol,tercantol
ntergabung,tergabung
nterik,terik
nterima,terima
nuhun,terima kasih
nterjadilah,terjadilah
nterkutuk,terkutuk
nterlepas,terlepas
ntermasuk,termasuk
nternyata,ternyata
ntrnyta,ternyata
nteroris,teroris
nyelip,terselip
nterserak,terserak
nttd,tertanda
nterus,terus
ntrus,terus
ntetap,tetap
ntetapi,tetapi
nthai,thai
nthats,thats
ntiada,tiada
ntiap,tiap
ntiba,tiba
ntdk,tidak
ntidak,tidak
ntydack,tidak
ntidur,tidur
ntimnas,tim nasional
ntimnya,timnya
ntipikal,tipikal
ntolak,tolak
ntolol,tolol
ntomohon,tomohon
ntong,tong
ntonton,tonton
ntontong,tontong
ntop,top
ntradisi,tradisi
ntrisakti,trisakti
ntua,tua
ntugas,tugas
ntuhan,tuhan
ntulisan,tulisan
ntulisanya,tulisannya
ntunjukin,tunjukkan
ntutup,tutup
nucapan,ucapan
nuda,uda
nujung,ujung
nulama,ulama
numat,umat
nunsur,unsur
ntuk,untuk
nuntuk,untuk
nuntung,untung
opss,ups
nusut,usut
pampir,vampir
nvideo,video
nwedeeh,waduh
nwahh,wah
nwahabi,wahabi
nwajahmu,wajahmu
nwajar,wajar
nwaktu,waktu
nwaktulah,waktulah
oalah,walah
oalahh,walah
owalah,walah
nwalau,walau
nwallahu,wallahu
nwaspada,waspada
nwaspadalah,waspadalah
nwti,west texas intermediate
nwhen,when
nwilayah,wilayah
nwindy,windy
nwkwk,wkwk
nwkwkwk,wkwk
nwkwkwkwk,wkwk
nwoojinprk,woojin park
nww,ww
nyasudah,ya sudah
nyahudi,yahudi
nyg,yang
nyanyk,yanyk
nyehonatan,yehonatan
nyehoshua,yehoshua
nyehoyada,yehoyada
nyohanes,yohanes
nyou,you
nzaman,zaman
pegimana,bagaimana
pegimane,bagaimana
pekok,bodoh
philipina,filipina
pelmnye,filmnya
phiraun,firaun
phobia,fobia
pengeen,ingin
pengennya,inginnya
penangulangi,menanggulangi
pekaes,partai keadilan sejahtera
pekaos,partai keadilan sejahtera
perindo,partai persatuan indonesia
peyang,peang
pendemo,pedemo
peling,peeling
pegel,pegal
pejoy,pejuh
perkerja,pekerja
perkerjaan,pekerjaan
pelajarin,pelajari
phelana,pelana
pelanggaan,pelanggan
pelangganya,pelanggannya
pencurangan,pelanggaran
pelangiâ,pelanginya
pelidung,pelindung
pelndung,pelindung
perlombongan,pelombongan
pelototin,pelototi
perlukan,pelukan
pemahamanny,pemahamannya
pesepakbola,pemain sepak bola
pemakaianâ,pemakaiannya
pematangaiantar,pematangsiantar
pembangang,pembangkang
pembagunan,pembangunan
pembataian,pembantaian
pembokat,pembantu
pembawah,pembawa
pembrantasan,pemberantasan
pembrontak,pemberontak
pembrontakan,pemberontakan
pembicaran,pembicaraan
pembaziran,pemborosan
pemegangsaham,pemegang saham
pemerinth,pemerintah
pemda,pemerintah daerah
pemkab,pemerintah kabupaten
pemkot,pemerintah kota
pemprov,pemerintah provinsi
penfitnah,pemfitnah
pemilu,pemilihan umum
pemimpim,pemimpin
pemimpindarimasjid,pemimpin dari masjid
pemimpinkafir,pemimpin kafir
pemimpinmilenial,pemimpin milenial
pemimpimnya,pemimpinnya
pelatnas,pemusatan latihan nasional
pemuteran,pemutaran
phk,pemutusan hubungan kerja
pentadbiran,penadbiran
penasehat,penasihat
pencapresan,pencalonan presiden
pencapain,pencapaian
pencitraa,pencitraan
percitraan,pencitraan
pencitraanmeikarta,pencitraan meikarta
pendikan,pendidikan
pendukug,pendukung
pendungaun,pendunguan
penegakkan,penegakan
penerbitmizan,penerbit mizan
penterjemah,penerjemah
pengkaderan,pengaderan
pengakhiranya,pengakhirannya
pengalamanya,pengalamannya
pengguran,pengangguran
penganiyayaan,penganiayaan
pengawean,pengawetan
pengembngan,pengembangan
pengerok,pengeruk
pengetahuannyanoleh,pengetahuannya oleh
pengabungan,penggabungan
penggallah,penggalah
pengidola,penggemar
penghalangny,penghalangnya
pernghargaan,penghargaan
pemghuni,penghuni
pengingkutnya,pengikutnya
penginderaan,pengindraan
penghianat,pengkhianat
penghiyanat,pengkhianat
penghianatan,pengkhianatan
pengkotbah,pengkhotbah
pengumpylan,pengumpulan
penfungsi,pengungsi
pengerusi,pengurus
penghutang,pengutang
penjajh,penjajah
pejarakan,penjarakan
penodaanâ agama,penodaan agama
penyalah,penyalahgunaan
pendrive,penyetir
perkloter,per kelompok terbang
peramg,perang
peranin,perankan
perati,peranti
perda,peraturan daerah
pergub,peraturan gubernur
perpes,peraturan presiden
perpres,peraturan presiden
perbaiakan,perbaikan
perbezaan,perbedaan
percayag,percaya
percayaganjaryasin,percaya ganjar yasin
pelakor,perebut laki orang
perempuann,perempuan
pergerakkan,pergerakan
peripenyihiran,peri penyihiran
perikanen,perikanan
perio,periodontik
peristiw,peristiwa
pertiwa,peristiwa
pembeatan,perjanjian
permesta,perjuangan rakyat semesta
perkembagan,perkembangan
perkin,perkumpulan kinologi indonesia
perlombaanâ,perlombaannya
permainin,permainan
penah,pernah
persedian,persediaan
persekusii,persekusi
perslib,persib
perssib,persib
persibjuara,persib juara
petahana,pertahanan
pertamakalinya,pertama kalinya
petamina,pertamina
pertanyaanya,pertanyaannya
pertikai,pertikaian
pertunjukanâ seni,pertunjukan seni
peruaahaan,perusahaan
perusahaany,perusahaannya
pendajal,perusak
penghutangan,perutangan
perutmya,perutnya
perutnye,perutnya
perjinahan,perzinaan
perzinahan,perzinaan
pesantten,pesantren
pete,petai
petikpari,petik pari
petromax,petromaks
picek,picek
perancis,prancis
persentasikan,presentasikan
peresiden,presiden
peribadi,pribadi
pfi,private finance initiative
pem,protein energy malnutrition
petet,sipit
tenan,benaran
telponan,bertelepon
terkaga,enggak banget
tawain,ketawai
temlen,lini masa
teen,remaja
tbh,sejujurnya
teenchoice,suara remaja
temp,suhu
tbela,tabela
telek,tai
taxi,taksi
taqwa,takwa
tapon,tampon
tanyo,tanya
tapitapi,tapi tapi
taritopeng,tari topeng
tariff,tarif
tdl,tarif dasar listrik
tatto,tato
tattoo,tato
taukk,tau
taugak,tau enggak
taufiq,taufik
tausiyah,tausiah
tausyiah,tausiah
tayyib,tayib
tayyip,tayib
tayup,tayub
terdkt,tedekat
tegakan,tegakkan
tehrani,teh rani
tekann,tekan
tehnology,teknologi
tekno,teknologi
teknologiâ,teknologi
techdigital,teknologi digital
telen,telan
telurusi,telusuri
temanmakanteman,teman makan teman
temantapime,teman tapi mesra
temamenan,teman teman
temanin,temani
temenku,temanku
temenya,temannya
temannyarudy,temannya ruddy
temboke,temboknya
temenann,temenan
tempiasnye,tempiasnya
tengahari,tengah hari
tengkuzul,tengku zul
tentg,tentang
tentrem,tenteram
teoristidakberakal,teori tidak berakal
tepay,tepar
tepatin,tepati
tepokjidat,tepuk jidat
teraflisiasi,terafiliasi
terakir,terakhir
terkhir,terakhir
teranginegeri,terangi negeri
terangkanpon,terangkan pon
tersa,terasa
terbg,terbagi
terbagak,terbahak
terbnya,terbanyak
terbukt,terbukti
tercatit,tercatat
tercyduc,terciduk
tercyduk,terciduk
tercydux,terciduk
terekpos,terekspos
tehadap,terhadap
terhdap,terhadap
teriakkan,teriakan
teriakin,teriaki
terimakasi,terima kasih
terjdi,terjadi
terlait,terkait
terkedu,terkelu
tercover,terkover
terlaluh,terlalu
telantarkan,terlantarkan
terlaru,terlarut
telibat,terlibat
termarjinalkan,termaginalkan
termasu,termasuk
ternakin,ternak
ternyataa,ternyata
ternyate,ternyata
ternyta,ternyata
teroria,teroris
terorist,teroris
terroris,teroris
terjejas,terpengaruh
terfikir,terpikir
terpropokasi,terprovokasi
terpukaukaukau,terpukau
terselamatan,terselamatkan
terprepare,tersiapkan
tateh,teteh
tbtb,tiba tiba
tdklah,tidaklah
team,tim
teamrayarusia,tim raya rusia
tembluk,tlembuk
tee,trans esophageal echocardiografi
bazeng,anjir
bahtiar,bachtiar
bem,badan eksekutif mahasiswa
bembem,badan eksekutif mahasiswa
bareskrim,badan reserse kriminal
begimana,bagaimana
bbm,bahan bakar minyak
bahasaambon,bahasa ambon
bahkn,bahkan
bahawa,bahwa
bahwasa,bahwasanya
baiq,baik
bayk,baik
bajay,bajaj
bajaktanah,bajak tanah
banjingan,bajingan
bakaum,bakau
balesnya,balasnya
baligh,balig
baliik,balik
balikiinkesolo,balikan ke solo
balikinkesolo,balikan ke solo
bepe,bambang pamungkas
bamsoet,bambang soesatyo
bandunggeulis,bandung cantik
bandungharmonis,bandung harmonis
bandungvotenuruli,bandung memilih nuruli
bbwapril,bangbang wetan april
benget,banget
bangetnih,banget nih
banggaã¢,bangga
bangkitin,bangkitan
bangsaanjing,bangsa anjing
bangad,bangsat
bangdat,bangsat
bangsaat,bangsat
bangsaatt,bangsat
bangsad,bangsat
bangsul,bangsat
bangsull,bangsat
bangzat,bangsat
bangsatdi,bangsat di
bangunin,bangunkan
bantet,bantat
bantenã°,banten
bantuin,bantu
bantuanx,bantuannya
bany,banyak
banyk,banyak
banyok,banyak
bapaak,bapak
bapaklu,bapakmu
bapanya,bapaknya
barokalloh,barakallah
barokah,barakat
barangsiapa,barang siapa
berbie,barbie
barisangussholah,barisan gus sholah
banser,barisan serba guna
baruã¢,baru
basii,basi
baktang,batang
batre,baterai
bathil,batil
bathin,batin
bawaã¢â²,bawa
baperan,bawa perasaan
bapermania,bawa perasaan mania
bapernya,bawa perasaannya
bayarin,bayarkan
bayiik,bayi
bberapa,beberapa
bebrapa,beberapa
bbrpx,beberapa kali
beca,becak
bediuzzama,bediuzzaman
begenean,beginian
begituu,begitu
bengitu,begitu
begitupin,begitupun
begokk,bego
behavioralistik,behavioristik
bajad,bejat
bekasisah,bekasi sah
berkerja,bekerja
bekerjasama,bekerja sama
bell,bel
belagak,belaga
belagu,belaga
belagunya,belaganya
belekuk,belekok
belgium,belgia
belio,beliau
belina,belinya
belokin,belokkan
belomm,belum
belun,belum
beneer,benar
benerannya,benarannya
benerin,benarkan
benerkan,benarkan
benerpun,benarpun
benc,bench
bencii,benci
bencoonngg,bencong
bengad,bengal
bennett,bennet
bencar,bentar
bentukny,bentuknya
benzen,benzena
berabtad,berabad
bernamimah,beradu domba
berafliasi,berafiliasi
beraqidah,berakidah
beraktifitas,beraktivitas
beraan,beran
beranitraveling,berani jalan jalan
berpa,berapa
bearti,berarti
berashitam,beras hitam
berpunca,berasal
beratt,berat
berbahay,berbahaya
belibet,berbelit
berbhinneka,berbineka
bebisik,berbisik
berbudaye,berbudaya
bcahaya,bercahaya
becakap,bercakap
becandaan,bercandaan
becandain,bercandai
berdialogis,berdialog
berendem,berendam
beress,beres
beberes,beres beres
beresin,bereskan
berghibah,bergibah
bergiziah,bergizi
berguman,bergumam
berharab,berharap
berhatap,berharap
berhnti,berhenti
berhub,berhubung
berhbgan,berhubungan
beribadat,beribadah
berikht,berikut
berikutnye,berikutnya
beiringan,beriringan
beresiko,berisiko
berit,berita
berite,berita
beritadunia,berita dunia
beritaekonomi,berita ekonomi
beritaislam,berita islam
beritasatu,berita satu
beritasonora,berita sonora
beritaã¢â terbaru,berita terbaru
beritaterhangat,berita terhangat
bejanggut,berjanggut
berjamaah,berjemaah
berjamaahnya,berjemaahnya
berkahna,berkahnya
berkainã¢,berkain
berkharisma,berkarisma
berstatement,berkata
berkepntingan,berkepentingan
berkesinabungan,berkesinambungan
berkualiti,berkualitas
bekuasa,berkuasa
belarut,berlarut
belepotan,berlepotan
bermaksiyat,bermaksiat
bermnfaat,bermanfaat
banagari,bernegara
bereukumene,beroikumene
beepegang,berpegang
berperngaruh,berpengaruh
berparti,berpesta
berfikirnya,berpikirnya
bersm,bersama
bersamaã¢â erdogan,bersama erdogan
bersamabn,bersamaan
bersebrangan,berseberangan
bersihin,bersihkan
bersilaturrahmi,bersilaturahmi
bersosmed,bersosial media
bersukur,bersyukur
bertaun,bertahun
bertanggungjawab,bertanggung jawab
bertelor,bertelur
bertemen,berteman
bertentagan,bertentangan
bertaubat,bertobat
bertuhandijalanan,bertuhan di jalanan
berub,berubah
bejo,beruntung
balga,besar
bbeuh,beuh
beh,beuh
baidab,biadab
bcranya,bicaranya
beer,bir
belangsak,blangsak
bcr,bocor
bahong,bohong
bbual,bual
bdk,budak
bdaya,budaya
bdya,budaya
bajet,budget
beautiful,cantik
beauty,cantik
balatak,kotor
bayanginnya,membayanginya
bataknese,orang batak
basically,pada dasarnya
banterin,percepat
beb,sayang
bebs,sayang
before,sebelum
bcs,soalnya
because,soalnya
btp,ahok
buablas,bablas
bnn,badan narkotika nasional
bpd,badan permusyawaratan desa
bps,badan pusat statistik
bsn,badan standarisasi nasional
bijimana,bagaimana
bgian,bagian
bgusan,bagusan
bhya,bahaya
buajingan,bajingan
bkalan,bakalan
blsin,balaskan
bnd,band
bgts,banget
bgtxx,banget
bigtits,banget
bwangeeuut,banget
bgsa,bangsa
bngs,bangsa
bgsd,bangsat
bgstt,bangsat
bngsat,bangsat
bngst,bangsat
bnajarmasin,banjarmasin
bni,bank negara indonesia
bri,bank rakyat indonesia
blt,bantuan langsung tunai
buanyak,banyak
bnyakn,banyakan
bpknyalah,bapaknyalah
brng,barang
brgkali,barangkali
betmen,batman
bouksid,bauksit
bwang,bawang
brb,be right back
besmart,be smart
beza,beda
bgittu,begitu
bgthu,begitu
bigitu,begitu
blegitu,begitu
bwgitu,begitu
blkgnya,belakangnya
blang,belang
blatung,belatung
bulepotan,belepotan
brli,beli
bloonnya,beloonnya
bwos,beos
brangkt,berangkat
brngkat,berangkat
brni,berani
braninya,beraninya
brati,berarti
brti,berarti
brasal,berasal
brbagai,berbagai
brbeda,berbeda
brdekatan,berdekatan
brdoa,berdoa
brengset,berengsek
brngsekk,berengsek
brngsk,berengsek
brengseknya,berengseknya
bewokan,berewokan
brewokan,berewokan
brharga,berharga
bhasil,berhasil
brent,berhenti
brnti,berhenti
brisek,berisik
briziek,berisik
brkata,berkata
brkedok,berkedok
classy,berkelas
chatan,berkirim chat
brkoalisi,berkoalisi
brkuasa,berkuasa
branded,bermerek
brniat,berniat
brondong,berondong
brondonglokal,berondong lokal
brfikir,berpikir
brpkir,berpikir
brtahun,bertahun
brtemu,bertemu
brtopeng,bertopeng
betopi,bertopi
beurang,beruang
brunsur,berunsur
brupaya,berupaya
beurat,berurat
brushalah,berusahalah
brwajah,berwajah
besarr,besar
big,besar
bssar,besar
besarx,besarnya
bsrta,beserta
bff,best friend forever
betoi,betul
betol,betul
betoll,betul
betui,betul
betull,betul
betullah,betul
botul,betul
biadaa,biadab
biadap,biadab
biangnya,biangnya
biased,bias
biasain,biasakan
biasay,biasanya
bicarapolitik,bicara politik
bicarain,bicarakan
bigfloo,bigflo
bijakberpendapat,bijak berpendapat
bikhsu,biksu
bile,bila
bilank,bilang
blgnya,bilangnya
bimas,bima
binadamai,bina damai
binluh,binaan dan penyuluhan
binmas,binaan masyarakat
bhineka,bineka
bhinekais,bineka
biruadanya,biru adanya
bismaniac,bis maniak
bisaã¢â mematikan,bisa mematikan
bisex,bisexual
blaa,bla
blabla,bla bla
blablabla,bla bla bla
blackbuttler,black buttler
blejetin,blejeti
block,blok
blocked,blokir
blondecum,blonde cum
blusukanahok,blusukan ahok
bmã¢,bm
bocahh,bocah
bocil,bocah cilik
borot,bocor
blegug,bodoh
boloho,bodoh
bodohie,bodohi
bmi,body mass index
boongan,bohongan
bohongin,bohongi
boongin,bohongi
boikotindosat,boikot indosat
boycottisrael,boikot israel
boikotprodukchina,boikot produk cina
bokef,bokep
bokepasia,bokep asia
bokepasian,bokep asia
bokepbarat,bokep barat
bokepgratis,bokep gratis
bokephot,bokep hot
bokepindo,bokep indo
bokeponline,bokep online
bokepsma,bokep sma
bokepterb,bokep terbaru
buleh,boleh
bill,bon
bongsay,bonsai
boking,booking
borax,boraks
btob,born to beat
bosq,bosku
bosque,bosku
bosnyo,bosnya
botzidancreative,bot zidan creative
bny,bothnewyear
botolkosong,botol kosong
bovendigul,boven digoel
brã°,bra
bravohasanah,bravo hasanah
breathe,breath
brimob,brigade mobil
brumob,brigade mobil
brigpol,brigadir polisi
bripka,brigadir polisi kepala
brightside,bright side
brillian,brilian
bray,bro
broo,bro
brooh,bro
browh,bro
bry,bro
brosing,browsing
brussels,brussel
bpi,bsm pembayaran instusi
busukmawati,bu sukmawati
buangtabiat,buang tabiat
buwat,buat
bikinan,buatan
bikinnya,buatannya
burjo,bubur kacang ijo
bucin,budak cinta
bucinnya,budak cintanya
budayaã¢,budaya
budayaã°,budaya
budayaã¢â pancasila,budaya pancasila
budha,buddha
budhaisme,buddhaisme
budeh,bude
budeg,budek
budisepang,budi sepang
budugan,budukan
buhaerah,buhaira
buihh,buih
bukber,buka bersama
bikan,bukan
bukann,bukan
bukhan,bukan
bukanbukan,bukan bukan
bukansamawi,bukan samawi
bknlah,bukanlah
bknnya,bukannya
buktik,bukti
buktikn,buktikan
buuktikan,buktikan
bukugpu,buku gpu
bulaann,bulan
buli,bully
blukk,buluk
buluq,buluk
bumbuin,bumbui
buminusantara,bumi nusantara
bundokandung,bunda kandung
bungkarno,bung karno
bunggus,bungkus
bundir,bunuh diri
buraq,burak
buroq,burak
buritt,burit
burqa,burka
burukã¢,buruk
birds,burung
buseet,buset
bosok,busuk
busukk,busuk
butuhan,butuhkan
btw,by the way
cabecabeaan,cabe cabean
cacad,cacat
ccd,cacat
ceced,cacat
cacimaki,caci maki
cagarã¢â budaya,cagar budaya
cakimin,cak imin
cagub,calon gubernur
cakada,calon kepala daerah
caleg,calon legislatif
capres,calon presiden
capresgoblok,calon presiden goblok
capresrakyat,calon presiden rakyat
capresnya,calon presidennya
cawagub,calon wakil gubernur
cawgub,calon wakil gubernur
cawapres,calon wakil presiden
cawapresnya,calon wakil presidennya
calonin,calonkan
cemilan,camilan
cemilanku,camilanku
cemilannya,camilannya
cantuk,cantik
capeq,capai
capeknya,capainya
capenya,capainya
cfd,car free day
charanya,caranya
caper,cari perhatian
capernya,cari perhatiannya
carsen,cari sensasi
catetan,catatan
bongg,cebong
cebon,cebong
cebonk,cebong
cebongkoplo,cebong koplo
cebongers,cebonger
ceburin,ceburkan
cecungung,cecunguk
cegan,cegah
cengkraman,cengkeraman
cept,cepat
cepetin,cepatkan
cepetlah,cepatlah
cepusupriyanto,cepu supriyanto
ceritadewasa,cerita dewasa
ceritain,ceritakan
ceritany,ceritanya
cecann,cewek cantik
cewekseksi,cewek seksi
cewenya,ceweknya
chaink,chain
ch,chapter
chaarrmm,charm
chatsex,chat sex
cekidot,check it out
celsi,chelsea
choicefandom,choice fandom
chouji,choji
choper,chopper
chubbyguy,chubby guy
ciamisasyik,ciamis asyik
cihh,cih
ciy,cih
cimohay,cimahi
china,cina
chinese,cina
cin,cinta
cipkon,cipokan
cirebonseni,cirebon seni
ciribkhas,ciri khas
citanya,citanya
cnnindonesia,cnn indonesia
cnnidbusiness,cnn indonesian business
cobaak,coba
cocoklogi,cocokologi
cocotnx,cocotnya
coffe,coffee
colmek,colok memek
colokmemek,colok memek
colokkan,colokan
comando,commando
cogant,cowok ganteng
brainwash,cuci otak
coeg,cuk
cikai,cukai
blacklist,daftar hitam
cedak,dekat
bibib,habib
bhahahaha,haha
bhahahahahahaa,haha
bhahahahak,haha
bhuakakakaka,haha
brahahahaa,haha
buahahaha,haha
buuwhaha,haha
bwahaha,haha
bwahahahhahha,haha
bwahahhahaha,haha
buntingnya,hamilnya
bondo,harta
bzz,hem
bumil,ibu hamil
bible,injil
bininya,istrinya
ciah,jiah
calculus,kalkulus
campaign,kampanye
campus,kampus
campuss,kampus
bikos,karena
cillik,kecil
claim,klaim
clasic,klasik
comment,komen
camtu,macam itu
ceu,mbak
blendung,melendung
cengkudu,mengkudu
brand,merek
brandnya,mereknya
bilion,miliar
bodat,monyet
coach,pelatih
blas,sama sekali
blass,sama sekali
cageur,sehat
cembilan,sembilan
cepi,sepi
cetan,setan
cekcih,sexy
cipp,sip
cipiit,sipit
beye,susilo bambang yudhoyono
beuh,weh
beuhh,weh
boakaka,wkwk
brekekekekek,wkwk
brekekekekekek,wkwk
bruakakakak,wkwk
ckakakakak,wkwk
ckckc,wkwk
ckckck,wkwk
ckckckck,wkwk
dedeq,adik
debaynya,adik bayinya
densus,betasemen khusus
cramah,ceramah
crita,cerita
crta,cerita
critanya,ceritanya
cyduk,ciduk
cuih,cih
cuihh,cih
cuyih,cih
cuihwoosoeokjung,cih wooseok jung
cyinta,cinta
cyn,cinta
comunity,community
congornyapecah,congornya pecah
congrat,congratulation
cp,contact person
conth,contoh
contoilah,contohilah
copas,copy paste
cowonya,cowoknya
cuuyy,coy
cuy,coy
cpugg,cpu gg
cringey,cringe
cr,cristiano ronaldo
croot,crot
croott,crot
crott,crot
cruz,crush
cuapcuap,cuap cuap
cuwit,cuit
cukk,cuk
cukop,cukup
cukupsatuperiode,cukup satu periode
cume,cuma
cumabercandagaiss,cuma bercanda guys
cupuu,cupu
curcol,curhat colongan
cyberarmy,cyber army
daddies,daddy
daerahã¢,daerah
daerahdki,daerah jakarta
dapil,daerah pemilihan
daghh,dah
dhla,dahlan
dahulukanrakyat,dahulukan rakyat
dalm,dalam
daleman,dalaman
dalemnya,dalamnya
damaidaricirebon,damai dari cirebon
danã¢,dan
danainvestorasing,dana investor asing
danã¢â sosial,dana sosial
danã¢â wajah,dana wajah
danain,danai
dananyo,dananya
danibawa,dani bawa
dapurr,dapur
darimana,dari mana
darimna,dari mana
daritadi,dari tadi
darkside,dark side
dharma,darma
dharna,darma
darulaman,darul aman
daruratdemokrasi,darurat demokrasi
dasarr,dasar
dasr,dasar
dasadasar,dasar dasar
dfd,data flow diagram
datangg,datang
datoã¢,datu
daiyaku,dayaku
dbodohi,dbodohi
deathnote,death note
debad,debat
difensif,defensif
dgan,degan
dekalarasi,deklarasi
delici,delicious
deliveringhappiness,delivering happiness
demoo,demo
democra,demokrasi
demokrasiã¢,demokrasi
denga,dengan
denngan,dengan
dgnya,dengannya
dengernya,dengarnya
depkes,departemen kesehatan
diatas,di atas
diawal,di awal
dibandara,di bandara
dibank,di bank
dibatas,di batas
dibawah,di bawah
dibelakang,di belakang
diblkg,di belakang
dbogor,di bogor
dibui,di bui
dibumi,di bumi
dicomberan,di comberan
didaerah,di daerah
didalam,di dalam
didlm,di dalam
didanau,di danau
didarat,di darat
didepan,di depan
didragon,di dragon
didunia,di dunia
didumay,di dunia maya
diera,di era
digarasi,di garasi
digereja,di gereja
dihalaman,di halaman
dihalte,di halte
dihatiku,di hatiku
dihutan,di hutan
diindonesia,di indonesia
dijakarta,di jakarta
dijalan,di jalan
dijidat,di jidat
dikamar,di kamar
dikampung,di kampung
dikantor,di kantor
dikarang,di karang
dikasus,di kasus
dikedua,di kedua
dikoter,di kelompok terbang
dikolam,di kolam
dikolong,di kolong
dikotak,di kotak
dijaman,di zaman
diakuin,diakui
diamlo,diam lu
diemlu,diam lu
diamanin,diamankan
diancem,diancam
dianggsp,dianggap
dantaranya,diantaranya
dbhas,dibahas
dibales,dibalas
dibnding,dibanding
dibangkitin,dibangkitkan
dibangunin,dibangunkan
dibatalin,dibatalkan
dibayarin,dibayari
dibecandain,dibecandai
dibelain,dibela
dibelanje,dibelanja
dibeliin,dibelikan
dibenerin,dibenarkan
diberanguss,diberangus
dibercandain,dibercandai
diberhentiin,diberhentikan
diberitain,diberitakan
dbsk,dibesuk
dibicarain,dibicarakan
dbilang,dibilang
diblng,dibilang
dibilangin,dibilangi
dibimbin,dibimbing
diblock,diblok
dibocorin,dibocorkan
dibodo,dibodohi
dibodoh,dibodohi
diapusi,dibohongi
dibikin,dibuat
dibikinin,dibuatkan
dibikinkan,dibuatkan
dibubari,dibubarkan
dibubarin,dibubarkan
dibucinin,dibudakcintakan
dibunderi,dibundari
dbunuh,dibunuh
dibutuhkn,dibutuhkan
dicapreskan,dicalonpresidenkan
dicarin,dicari
dicekel,dicekal
dicemburuin,dicemburui
dicengkram,dicengkeram
dicepetin,dicepatkan
diceramahin,dicerahami
diceritain,diceritakan
diciumin,diciumi
dicroottin,dicrotin
dicrotin,dicrotin
ddahului,didahului
didlmnya,didalamnya
didpt,didapat
didptkn,didapatkan
didasrkan,didasarkan
didudukin,diduduki
dduga,diduga
dienyek,diejek
dientotin,dientot
dietot,dientot
diewe,dientot
dikentu,dientot
digebukin,digebuki
digedein,digedekan
digentayangin,digentayangi
digrebek,digerebek
digreja,digereja
dijit,digit
digosipin,digosipkan
dgnakan,digunakan
dgunakan,digunakan
digunakn,digunakan
dihadapai,dihadapi
dihantem,dihantam
diapusin,dihapusi
dihebohin,dihebohkan
diitung,dihitung
diizabah,diijabah
diiket,diikat
diikutin,diikuti
diendahkan,diindahkan
diingatin,diingatkan
diingatkn,diingatkan
diingini,diinginkan
diinjek,diinjak
diijinkan,diizinkan
dijagain,dijaga
dijaj,dijajah
dijalanin,dijalani
dijualin,dijual
dikobul,dikabul
dikacangin,dikacangi
dikadalin,dikadali
dikasi,dikasih
dikasianin,dikasihani
dianjingin,dikatai anjing
dikawalselia,dikawal selia
dikeluarin,dikeluarkan
dibalikin,dikembalikan
dikembalikannyaã¢,dikembalikannya
diketekin,diketeki
dikuatirkan,dikhawatirkan
dihianati,dikhianati
dikususkan,dikhususkan
dikibulin,dikibuli
dikipasin,dikipasi
diclaim,diklaim
dicodein,dikode
diconfirm,dikonfirmasi
dikuliahin,dikuliahi
dilabelin,dilabeli
dibriefing,dipengarahan
depermasalahkan,dipermasalahkan
dbdshow,dirtbag dan show
digundrung,dirundung
deskriminasi,diskriminasi
didownload,diunduh
daiping,diving
devisi,divisi
dfact,fact
dich,ih
dih,ih
dadio,jadilah
dancok,jancuk
diiah,jiah
cool,keren
construction,konstruksi
contactnya,kontaknya
croatia,kroasia
cuwat,kuat
deui,lagi
delok,lihat
confusius,membingungkan
countrynya,negaranya
cunihin,penggoda
dawuh,perintah
cyg,sayang
dewek,sendiri
cz,soalnya
contekan,sontekan
demennya,sukanya
cumpah,sumpah
dholim,zalim
dholimi,zalimi
duch,aduh
edvan,advance
ekeu,aku
djan,bermain disc jockey
ebong,cebong
ebonk,cebong
ebonger,cebonger
dki,daerah khusus ibukota
dmai,damai
dkk,dan kawan kawan
dll,dan lain lain
dlsb,dan lain sebagainya
dsbnya,dan sebagainya
dstnya,dan seterusnya
dpat,dapat
dpatkan,dapatkan
drp,daripada
drprd,daripada
dpp,dasar pengenaan pajak
dsrnya,dasarnya
dtr,datar
dtik,detik
dkm,dewan kemakmuran masjid
dmi,dewan masjid indonesia
dpd,dewan perwakilan daerah
dpr,dewan perwakilan rakyat
dpc,dewan pimpinan cabang
dkuburan,di kuburan
dilock,di kunci
dilaut,di laut
diprotect,di lindungi
dilokalisasi,di lokalisasi
diluar,di luar
dimall,di mal
dimalaysia,di malaysia
dimasa,di masa
dimasyarakat,di masyarakat
dimedan,di medan
disosmed,di media sosial
dimeki,di memek
dimonas,di monas
dimuka,di muka
dinegara,di negara
dinegeri,di negeri
diorang,di orang
diorganisasi,di organisasi
diormas,di organisasi masyarakat
dipagi,di pagi
dipantat,di pantat
dipenjara,di penjara
dipenjaranya,di penjaranya
diperkampungan,di perkampungan
diradio,di radio
direzim,di rezim
dirohingnya,di rohingya
dirumah,di rumah
disa,di saat
disaat,di saat
disana,di sana
disono,di sana
disebelah,di sebelah
disebuah,di sebuah
disekte,di sekte
disemua,di semua
disepakbola,di sepak bola
disimpang,di simpang
disini,di sini
disiniã°,di sini
disinii,di sini
disisa,di sisa
disisi,di sisi
disitu,di situ
disolo,di solo
distudio,di studio
disuatu,di suatu
disukmaku,di sukmaku
ditahun,di tahun
dtahun,di tahun
ditanah,di tanah
ditnh,di tanah
ditanda,di tanda
ditangang,di tangan
ditelaga,di telaga
ditvn,di televisi nasional
dtgah,di tengah
ditepi,di tepi
diwilayah,di wilayah
dipasihan,diberi
dipacking,dibungkus
disepongin,diciumi
dyk,did you know
dirasisin,diejek
dimaui,diinginkan
dkasih,dikasih
ditaktor,diktator
dilakuin,dilakukan
dlkukan,dilakukan
dilakuinnya,dilakukannya
dylan,dilan
dilanti,dilantik
dilaporin,dilaporkan
dilanrang,dilarang
dilar,dilarang
dilati,dilatih
dilayan,dilayani
dilayanin,dilayani
dilepasin,dilepaskan
diskip,dilewati
diliatin,dilihat
dilupain,dilupakan
dimain,dimainkan
dimaini,dimainkan
dimainin,dimainkan
dimaklumin,dimaklumkan
dimampusin,dimampuskan
dimanfaatin,dimanfaatkan
dimanjain,dimanjakan
dimarahinn,dimarahi
dimarain,dimarahi
dimasukkin,dimasuki
dingertiin,dimengerti
dimintain,dimintai
dilepeh,dimuntahkan
dinamani,dinamai
dinantikanã¢,dinantikan
dinihari,dini hari
dinyinyirin,dinyinyiri
diubati,diobati
diomongin,diomongi
dipakenya,dipakainya
dipamerin,dipameri
diparkirin,diparkirkan
dipasangan,dipasangkan
dipasangin,dipasangkan
diphk,dipecat
dipeluhara,dipelihara
dipiara,dipelihara
dipilpres,dipemilihan presiden
dpenuhi,dipenuhi
dipaelokan,diperbaiki
dpercaya,dipercaya
dipercayain,dipercayai
diperhatiin,diperhatikan
diperhatika,diperhatikan
dperhatikan,diperhatikan
diperingatin,diperingatkan
dwelling,diperingatkan
diprakirakan,diperkirakan
diperlakuin,diperlakukan
dimasalahkan,dipermasalahkan
dipersilahkan,dipersilakan
diperasulit,dipersulit
dprtmbngk,dipertimbangkan
dpkir,dipikir
dipilihã¢â dprd,dipilih aja daripada
dipimpinulama,dipimpin ulama
dipindahin,dipindahkan
diplomasipublik,diplomasi publik
diporakporandakan,diporakporandakan
diprovo,diprovokasi
dipukulin,dipukuli
dipulangin,dipulangkan
diputer,diputar
diracuni,diracun
direjam,dirajam
direcokin,direcoki
dm,direct message
dmcin,direct message sis
dirakamkan,direkamkan
ditjen,direktorat jenderal
djp,direktorat jenderal pajak
dirjen,direktur jenderal
dirut,direktur utama
diremes,diremas
direncanain,direncanakan
diritwit,diretweet
dirp,diri
diributin,diributkan
drmu,dirimu
diringkes,diringkas
dirmanida,dirman ida
dsnajib,dis najib
disalty,disabilitas
disadarin,disadarkan
disah,disahkan
disakitin,disakiti
disalh,disalah
disalahin,disalahkan
disholatin,disalati
disam,disama
disamain,disamakan
dismain,disamakan
disatuin,disatukan
dj,disc jockey
disebarin,disebarkan
dishare,disebarkan
disebutin,disebutkan
disekolahin,disekolahkan
dselidiki,diselidiki
diumpetin,disembunyikan
dimute,disenyapkan
disenyumin,disenyumi
disruduk,diseruduk
dstiap,disetiap
disiapin,disiapkan
disinisin,disinisi
disipitin,disipitkan
disiramin,disirami
diskrening,diskrining
dis,diskualifikasi
diskusikde,diskusi
disodorin,disodorkan
diplay,display
dilike,disukai
disukain,disukai
dsusul,disusul
ditabayunin,ditabayuni
ditampol,ditabok
ditanggapin,ditanggapi
ditanggepi,ditanggapi
ditanggepin,ditanggapi
ditangkapin,ditangkap
ditangkp,ditangkap
ditaroin,ditaruhkan
ditawarin,ditawari
ditegor,ditegur
ditelpon,ditelepon
ditempatin,ditempatkan
ditemuin,ditemukan
ditenggelamin,ditenggelamkan
diterapin,diterapkan
diterapkanã¢,diterapkan
diteriakin,diteriaki
dterima,diterima
dtrma,diterima
ditetapkn,ditetapkan
ditidurin,ditiduri
ditinggalin,ditinggalkan
diupgrade,ditingkatkan
ditolerir,ditoleransi
dtuduh,dituduh
dtukarkn,ditukarkan
ditungguin,ditunggu
dirubah,diubah
dirubh,diubah
drobah,diubah
diushakan,diusahakan
diusilin,diusili
diutarain,diutarakan
diwajibin,diwajibkan
dwaspadai,diwaspadai
djarotcalonnapi,djarot calon narapidana
djarotsiharmenang,djarot sihar menang
dnnya,dnanya
dinungo,doa
doesn,does not
dog,dog
dorg,dog
dogfighting,dog fighting
doiã°,doi
doido,doi
dra,doktoranda
drs,doktorandes
dollar,dolar
dool,doll
donal,donald
donkz,dong
dunn,dong
dongo,dongok
dongokk,dongok
dongoo,dongok
dongook,dongok
dongoin,dongokkan
donii,doni
donordarah,donor darah
doronguntuk,dorong untuk
dosadosa,dosa dosa
doublefuck,double fuck
doer,dower
drakor,drama korea
drifit,dri fit
duaã¢,dua
dudukin,duduki
dkung,dukung
dukuung,dukung
dluu,dulu
dolo,dulu
duluin,dulukan
dlulah,dululah
dumxcamping,dum camping
dumbception,dumb ception
dunguã¢,dungu
dunyo,dunia
dumay,dunia maya
dunningkrugereffect,dunning kruger effect
dustakaan,dustakan
dubes,duta besar
eaa,eak
eaak,eak
eaakk,eak
eeaa,eak
ehak,eak
ecehh,ececeh
edann,edan
eds,edisi
edotensei,edo tensei
efec,efek
efekbacaberita,efek baca berita
effektif,efektif
egoism,egoisme
eeh,eh
eanjink,eh anjing
eastaga,eh astaga
egataunye,eh enggak taunya
eemelawan,eh melawan
eifell,eiffel
eittss,eits
ekjayati,ekajati
economic,ekonomi
economics,ekonomi
economy,ekonomi
ekonomiã¢,ekonomi
egp,emang gue pikir
dunno,enggak tau
eheh,hehe
ehehe,hehe
eheheh,hehe
ehhe,hehe
eehm,hem
ehem,hem
eeyeww,iyuh
djiaa,jiah
djoss,keren
ebih,lebih
dimples,lesung pipi
eii,oi
editing,pengeditan
dklovers,penggemar dk
disbitch,perek
dlongap,plonga
dlongop,plongo
drivernya,sopirnya
ee,tai
eek,tai
eeq,tai
download,unduh
dzalim,zalim
dzholimnya,zalimnya
dzat,zat
dzikir,zikir
eventnya,acaranya
elah,alah
elaj,alah
enjing,anjing
geni,api
eyo,ayo
gemana,bagaimana
gima,bagaimana
gimame,bagaimana
gmni,bagaimana nih
gimanasi,bagaimana sih
gmnsi,bagaimana sih
ginich,begini
ginilah,beginilah
getoo,begitu
gtuan,begituan
gsnya,bintang tamunya
foong,bohong
form,borang
formnya,borangnya
fakuy,cihui
getih,darah
erau,derau
ekonomiri,ekonomi
ekosistim,ekosistem
exis,eksis
exist,eksis
eksklusifitas,eksklusivitas
exodus,eksodus
exorcism,eksorsisme
exorcist,eksorsisme
exotic,eksotik
expansi,ekspansi
expat,ekspat
ekspresiny,ekspresinya
expresinya,ekspresinya
extra,ekstra
extravaganzabanyumas,ekstra vaganza banyumas
extrac,ekstrak
ekstrim,ekstrem
ekstrimis,ekstremis
extrimis,ekstremis
ekstrimisme,ekstremisme
extrovert,ekstrover
emtek,elang mahkota teknologi
eletabilitas,elektabilitas
elektabilitaanya,elektabilitasnya
elshintaituakurat,elshinta itu akurat
elusin,elusi
emabel,embel
embelã¢â²,embel embelnya
emotion,emosi
esmosi,emosi
empathy,empati
emutin,emutkan
ena,ena
enaenain,ena ena
enaak,enak
engcer,encer
emggak,enggak
enga,enggak
gakan,enggak akan
gppalah,enggak apalah
gabakalan,enggak bakalan
gabener,enggak benar
gabenernya,enggak benarnya
gaiza,enggak bisa
gbisa,enggak bisa
gabole,enggak boleh
gacuma,enggak cuma
gadeng,enggak deng
gakdeng,enggak deng
gaabis,enggak habis
gakhabispikir,enggak habis pikir
geje,enggak jelas
gajedot,enggak jelas ngentot
gajetot,enggak jelas ngentot
gakelamaan,enggak kelamaan
gakliatan,enggak kelihatan
gakerasa,enggak kerasa
gamalu,enggak malu
gakmau,enggak mau
gkmau,enggak mau
gmw,enggak mau
gangerti,enggak mengerti
gamungkin,enggak mungkin
gapaham,enggak paham
gapeka,enggak peka
gakpernah,enggak pernah
gasadar,enggak sadar
gaksi,enggak sih
gaksie,enggak sih
gasi,enggak sih
gasii,enggak sih
gaush,enggak usah
gosah,enggak usah
gakl,enggaklah
gakla,enggaklah
eps,episode
endorgan,erdogan
esdegan,es degan
euyy,euy
eventho,event
eo,event organizer
exocomingsoon,exo coming soon
exomedals,exo medals
exoplanet,exo planet
exiting,exsisting
facupfinal,fa cup final
facrbook,facebook
fesbuk,facebook
fadly,fadli
fadlizon,fadli zon
fadlizone,fadli zon
fahmu,fahmi
fahrisetan,fahri setan
fait,faith
faithã¢,faith
facta,fakta
faktafreeport,fakta freeport
faktany,faktanya
fkm,fakultas kesehatan masyarakat
fala,fals
family,famili
ff,fan fiction
fanfic,fan fiction
ffgenpi,fan fiction genpi
fftv,fan film televisi
fp,fan page
fansbase,fanbase
fansboy,fanboy
fansnya,fannya
fantasiin,fantasikan
fantastic,fantastis
fantastik,fantastis
fanyaclarisha,fanya ckarisha
farhatabbaslaw,farhat abbas law
faridz,fariz
fasiq,fasik
fathonah,fatanah
fatwasahur,fatwa sahur
fauziah,fauziyah
favourite,favorit
favourites,favorit
fmi,federasi mountaineering indonesia
feell,feel
ferdinand,ferdinan
fie,fi
fiykum,fiikum
filem,film
flim,film
filmmalam,film malam
ftv,film televisi
flimnya,filmnya
filaafat,filsafat
finallyy,finally
findinghyukjae,finding hyukjae
fizik,fisik
fitn,fit
fitneh,fitnah
fiks,fix
falshback,flashback
focus,fokus
folky,folk
fyi,for your information
fkl,forum konservasi leuser
fpk,forum pembauran kebangsaan
ftho,foto
fotomemek,foto memek
fotosyut,foto shoot
fourtwnty,four twenty
freepalestine,free palestine
freethinker,free thinker
freemasonry,freemason
feeport,freeport
freefort,freeport
freepor,freeport
frefoort,freeport
freport,freeport
frepot,freeport
frezzer,freezer
fwb,friends with benefit
fpi,front pembela islam
fpie,front pembela islam
fak,fuck
fck,fuck
fckk,fuck
fcx,fuck
fucc,fuck
fuckry,fuck
fuckyou,fuck you
faker,fucker
fuggin,fucking
fullbody,full body
fushilat,fussilat
futcal,futsal
fuyyoo,fuyooo
gbung,gabung
gegadis,gadis
gadu,gaduh
gaduhkarenaahok,gaduh karena ahok
gagahin,gagahi
galfok,gagal fokus
gamon,gagal move on
gamonin,gagal move on
gagalpaham,gagal paham
gaptek,gagap teknologi
gagasancakimin,gagasan cak imin
goib,gaib
gairqh,gairah
gajihnya,gajinya
galapremiere,gala premiere
gambaq,gambar
gandoskui,gandos itu
ganjaryasin,ganjar yasin
ganjaryasinmenang,ganjar yasin menang
gantengs,ganteng
gantianyar,ganti baru
gantipreisden,ganti presiden
gantipresi,ganti presiden
gantipreside,ganti presiden
gantipresiden,ganti presiden
gantipresidenyuk,ganti presiden yuk
gapleh,gaple
garagara,gara gara
gegara,gara gara
gaass,gas
gass,gas
ges,gas
getel,gatel
guwatel,gatel
gatse,gates
gatsu,gatot subroto
gaungin,gaungkan
gawatt,gawat
gayfitness,gay fitness
gayasia,gay asia
gaybandung,gay bandung
gaybear,gay bear
gaybrondong,gay berondong
gaybottom,gay bottom
gayboy,gay boy
gaychaser,gay chaser
gaycirebon,gay cirebon
gayindo,gay indonesia
gayindonesia,gay indonesia
gayjakarta,gay jakarta
gaylokal,gay lokal
gaysex,gay sex
gaytangger,gay tangger
gaytop,gay top
gayvid,gay video
gayvideo,gay video
gayjogja,gay yogyakarta
gayyogyakarta,gay yogyakarta
gaye,gaya
gayya,gaya
gazamassacre,gaza massacre
gazaunderattack,gaza under attack
gebukin,gebuk
gd,gede
gedein,gedekan
gelangkode,gelang kode
gelapin,gelapi
gelarã¢â seminar,gelar seminar
gelombangbiru,gelombang biru
gbk,gelora bung karno
gemasatukata,gema satu kata
gmz,gemas
gemesh,gemas
gombel,gembel
gemeter,gemetar
gempak,gempa
genepin,genapi
gencarã¢,gencar
genjat,gencat
gendero,genderuwo
genderowo,genderuwo
genpi,generasi pesona indonesia
gengen,geng
genk,geng
gentlemen,gentleman
geopolitk,geopolitik
graham,geraham
gc,gerak cepat
gercep,gerak cepat
gerakin,gerakan
gerakkn,gerakan
gafatar,gerakan fajar nusantara
gto,gerbang tol otomatis
geruduk,gerebek
gruduk,gerebek
geraja,gereja
greja,gereja
gki,gereja kristen indonesia
gkj,gereja kristen jawa
gkp,gereja kristen protestan
grepe,gereoe
gerindong,gerindra
grindr,gerindra
grindra,gerindra
gerombolam,gerombolan
grombolan,gerombolan
grombolanya,gerombolannya
grung,gerung
gesekin,gesekan
gihh,gih
gendheng,gila
gil,gila
gla,gila
giladong,gila dong
gilakan,gilakan
giting,ginting
giveup,give up
glam,glamor
globalã¢,global
globalmapper,global mapper
gps,global positioning system
goblik,go publik
gth,go to hell
gblg,goblok
gblk,goblok
goblo,goblok
goblokk,goblok
gobloo,goblok
gobs,goblok
goublog,goblok
guoblok,goblok
guoplok,goblok
goblogin,goblokan
goblokin,goblokan
gblknya,gobloknya
guobloge,gobloknya
goodbener,good benar
goodluck,good luck
geogle,google
gogle,google
gugel,google
goren,goreng
goregan,gorengan
grameds,gramedia
gta,grand theft auto
greatreturnmarch,great return march
greentea,green tea
greenteaa,green tea
grundr,grindr
gronbrekeng,groundbreaking
growlr,growl
grooup,grup
group,grup
groupnya,grupnya
goa,gua
gubenue,gubernur
gubernurã¢,gubernur
gubernurzamannow,gubernur zaman now
gubraak,gubrak
eug,gue
guak,gue
guhe,gue
guwa,gue
gwa,gue
gwelah,guelah
gulingin,gulingkan
gunain,gunakan
gunaannya,gunanya
gungg,gunung
gunungsitoli,gunung sitoli
guss,gus
gusdur,gus dur
gusipu,gus ipul
gusmus,gus mus
gustii,gusti
gustibangkalan,gusti bangkalan
gustitopmarkotob,gusti top markotop
gaes,guys
gaesã°,guys
gaess,guys
gaiis,guys
gengss,guys
haa,ha
haahaha,haha
err,hem
fuh,huh
fuhh,huh
fui,huh
fuih,huh
eomma,ibu
eslam,islam
eyup,iya
elekku,jelekku
geleh,jijik
gan,juragan
eonni,kakak
eonnie,kakak
glojotan,kelojotan
encan,kencan
eramas,keramas
eruh,keruh
esan,kesan
evillaugh,ketawa jahat
elloo,lu
eloe,lu
eluh,lu
elunya,lunya
emaka,mak
emakemak,mak mak
emyu,manchester united
gelem,mau
geleme,maunya
emange,memangnya
emgnya,memangnya
gaweni,membuat
engaku,mengaku
elakkan,mengelakkan
gilani,menggilakan
following,mengikuti
gomong,mengomong
gmgnya,mengomongnya
endasmu,ndasmu
gapain,ngapain
enthu,ngentot
entotanya,ngentotannya
eue,ngewe
ew,ngewe
ewe,ngewe
ewean,ngewe
ewek,ngewe
ewi,ngewe
eww,ngewe
eyy,oi
fahum,paham
fahami,pahami
falsu,palsu
fantas,pantas
fantasan,pantas saja
fekaes,partai keadilan sejahtera
gawean,pekerjaan
gaweanne,pekerjaannya
gaweannya,pekerjaannya
fahaman,pemahaman
emprop,pemerintah provinsi
engap,pengap
fllwr,pengikut
folower,pengikut
followerswajibtahu,pengikut wajib tahu
followermu,pengikutmu
figura,pigura
fihak,pihak
fikirin,pikirkan
fikirkan,pikirkan
finta,pinta
fifis,pipis
fulang,pulang
esde,sekolah dasar
geus,sudah
etapi,tapi
endog,telur
goollnya,tujuannya
ekwkwkw,wkwk
haddeehh,aduh
hadeeh,aduh
hadehh,aduh
hadekh,aduh
hadeuhh,aduh
hadeuuhh,aduh
hadoii,aduh
haduhh,aduh
hduh,aduh
hailah,alah
halaah,alah
halagh,alah
halah,alah
heleh,alah
hilih,alah
hanjing,anjing
hanjer,anjir
hapa,apa
hayok,ayo
hayoo,ayo
hayu,ayo
hayukakertajati,ayo ke kertajati
hedon,boros
haetda,buset dah
heula,cepat
image,citra
imej,citra
imagenya,citranya
ianya,dianya
huf,duh
huft,duh
huuft,duh
inkulturasim,enkulturasi
inkulturisasi,enkulturasi
idk,gue gak tau
hah,ha
habes,habis
habi,habis
habiiss,habis
habisin,habiskan
hekell,hacker
hdapan,hadapan
hdi,hadi
hadials,hadiah
hadist,hadis
hadith,hadis
hadits,hadis
haditsnya,hadisnya
hafidz,hafiz
hafizh,hafiz
hahaa,haha
hahaahhaha,haha
hahah,haha
hahahaa,haha
hahahaahah,haha
hahahah,haha
hahahaha,haha
hahahahaa,haha
hahahahah,haha
hahahahahaa,haha
hahahahahaahabababba,haha
hahahahahaahahha,haha
hahahahahah,haha
hahahahahaha,haha
hahahahahahah,haha
hahahahahahahaha,haha
hahahahahha,haha
hahahahhaa,haha
hahahahhahaa,haha
hahahha,haha
hahahhaha,haha
hahahhahaha,haha
hahahhahahhahahaha,haha
hahajaaha,haha
hahh,haha
hahha,haha
hahhaa,haha
hahhaha,haha
hahhahah,haha
hahhahahaha,haha
hajsjjssjhs,haha
hauahahaha,haha
hhaa,haha
hjshshshhshh,haha
hshshshjsjs,haha
huahahaha,haha
huahuahua,haha
hubahahaha,haha
huhahahhahahaa,haha
haei,hai
haii,hai
hei,hai
hii,hai
haih,haiz
haihh,haiz
haizz,haiz
hishh,haiz
hx,haiz
haqiqi,hakiki
hqq,hakiki
halalã¢,halal
halamanya,halamannya
halaqoh,halaqah
halny,halnya
hello,halo
hellow,halo
heloo,halo
hloo,halo
hampyr,hampir
hangeng,han geng
hambok,hanbok
hancurkanpartaisetan,hancurkan partai setan
hp,handphone
henponku,handphoneku
hapenya,handphonenya
hpnya,handphonenya
hantayudha,hanta yudha
hanyo,hanya
heppy,happy
happyireneday,happy irene day
haqul,haqqul
harakahislamiyah,harakah islamiyah
haramin,haramkan
hrp,harap
hardcover,hard cover
harkis,hardcase
harg,harga
hargain,hargai
hrgai,hargai
hariã¢â ini,hari ini
harinini,hari ini
harinibpuasa,hari ini puasa
harikartini,hari kartini
hut,hari ulang tahun
harinua,harinya
haruss,harus
hassan,hasan
hasana,hasanah
hasanuddin,hasanudin
hasilkerjanya,hasil kerjanya
haselhoff,hasselhoff
hatespeech,hate speech
hatters,hater
htrz,hater
hausminiquiz,haus mini quiz
hauzminiquiz,haus mini quiz
hauzid,hazid
hee,he
heh,he
hey,he
heechul,he decul
hwhw,he he
henset,headset
hetset,headset
hgg,hearthstone global games
heba,hebat
hebatkannegaraku,hebat negaraku
hebohin,hebohkan
hehe,hehe
hehee,hehe
heheehe,hehe
heheh,hehe
hehehe,hehe
heheheh,hehe
hehehehe,hehe
hehehehehe,hehe
heli,helikopter
hilikopternya,helikopternya
helps,help
hemm,hem
hh,hem
hhmm,hem
hm,hem
hmmz,hem
hoam,hem
hendropriyono,hendro priyono
herjosout,herjos out
hebahan,hibahan
irungna,hidungnya
hiduprakyat,hidup rakyat
hdpku,hidupku
idupku,hidupku
hdupmu,hidupmu
hd,high definition
hightop,high top
hihi,hihi
hihihi,hihi
hihihihi,hihi
hihihihihi,hihi
hihihihihihi,hihi
hejaz,hijaz
ilangnye,hilangnya
hmi,himpunan mahasiswa islam
hin,hina
hindhu,hindu
hirukpikuk,hiruk pikuk
history,histori
hits,hit
hitle,hitler
hoax,hoaks
hoaxs,hoaks
hoaz,hoaks
hobby,hobi
holiwud,hollywood
homme,home
homok,homo
holiganisme,hooliganisme
horee,hore
horror,horor
huu,hu
hbungannya,hubungannya
huchu,hucu
huekekekek,hue
huhh,huh
heuheuheu,huhu
huhu,huhu
huhuhu,huhu
huhuhuhu,huhu
huhuu,huhu
hukm,hukum
hukim,hukum
hkmnya,hukumnya
homan,human
hrd,human resources departement
homor,humor
huruhara,huru hara
hurup,huruf
hrufny,hurufnya
huss,hus
husnuzon,husnuzan
http,hypertext transfer protocol
hyunk,hyung
icanxlove,i can love
ibukota,ibu kota
ibulagi,ibu lagi
idea,ide
idolbyopera,idol by opera
idolku,idolaku
idolnya,idolanya
ied,idulfitri
hih,ih
ich,ih
ieu,ih
ii,ih
ish,ih
ijasah,ijazah
ikeafurniture,ikea furniture
ihklas,ikhlas
ikhlass,ikhlas
iklanahokjahat,iklan ahok jahat
ikuta,ikutan
illah,ilah
ilfil,ilfeel
illias,ilias
ilmah,ilmiah
ipa,ilmu pengetahuan alam
ips,ilmu pengetahuan sosial
imagine,imajinasi
imejin,imajinasi
imaginenya,imajinasinya
imanijer,imajiner
imanx,imannya
ijp,imbal jasa penjaminan
imbasny,imbasnya
imigrn,imigran
imperialism,imperialisme
imporã¢,impor
imporr,impor
import,impor
importnya,impornya
impressions,impression
incm,income
inc,incorporate
incumben,incumbent
indahh,indah
indahnyakebe,indahnya kebersamaan
indek,indeks
index,indeks
ipk,indeks prestasi kumulatif
indiehome,indihome
indomartt,indomaret
indomiah,indomie
indonã¢,indon
indos,indon
indoneisia,indonesia
indones,indonesia
indonesi,indonesia
indonesiaa,indonesia
indonesiaã¢,indonesia
indonesiaan,indonesia
indonesiaã°,indonesia
indons,indonesia
indonsia,indonesia
indonesiaafrika,indonesia afrika
indonesiabisa,indonesia bisa
indochina,indonesia cina
indonesiadamai,indonesia damai
indonesiahebat,indonesia hebat
indonesiajuara,indonesia juara
indonesiakuasaifreep,indonesia kuasai freeport
ilc,indonesia lawyers club
indonesiaraya,indonesia raya
indonesiasatu,indonesia satu
indonya,indonesianya
iduk,induk
indust,industri
industi,industri
industry,industri
ikm,industri kecil menengah
inewsdebatkandidat,inews debat kandidat
inflas,inflasi
infobudaya,info budaya
infodesaku,info desaku
infografis,info grafis
infovalid,info valid
infotech,informasi teknologi
informasiunik,informasi unik
infrastru,infrastruktur
infrastruktor,infrastruktur
infrastrutur,infrastruktur
insfrasruktur,infrastruktur
ingg,ing
ingak,ingat
ingatt,ingat
ingetanku,ingatanku
ingatin,ingatkan
inggrid,inggris
ingris,inggris
ingriss,inggris
ingguk,inggu
inibaruindonesia,ini baru indonesia
inibaruwow,ini baru wow
inilh,inilah
ico,initial coinoffering
inosen,innocent
inqilabiah,inqilabi
insidentil,insidental
ir,insinyur
insom,insomnia
ipda,inspektur polisi dua
ig,instagram
instastory,instagram story
instant,instan
ikj,institut kesenian jakarta
inpres,instruksi presiden
instructor,instruktur
inshaa,insya
inshaalaah,insyaallah
inshaallah,insyaallah
inshallah,insyaallah
intelejen,intelijen
iq,intelligence quotient
intetnal,internal
internesyenel,international
internationalã¢,international
ibf,international badminton federation
imf,international monetary fund
initi,inti
intine,intinya
intinye,intinya
intshar,intizhar
inusgelo,inus gila
invansi,invasi
invest,investasi
ipadnews,ipad news
irrational,irasional
irrasionalitas,irasionalitas
isaach,isaac
isina,isinya
isine,isinya
isla,islam
islamindonesia,islam indonesia
islammoderat,islam moderat
islamnusantara,islam nusantara
isnus,islam nusantara
islamterkini,islam terkini
islmis,islamis
israã¢,israel
istanakepresidenan,istana kepresidenan
istlhnya,istilahnya
istrimewa,istimewa
istimroriah,istimroriyah
isiu,isu
issu,isu
issue,isu
isue,isu
isyu,isu
itã¢,it
itali,italia
hooh,iya
hook,iya
iah,iya
ikr,iya gue tau
ijin,izin
ijinin,izinkan
ijinkan,izinkan
israil,izrail
hongkok,jongkok
hasian,kasihan
hayalan,khayalan
hayalanmu,khayalanmu
hianat,khianat
hianati,khianati
ilatmu,lidahmu
iseh,masih
isih,masih
isengin,mengisengi
improv,meningkatkan
hoaalaah,oalah
ho,oh
hoo,oh
hooy,oi
horang,orang
holkay,orang kaya
incomenya,pemasukannya
hankam,pertahanan dan keamanan
inces,princess
hengget,ringgit
idr,rupiah
hayang,sayang
honestly,sejujurnya
hashtag,tagar
hatstag,tagar
hastagnya,tagarnya
haturnuhunjokowi,terima kasih jokowi
idak,tidak
hua,wah
hueww,wow
kapindiang,bangsat
kambek,comeback
katain,ejek
jentel,gentle
jahahaha,haha
jajahaahha,haha
kahkahkah,haha
kahkhakkah,haha
kajakajakajakaja,haha
kakakakakka,haha
itung,hitung
itunganya,hitungannya
izazah,ijazah
ite,informasi transaksi elektronik
itb,institut teknologi bandung
iti,institut teknologi indonesia
italy,italia
kae,itu
ituã¢,itu
iyess,iya
iyo,iya
iye,iya
iyamas,iya mas
iyain,iyakan
iyuuh,iyuh
iyuuhh,iyuh
iup,izin usaha pertambangan
jbatan,jabatan
jable,jablay
jeksen,jackson
jad,jadi
jadicuriga,jadi curiga
jadinyaa,jadinya
jag,jaga
jahanamm,jahanam
jahannam,jahanam
jahaatt,jahat
jaitan,jahitan
jekardah,jakarta
jeketi,jakarta
jakartabanjir,jakarta banjir
jiexpo,jakarta international expo
jakartakece,jakarta kece
jksel,jakarta selatan
jakut,jakarta utara
jpu,jaksa penuntut umum
jaln,jalan
jalanjalan,jalan jalan
jalanjalansiang,jalan jalan siang
jamkos,jam kosong
jaancuuk,jancuk
jancik,jancuk
jancok,jancuk
jiancok,jancuk
jancukers,jancuker
jande,janda
janga,jangan
jangn,jangan
jingan,jangan
jnhan,jangan
janganasem,jangan asem
jgnkorupsi,jangan korupsi
jgnkan,jangankan
jngnkan,jangankan
jangnlan,janganlah
jgnlah,janganlah
jngnlah,janganlah
jangkakan,jangkauan
janhkungan,jangkungan
janjinyaã¢,janjinya
jsntung,jantung
jaringann,jaringan
jasat,jasad
jatidiri,jati diri
jauuh,jauh
jowo,jawa
jawabarat,jawa barat
jabarjuara,jawa barat juara
jawapos,jawa pos
jateng,jawa tengah
jatengã¢,jawa tengah
jawatengah,jawa tengah
jatenggayeng,jawa tengah gayeng
jatengnya,jawa tengahnya
jatim,jawa timur
jawatimur,jawa timur
jatimsedulur,jawa timur bersaudara
jajirah,jazirah
jeezz,jazz
jbjbnya,jb jbnya
jeblosin,jebloskan
jebolin,jebolkan
johovah,jehovah
jls,jelas
jlas,jelas
jelasin,jelaskan
jele,jelek
jeles,jelus
jamangah,jemaah
jamaahnya,jemaahnya
jembatã¢,jembat
jembatanã¢,jembatan
jiamput,jembut
jimput,jemput
jemiran,jemuran
jengkoleun,jengkolan
jepitin,jepitkan
jes,jess
jfcolourday,jfc colour day
jahh,jiah
jha,jiah
jiaahh,jiah
jhiahaha,jiah haha
jiahahahh,jiah haha
jibriel,jibril
jijay,jijik
jijiq,jijik
jyjyk,jijik
jikaã¢,jika
jka,jika
jilet,jilat
jilmek,jilat memek
jilatin,jilati
jlatin,jilati
jilbob,jilboobs
jilboob,jilboobs
jliid,jilid
jeplak,jiplak
jdt,johor darul takzim
joinindonesia,join indonesia
joinjombang,join jombang
joinkalsel,join kalimatan selatan
joinri,join republik indonesia
jokodri,joko driyono
jokowers,jokower
jkowi,jokowi
jkw,jokowi
jkwi,jokowi
jokow,jokowi
jokowii,jokowi
jolowi,jokowi
jokahok,jokowi ahok
jokowibersamaulama,jokowi bersama ulama
jokowiblusukanpapua,jokowi blusukan papua
jokowicakimin,jokowi cak imin
jokowicintaulama,jokowi cinta ulama
jokowiduaperiode,jokowi dua periode
jokowiend,jokowi end
jokopret,jokowi kampret
jokodok,jokowi kodok
jokowok,jokowi kodok
jokowor,jokowi kodok
jokowikunkerj,jokowi kunjungan kerja
jokowiagain,jokowi lagi
jokowipuan,jokowi puan
jokowiradikal,jokowi radikal
jokowiaja,jokowi saja
jokowisayangipapua,jokowi sayangi papua
jokowisekalilagi,jokowi sekali lagi
jokowisemakinku,jokowi semakin kuat
jombangemerlap,jombang gemerlap
jomblo,jomlo
jonanjos,jonan jos
jorokin,jorokkan
jualforedijogja,jual foredi yogyakarta
jualab,jualan
jualin,jualkan
jug,juga
jugaã¢,juga
jugaaih,juga
juha,juga
jgdiimpor,juga diimpor
junjunan,jujungan
junjunanmu,jujunganmu
junjunannya,jujungannya
junjunganya,jujungannya
jurdil,jujur adil
jupe,julia perez
julukin,julukan
jumaat,jumat
jumatberkah,jumat berkah
juml,jumlah
jumplitan,jumpalitan
jamping,jumping
june,juni
jr,junior
jubli,juru beli
jubir,juru bicara
juruselamat,juru selamat
juruslamat,juru selamat
justkidding,just kidding
juve,juventus
kabarin,kabari
kbinet,kabinet
kab,kabupaten
kabor,kabur
kabuurr,kabur
kbur,kabur
kacamat,kacamata
kacaoo,kacau
kacauã°,kacau
kachung,kacung
kdnk,kadang
kadangkadang,kadang kadang
kafeer,kafir
kafr,kafir
kapirin,kafirin
kafirin,kafirkan
kapirun,kafirun
kagetgw,kaget gue
kaisoofact,kaisoo fact
kaitanny,kaitannya
kajakk,kajak
kating,kakak tingkat
kalao,kalau
kalaupribumi,kalau pribumi
kalopun,kalaupun
kalemm,kalem
kalean,kalian
kalyaann,kalian
kalbar,kalimantan barat
kalteng,kalimantan tengah
kaltim,kalimantan timur
kambiang,kambing
kambink,kambing
kamibersamapanglima,kami bersama panglima
kamibersamaulama,kami bersama ulama
kamiganjaryasin,kami ganjar yasin
kampnye,kampanye
kampanyeahokjahat,kampanye ahok jahat
kamoanyeberadap,kampanye beradab
kampanyein,kampanyekan
kamfret,kampret
kamfrett,kampret
kampet,kampret
kampreet,kampret
kampretos,kampret
kamprett,kampret
kampretzz,kampret
kamprey,kampret
kamvret,kampret
kampreters,kampreter
kampay,kampung payah
katrok,kampungan
kamutu,kamu itu
kajus,kamus
kant,kan
kantaibanget,kan tai banget
kaanal,kanal
kandaq,kandang
kandidatbicara,kandidat bicara
kantoikanã¢,kantoikan
kapalkemanusiaan,kapal kemanusiaan
karomah,karamah
karana,karena
karenaa,karena
karusn,karuan
kariawan,karyawan
kary,karyawan
kasib,kasih
kasoh,kasih
kasihtau,kasih tau
kasis,kasus
katakita,kata kita
katamereka,kata mereka
katawarganet,kata warganet
katanye,katanya
katerdral,katedral
katholik,katolik
kaau,kau
kao,kau
kauu,kau
kaw,kau
kaulemparkan,kau lemparkan
kaulahh,kaulah
kaun,kaum
kaplingan,kaveling
kawalpetani,kawal petani
kawasn,kawasan
kawen,kawin
kahwinkanlah,kawinkanlah
kayah,kaya
kaye,kaya
kayk,kayak
kayanua,kayaknya
kearab,ke arab
kearah,ke arah
keatas,ke atas
kebawah,ke bawah
kebulan,ke bulan
kechina,ke cina
kedalam,ke dalam
kedalem,ke dalam
kedepan,ke depan
keadilantanah,keadilan tanah
kantip,keamanan dan ketertiban
kebahagian,kebahagiaan
kebangeten,kebangetan
kebangaan,kebanggaan
kakean,kebanyakan
kalobaan,kebanyakan
kbanyakan,kebanyakan
kbnyakan,kebanyakan
keakehan,kebanyakan
kebany,kebanyakan
kebanyakkan,kebanyakan
kebanyakn,kebanyakan
kebnyakan,kebanyakan
kebnykkan,kebanyakan
kebbsan,kebebasan
kebeler,kebelet
kberdaan,keberadaan
kberagamn,keberagaman
kebeehasilan,keberhasilan
kbrkhn,keberkahan
kebinekaan,kebhinekaan
kebijakam,kebijakan
kebusukab,kebusukan
kec,kecamatan
kecmatan,kecamatan
kecapean,kecapaian
keceh,kece
kecebobg,kecebong
kecepat,kecepatan
kecink,kecing
kedaikopi,kedai kopi
kedsmaian,kedamaian
kdepan,kedepan
kederr,keder
kdri,kediri
kedongoan,kedunguan
kedubes,kedutaan besar
kakiatan,kekuatan
kalak,kelak
kadis,kepala dinas
kapolda,kepala kepolisian daerah
kapolres,kepala kepolisian resor
kapolsek,kepala kepolisian sektor
kanit,kepala unit
katulistiwa,khatulistiwa
jelekkan,menjelekkan
jelekkin,menjelekkan
jalok,minta
jenenge,namanya
jelema,orang
jelemana,orangnya
jpollin,pollin
jpolling,polling
kabehh,semua
kabehsedulur,semua bersaudara
kabehmakmur,semua makmur
kecekik,tercekik
keciduk,terciduk
kecyduk,terciduk
kebacut,terlanjur
jebole,ternyata
jebule,ternyata
karepmu,terserah kamu
kaop,tidak kuat
kawe,tiruan
kangge,untuk
kanggo,untuk
jahudi,yahudi
jesus,yesus
jogja,yoyakarta
jogya,yoyakarta
judisial,yudisial
jolim,zalim
jaaman,zaman
jmn,zaman
jamannya,zamannya
jamannyahuta,zamannya huta
jombi,zombi
kemon,ayo
kikituan,begituan
kroak,berlubang
konfyus,bingung
kemping,camping
kolej,college
kitchen,dapur
krungu,dengar
koplok,goblok
khanazah,hasanah
kost,indekos
kepoo,ingin tau
kojowi,jokowi
kofar,kafir
klah,kalah
klao,kalau
klaw,kalau
klou,kalau
klopun,kalaupun
klm,kalem
kelees,kali
kleaan,kalian
klean,kalian
kopanye,kampanye
kpok,kapok
kerakter,karakter
kerdus,kardus
kerena,karena
krnnya,karenanya
kharismatik,karismatik
kis,kartu indonesia sehat
kps,kartu perlindungan sosial
kshan,kasihan
ketebelece,katebelece
khatolik,katolik
kewong,kawin
koyoke,kayaknya
kehati,ke hati
kekandang,ke kandang
kekebun,ke kebun
kekiri,ke kiri
kmall,ke mal
kerana,ke ranah
kerumah,ke rumah
kesekolah,ke sekolah
ketangan,ke tangan
ketempat,ke tempat
ketepi,ke tepi
ketepu,ke tepi
ketulang,ke tulang
keproannya,keahliannya
kepelbagaian,keberbagaian
keperpihakan,keberpihakan
korsa,kebersamaan
kobobrokan,kebobrokan
keidri,kediri
kegaduan,kegaduhan
kegoblokkan,kegoblokan
khbisan,kehabisan
kehi,kehidupan
kehid,kehidupan
kelangan,kehilangan
kepengenan,keinginan
kjadian,kejadian
kjdian,kejadian
kejagung,kejaksaan agung
kejawe,kejawen
kesalannya,kekesalannya
kekutan,kekuatan
kelakukan,kelakuan
kelansungan,kelangsungan
klantung,kelantung
kelass,kelas
klentit,kelentit
keliat,kelihat
kliru,keliru
kelojotan,kelojotan
klojota,kelojotan
klonjotan,kelojotan
kelolah,kelola
keloman,kelomang
klompok,kelompok
klontang,kelontang
klwr,keluar
keluagara,keluarga
keluargamelanesia,keluarga melayu
krluarganya,keluarganya
kluarin,keluarkan
kemanusian,kemanusiaan
kemarinn,kemarin
kemarkn,kemarin
kemarwn,kemarin
kemashlahatan,kemaslahatan
kembalika,kembalikan
kembalikanmediaislam,kembalikan media islam
kmbng,kembang
kemen,kementerian
kementrian,kementerian
kemagama,kementerian agama
kemenag,kementerian agama
kemenagama,kementerian agama
kemendagri,kementerian dalam negeri
kemenkeu,kementerian keuangan
kemlu,kementerian luar negeri
kemendes,kementerian pedesaan
kemendag,kementerian perdagangan
kemenko,kementerian perekonomian
kmnko,kementerian perekonomian
kementan,kementerian pertahanan
kempotin,kempisin
kemudahaan,kemudahan
kemuliaanharijumat,kemuliaan hari jumat
kemunafikanya,kemunafikannya
kemunaqikannya,kemunafikannya
kemuncylannya,kemunculannya
keuna,kena
knal,kenal
kenapaah,kenapa
kiapa,kenapa
knape,kenapa
kenapasi,kenapa sih
knpsih,kenapa sih
kencink,kencing
kndari,kendari
kfc,kentaki fried chicken
kentel,kental
kenthir,kentir
kenyataannya,kenyataanya
kepseknya,kepala sekolahnya
kepentinga,kepentingan
kpntngn,kepentingan
kepri,kepulauan riau
kepungistana,kepung istana
kputusan,keputusan
keppres,keputusan presiden
kepres,keputusan presiden
krt,kereta
krl,kereta listrik
kringat,keringat
kripik,keripik
krj,kerja
kerjasama,kerja sama
kerjaanya,kerjaannya
kerbet,kernet
kropos,keropos
kerukunanumat,kerukunan umat
krumitan,kerumitan
kseel,kesal
ksalahan,kesalahan
ksana,kesana
kesihatan,kesehatan
kesehatanikan,kesehatan ikan
kesejahteraanã¢,kesejahteraan
kesusksesan,kesuksesan
kesusastraan,kesusasteraan
ketaqwaan,ketakwaan
ketengangan,ketegangan
ketemune,ketemunya
keteribata,keterlibatan
ketibggalan,ketinggalan
ketinggaln,ketinggalan
ketum,ketua umum
keturnan,keturunan
kewangan,keuangan
kewajipan,kewajiban
kedzholiman,kezaliman
khairuljamain,khairul jamain
kholik,khalik
khatab,khattab
khawatirin,khawatirkan
kilafah,khilafah
khilafahajaranislam,khilafah ajaran islam
khattan,khitan
khofif,khofifah
kofifah,khofifah
khofifahparawansa,khofifah parawansa
khutbah,khotbah
khutbahnya,khotbahnya
khulafur,khulafaur
khsus,khusus
khusskn,khususkan
kiyayi,kiai
kibulin,kibuli
kifayahã¢,kifayah
kimakk,kimak
kimjiy,kimcil
kincil,kimcil
kimor,kimia organik
kenerja,kinerja
kiraa,kira
kirimn,kiriman
kitaagamakasih,kita agama kasih
kitamestimenang,kita harus menang
kitahasanah,kita hasanah
kitajokowi,kita jokowi
kitaã¢â²,kita kita
kitakita,kita kita
kitaok,kita oke
kiteorg,kita orang
kelan,klan
klariikasi,klarifikasi
klikrmol,klik rmol
klit,klitoris
klitnya,klitorisnya
kleb,klub
kih,koalisi indonesia hebat
kmp,koalisi merah putih
koplaks,kocak
kodat,kodrat
kobisa,kok bisa
komanis,kok manis
komau,kok mau
klesi,koleksi
kolektiv,kolektif
kodim,komando distrik militer
koramil,komando rayon militer
korem,komando resor militer
komment,komen
komemtar,komentar
komnas,komisi nasional
kpk,komisi pemberantasan korupsi
kpu,komisi pemelihan umum
kpi,komisi penyiaran indonesia
kji,kompetisi jembatan indonesia
komplen,komplain
kompliy,komplit
klompotan,komplotan
komporin,kompori
komunies,komunis
kondisiã¢,kondisi
kondoms,kondom
kondusifã°,kondusif
konfrensi,konferensi
konfrontir,konfrontasi
khongfutze,kong fu tse
khonghucu,konghucu
konghu,konghucu
kongkalik,kongkalikong
konglo,konglomerat
konkrit,konkret
konsekuensiny,konsekuensinya
kosentrasi,konsentrasi
kntitusi,konstitusi
kontruksinya,konstruksinya
komsumen,konsumen
kntl,kontol
kontolin,kontol
kontolbrondong,kontol berondong
kontollokal,kontol lokal
kontolsma,kontol sma
kontolsmp,kontol smp
kontolnyaa,kontolnya
kordinator,koordinator
koorwil,koordinator wilayah
kopdit,koperasi kredit
kopindo,koperasi pembatikan indonesia
korankaltim,koran kalimantan timur
kgb,korban galau berat
korbanin,korbankan
koriya,korea
kpop,korea pop
koreautara,korea utara
korut,korea utara
kornasjoin,kornas join
korups,korupsi
koruftor,koruptor
kosakatany,kosakatanya
kotametro,kota metro
kotametronews,kota metro news
kotakarismatikmadiun,kotak karismatik madiun
kotakpandora,kotak pandora
kotany,kotanya
kotorr,kotor
kotoreu,kotornya
kotornyaa,kotornya
kreatifitas,kreativitas
kpr,kredit pemilikan rumah
kriaten,kristen
krsten,kristen
krislam,kristen islam
kristian,kristiani
keritis,kritis
knjngi,kunjungi
kotang,kutang
kickoff,mulai
kentot,ngentot
key,oke
kidu,pendidikan anak
kpoper,penggemar korea pop
keliyengan,pusing
king,raja
kekayasa,rekayasa
kieu,seperti ini
kene,sini
kegoda,tergoda
keinj,terinjak
keinjek,terinjak
kejual,terjual
kekadang,terkadang
keuber,terkejar
kepake,terpakai
kepilih,terpilih
kesalip,tersalip
keselek,tersedak
kesinggung,tersinggung
kesiram,tersiram
kesemsem,tertarik
ketolong,tertolong
kubacanya,aku bacanya
kuchat,aku chat
kudikasi,aku dikasih
kuduga,aku duga
kuharapkan,aku harapkan
kuinget,aku ingat
kujual,aku jual
kukasih,aku kasih
kukenal,aku kenal
kukira,aku kira
kulihat,aku lihat
kumalu,aku malu
kuminta,aku minta
kupake,aku pakai
kupikir,aku pikir
kuposting,aku posting
kuraih,aku raih
kurasa,aku rasa
kusayang,aku sayang
kusebut,aku sebut
kusiap,aku siap
kutau,aku tau
mamarica,amerika
mamarika,amerika
kumaha,bagaimana
mbajingi,bajingan
mbangsat,bangsat
lemu,besar
malesin,bikin males
kukurusukan,blusukan
lur,bro
lurd,bro
mamen,bro
mburuh,buruh
makmak,emak emak
lifestyle,gaya hidup
mbrot,gembrot
kuduu,harus
kudune,harusnya
lntolerans,intoleran
mbut,jembut
ktp,kartu tanda penduduk
ksihan,kasihan
kwin,kawin
kwn,kawin
kslian,keaslian
leutik,kecil
maren,kemarin
kunaon,kenapa
kvld,keren
ksl,kesal
kthuan,ketahuan
ktka,ketika
ktimbang,ketimbang
ktua,ketua
ktw,ketua
kturunan,keturunan
kuatirkan,khawatirkan
kusus,khusus
kyai,kiai
kualisi,koalisi
kumunis,komunis
ktt,konferensi tingkat tinggi
kwi,konferensi waligereja indonesia
kualalumpur,kuala lumpur
kualiti,kualitas
kwalitasnya,kualitasnya
luartal,kuartal
kuatkuasakan,kuat kuasakan
kucarkacir,kucar kacir
kuching,kucing
kucin,kucing
kucink,kucing
kuclukk,kucluk
kultwit,kuliah lewat twitter
kultum,kuliah tujuh menit
kuliaham,kuliahan
kulumin,kulumkan
kumparannews,kumparan news
kumpulin,kumpulkan
kumulativ,kumulatif
kuncixa,kuncinya
kurg,kurang
kuper,kurang pergaulan
kuerban,kurban
kuyaa,kuya
kwetiauw,kwetiau
kylaaya,kyla aya
labuhanbatu,labuhan batu
lads,lady
lage,lagi
lge,lagi
lgy,lagi
lagideh,lagi deh
lgkrn,lagi karena
lagipula,lagi pula
lgian,lagian
laah,lah
laahh,lah
lahanjir,lah anjir
lahsi,lah sih
lair,lahir
lahirin,lahirkan
laenn,lain
lainn,lain
liyo,lain
lainnyaã¢,lainnya
laktatullah,laknatullah
lalin,lalu lintas
lamaa,lama
lame,lama
lamalama,lama lama
lamany,lamanya
lancau,lancar
lngkh,langkah
langs,langsung
langsg,langsung
langsng,langsung
langsug,langsung
langsuh,langsung
lansung,langsung
lsng,langsung
lsung,langsung
lanju,lanjut
lanjot,lanjut
lansia,lanjut usia
lanjjutkan,lanjutkan
lanjutken,lanjutkan
lpngan,lapangan
laperr,lapar
laporin,laporkan
lawr,law
lawaq,lawak
lwn,lawan
lawangsewu,lawang sewu
layanin,layani
layuu,layu
labah,lebah
lebaranpresidenbaru,lebaran presiden baru
lebaranya,lebarannya
labih,lebih
lebi,lebih
lebiihh,lebih
lebihdaripadapolitik,lebih daripada politik
lecehin,lecehkan
langend,legend
lejen,legend
legeslatif,legislatif
legitt,legit
lalaki,lelaki
lemabaga,lembaga
lebaga,lembaga
lapas,lembaga pemasyarakatan
lsm,lembaga swadaya masyarakat
lemparlemang,lempang lemang
lemparin,lemparkan
lengkapin,lengkapi
lengkoas,lengkuas
lengerkan,lengserkan
lengeserkan,lengserkan
lepasni,lepas nih
letjen,letnan jenderal
lwat,lewat
lgnpolos,lgn polos
liabiliti,liability
liberalkocak,liberal kocak
liberation,liberalisasi
liberalism,liberalisme
ligaindonesiabandung,liga indonesia bandung
lrt,light rail transit
liatbudek,lihat budek
liatkan,lihatkan
liatny,lihatnya
liatnye,lihatnya
likhok,likok
lindes,lindas
lingserwengi,lingsir wengi
linimasa,lini masa
links,link
lho,lo
lhoh,lo
logh,lo
lowh,lo
lombatari,loba tari
lobby,lobi
logic,logika
logik,logika
local,lokal
lokalhangat,lokal hangat
lokalhot,lokal hot
loll,lol
loloas,lolos
longrep,long reply
lou,loud
lov,love
lbp,low back pain
loker,lowongan kerja
loee,lu
luuh,lu
luarr,luar
luarbinasa,luar binasa
luculucuan,lucu lucuan
lihut,luhut
lunaa,luna
luth,lut
lutim,luwu timur
mcam,macam
macete,macetnya
masdie,maddie
madepmantebmanetep,madep mantep manetep
madiuntoday,madiun today
mapia,mafia
maah,mah
mahassiswa,mahasiswa
maba,mahasiswa baru
mahatir,mahathir
mahbob,mahbub
mayong,mahyong
mabar,main bareng
maenin,mainkan
maenkan,mainkan
mainin,mainkan
maennya,mainnya
mainya,mainnya
majelisilmu,majelis ilmu
majelistaklim,majelis taklim
majikanya,majikannya
majuo,maju
majuakuakulturkita,maju akuakultur kita
maa,mak
makananya,makanannya
makane,makanya
makax,makanya
mangkannya,makanya
mangkanye,makanya
makasar,makassar
maqbul,makbul
macik,makcik
mahluq,makhluk
maklumin,maklumkan
maximal,maksimal
maksudkn,maksudkan
maksudnyaa,maksudnya
maksufnya,maksudnya
maksutnya,maksudnya
mall,mal
maljum,malam jumat
malaisia,malaysia
malaysiabaharu,malaysia baru
malaysiamemilih,malaysia memilih
maletrip,male trip
malukuhebat,maluku hebat
malukuutara,maluku utara
mamih,mama
mahmuda,mama muda
mahmudah,mama muda
mamputetapi,mampu tetapi
mampos,mampus
mampuss,mampus
mampuuss,mampus
mampuy,mampus
manaã°,mana
manatuh,mana itu
manash,mana sih
management,manajemen
mbs,manajemen berbasis sekolah
manager,manajer
managernyapun,manajernyapun
manapn,manapun
mck,mandi cuci kakus
madnor,mandor
manfaatin,manfaatkan
mangkrakin,mangkrakan
maniax,maniak
manifestobn,manifesto barisan nasional
manjaa,manja
mantaapp,mantap
mantab,mantap
mantaf,mantap
mantapks,mantap
mantebh,mantap
mantul,mantap betul
mantabkan,mantapkan
manhos,manthous
mantrakerta,mantra kerta
manusie,manusia
mapinfo,map info
marahin,marahi
marbot,marbut
mardanikelimpungan,mardani kelimpungan
marhain,marhaen
mariberteman,mari berteman
marianusemi,marianu semi
mabes,markas besar
mako,markas komando
marketupdate,market update
maz,mas
mase,masa
masela,masa
masadepaan,masa depan
masalalunya,masa lalunya
macak,masak
masalh,masalah
masup,mashup
maaih,masih
mash,masih
masi,masih
masihã¢â minim,masih minim
masdjid,masjid
masnyaahh,masnya
massageboy,massage boy
masu,masuk
masukim,masukan
masukkan,masukan
masukulah,masuklah
massya,masya
mashaallah,masyaallah
masaikh,masyaikh
masjarakat,masyarakat
masy,masyarakat
masyrakat,masyarakat
mea,masyarakat ekonomi asean
matanajwa,mata najwa
mapel,mata pelajaran
matapelajaran,mata pelajaran
matalu,matamu
matane,matanya
matrial,material
matiin,matikan
maok,mau
mauk,mau
mauyang,mau yang
maxx,max
maijen,mayjen
mayjen,mayor jenderal
majority,mayoritas
mayorita,mayoritas
mbaku,mbakku
mbaknyah,mbaknya
mcd,mc donalds
mediaindonesia,media indonesia
mcu,medical check up
maininnya,memainkannya
makanin,memakan
makiin,memaki
maluiin,memalukan
manggilnya,memanggilnya
mangku,memangku
manjangin,memanjangkan
masang,memasang
mastiin,memastikan
mateni,mematikan
mbaca,membaca
mbangun,membangun
mbantu,membantu
mbatin,membatin
mambiadabkan,membiadabkan
mdatangkan,mendatangkan
medekati,mendekati
marit,menikah
manjadi,menjadi
manurun,menurun
medeka,merdeka
mecin,micin
mangondow,mongondow
manufikun,munafik
lmusikindonesiajuara,musik indonesia juara
mca,muslim cyber army
lider,pemimpin
leadny,pemimpinnya
linmas,perlindungan masyarakat
lieur,pusing
maken,semakin
lepastu,setelah itu
mbelek,tai
makaih,terima kasih
ktipu,tertipu
matlam,tujuan
matlamat,tujuan
kwkwkw,wkwk
kwkwkwkkw,wkwk
kwkwkwkw,wkwk
kwkwkwkwk,wkwk
kwkwkwkwkw,wkwk
kwwkwkwkwkwkwkwkkw,wkwk
medsosan,bermedia sosial
melu,ikut
meneh,lagi
mejik,magic
mekah,makkah
mekkah,makkah
mee,me
medsos,media sosial
mefsod,media sosial
medsosnya,media sosialnya
megawatu,megawati
meikerta,meikarta
meikartagate,meikarta gate
melaks,melaksanakan
melaksakan,melaksanakan
melaui,melalui
melecekan,melecehkan
meleduk,meledak
meledakan,meledakkan
melwati,melewati
melipiirr,melipir
meluluk,melulu
meluruskn,meluruskan
memaikan,memainkan
memaksan,memaksakan
memkasakan,memaksakan
menalukan,memalukan
membangunkankan,membangunkan
membata,membatalkan
membatalan,membatalkan
membentukã¢,membentuk
memberikab,memberikan
membrikan,memberikan
memeberikan,memberikan
memberitau,memberitahu
membleh,memble
memblow,memble
membikin,membuat
membukat,membuka
memerdulikan,memedulikan
memperdulikan,memedulikan
meki,memek
memekin,memek
mememk,memek
memekbasah,memek basah
memekbece,memek becek
memekbecek,memek becek
memekjanda,memek janda
memekmerah,memek merah
mencarin,memencarkan
mempercayai,memercayai
memperkosa,memerkosa
mempesona,memesona
memfitna,memfitnah
memelih,memilih
memil,memilih
mempolisikan,memolisikan
memory,memori
memposisikan,memosisikan
memperbaikin,memperbaiki
mempergunaakan,mempergunakan
memerhati,memperhatikan
mempermain,mempermainkan
mempersoal,mempersoalkan
mempraktekannya,mempraktikannya
mempublikasikan,memublikasikan
menafikkan,menafikan
menafairkan,menafsirkan
menaikan,menaikkan
menampakan,menampakkan
menasihat,menasihati
mencalon,mencalonkan
mendadakkalap,mendadak kalap
mendsr,mendasar
memmboost,mendorong
menegakan,menegakkan
menelfon,menelepon
menarapkan,menerapkan
memg,meng
mengadobsi,mengadopsi
megecam,mengecam
memengusir,mengusir
menayukuri,mensyukuri
menag,menteri agama
menagama,menteri agama
mendagri,menteri dalam negeri
mendag,menteri perdagangan
menaker,menteri tenaga kerja
memetwit,mentwit
megangin,memegang
akau,aku
bird,biru
cd,celana dalam
yu,yuk
k,kak
mantes,memantas
mbil,sambil
"teman""ny",teman-temannya
"mudh""an",mudah-mudahan
tenny,tenang
"ngaku""",mengaku-ngaku
co,cowok
"nutup""in",menutup-nutupi
kh,kah
km,kamu
"mudah""n",mudah-mudahan
mama.nyy,mamanya
ky,kaya
mw,mau
nama.a,namanya
sayangg'',sayang-sayang
baju'a,bajunya
gara'',gara-gara
pokok'a,pokoknya
na,nya
"coret""",coret-coret
jd'y,jadinya
mbg,mbak
pi,tapi
sendeng,senang
diksi,dikasih
"tante""",tante-tante
mb,mbak
"pasien""nya",pasien-pasiennya
"keren""",keren-keren
"jalan""nya",jalan-jalannya
it,itu
kw,kau
blakon,berlakon
"nangis""",menangis-nangis
"hati""",hati-hati
"jangan""",jangan-jangan
ms,masih
mang,memang
bo'ong,bohong
pala,kepala
alak,kepala
"seburuk""",seburuk-buruk
kate,kata
py,punya
tx,tak
samara,sakinah mawadah rahman
tar,entar
"besar""",besar-besar
"masing""",masing-masing
fi,di
"membanding""",membanding-banding
"dingin""",dingin-dingin
dibangga'in,dibangga-banggakan
"jelek""in",menjelek-jelekkan
"tebir""",ribet-ribet
ikh,ih
cock,cocok
temen-temen,teman-teman
pdng,padang
mata'y,matanya
sumai,suami
tk,tak
x,kali
tot,entot
"tahun""",tahun-tahun
"bangt""",banget-banget
"sama""",sama-sama
cantika,cantik
nd,indak
"engga""",enggak-enggak
"bener""",benar-benar
make,memakai
ygs,sayang
"mati""an",mati-matian
"ngumpet""",mengumpet-ngumpet
sp,siapa
lt,lantai
"nama""",nama-nama
"abal""",abal-abal
stp,setiap
"mdh""",mudah-mudah
d.bikinin,dibikin
kana,kanan
dak,indak
kembaq,kembar
slahkan,salahkan
ganti'kn,menggantikan
"kebaikan""y",kebaikannya
mupeng,muka pengin
ono,sono
soga,moga
to,tapi
"ilang""",hilang-hilang
"artis""",artis-artis
"bwa""",bawa-bawa
kki,kaki
"mbak""",mbak-mbak
hati.a,hatinya
mk.a,makanya
mlt.a,mulutnya
nyerocooooos,mencerocos
kyk.a,kayaknya
kakakaaaaaaaaaaaaaa,kakak
cantikkkkkkkk,cantik
batwc,banget
kamyuhhh,kamu
"gara""",gara-gara
"benar""",benar-benar
s*inetr*n,sinetron
"bner""",benar-benar
"minyak""an",minyak-minyakan
"ngomong""",ngomong-ngomong
agama'ny,agamanya
"jelas""",jelas-jelas
suami'y,suaminya
kucing'y,kucingnya
nama'in,namai
panggilan'ya,panggilannya
panggilan'y,panggilannya
z,saja
alu,aku
tehhhh,teh
"bangga""in",membangga-banggakan
"bilang""",bilang-bilang
ngepake',memakai
lagu'y,lagunya
"mba""",mbak-mbak
bukan'a,bukannya
"ngerebut""",merebut-rebut
"bela""in",membela-bela
"pikir""",pikir-pikir
kaya'a,kayanya
"karya""",karya-karya
do,di
cali,caci
"artist""",artis-artis
"maki""",maki-maki
add,ada
see,sih
in,ini
"muka""",muka-muka
"apa""",apa-apa
"sikap""",sikap-sikap
pipi'y,pipinya
"orang""",orang-orang
"serem""",seram-seram
"happi""",hepi-hepi
dedek,adek
tai,tahi
"sebaik""",sebaik-baik
bt,buat
kelas'a,kelasnya
"kecil""",kecil-kecil
"gtu""an",begitu-gituan
kr,kira
"foto""",foto-foto
"bawa""",bawa-bawa
"nenek""",nenek-nenek
kageeet,kaget
sangaaattt,sangat
niyyyyhhhh,nih
ilang-in,hilangkan
helooooo,halo
waduhhh,waduh
perbulannn,perbulan
astagaaaaaa,astaga
yaaampunnn,ya ampun
"anak""",anak-anak
ngeuh,engah
geuliiiiiiis,geulis
euyyyyy,euy
mampuussss,mampus
diihhhh,dih
azekkkk,asik
bangetttttttt,banget
bundaaaa,bunda
cantiiillx,cantik
sabaarrr,sabar
cantiiiikk,cantik
bangeeeeetttt,banget
cannntikk,cantik
cantiiikkk,cantik
kereeeeen,keren
gemesinnnnn,menggemaskan
ajaibbbbb,ajaib
saayyyyy,say
lohhhh,loh
iiiiiiiiii,ih
ngeriiiiii,ngeri
semangattt,semangat
d.apa,diapa
wik,wig
botakkkk,botak
week,wig
brayyy,bray
hiii,hai
piiiilih,pilih
gewlaaaaa,gila
karir.a,karirnya
wowwwww,wow
seeeemua,semua
le,boleh
heeee,hai
yam,ya
baaaaaang,bang
ganteeeeng,ganteng
entahhh,entah
gimanaaaa,bagaimana
gantengnyaaaa,gantengnya
gantengkuuuuuu,gantengku
atassss,atas
masaaaa,masa
yyaaa,ya
insonniaaa,insomnia
"ms""",masa-masa
rekomendasiiin,merekomendasikan
terharuuuu,terharu
"kata""",kata-kata
liat'y,lihatnya
duhhh,duh
cinggirnyaaaa,cinggirnya
yahhhh,ya
miripppp,mirip
sedikitlaahh,sedikitlah
miriplahhhhhh,miriplah
baju.a,bajunya
wiiiihhhhhhhhh,wih
bgtttttttt,banget
buuun,bun
iyaappps,iya
cantikkkkk,cantik
k',kak
c,sih
gueee,gue
mbaaahhh,mbah
hadeuuhhhh,aduh
serasiii,serasi
iniiiiiiiiiiiiiii,ini
cocokkkkk,cocok
am,sama
tah,teh
anjayyyy,anjay
uaaasssiiiik,asik
gemeeezzzz,gemas
papahhhnya,papahnya
duuuhh,duh
ginting,ganteng
bingiiittzz,banget
infpyunnnn,ampun
paraaah,parah
papiii,papi
haduuuh,aduh
ituuuu,itu
omaaaaaaakk,oma
loncattt,loncat
abg,abang
kmariiin,kemarin
jelasssss,jelas
kaliiin,kalian
ujunggg,ujung
kaakaaaa,kakak
kannn,kan
jmpaaaa,jumpa
yukkk,yuk
syukaaakkk,suka
yakaliiiii,yakali
jendesss,janda
bngtttt,banget
langgengggg,langgeng
sekaliiiii,sekali
anehhh,aneh
kocaaaakkk,kocak
abiiiss,habis
ampuuun,ampun
iiihhhh,ih
flim.a,filmnya
trusan.a,terusannya
cntiiikkk,cantik
kangeeeennnnn,kangen
nyaaaaaaaaa,nya
duuhhhhh,duh
ayooook,ayo
astagaaaaaaaa,astaga
inihhh,ini
kereeeeennn,keren
"temen""",teman-teman
mantappp,mantap
guaaaaaaa,gua
ngakakkk,mengakak
gantweng,ganteng
anjjjjjjjj,anjing
gakwad,enggak kuat
iniii,ini
favoriteeee,favorit
klk,kelak
kangennnnn,kangen
kangennnnnnn,kangen
allahhhh,allah
amiennnn,amien
"dimana""",dimana-mana
toloollll,tolol
bodhooo,bodoh
peliharaaaa,pelihara
"ati""",hati-hati
siihhh,sih
andaaa,anda
buktinyaaa,buktinya
smuaaa,semua
waduuuuh,waduh
cakeeeeppp,cakep
"brg""",bareng-bareng
anjaaaayyyyyy,anjay
dieee,dia
pedulilaaaah,pedulilah
lekong,laki
kacauuuu,kacau
tembemmm,tembem
lucuuuuuuuuuu,lucu
bundaaa,bunda
cantiknyaaaaa,cantiknya
"laku""",laku-laku
"orang""nya",orang-orangnya
cape,capek
eeeeh,eh
"diam""",diam-diam
nm,nama
"laki""",laki-laki
duuuhhh,duh
gakkk,enggak
abiiiiisssss,habis
bedaaa,beda
jaoooh,jauh
mateeeeeeeeeeee,mati
parsis,persis
yoookkkk,yuk
asliiiii,asli
aduuhhhh,aduh
kiya,kita
miriiiiip,mirip
dirimuuu,dirimu
semuanyaaaa,semuanya
suka.a,sukanya
coyyy,coy
mulutnyaaa,mulutnya
hallooo,halo
poooolllll,pol
tahannn,tahan
gituuuuu,begitu
kyy,kaya
rinduuuuuuu,rindu
kangeeeennn,kangen
mg,moga
aamiiiiinnn,amin
gemezzzz,gemas
kangennnnnn,kangen
bakattt,bakat
setujuuuu,setuju
"sembunyi""""",sembunyi-sembunyi
s'lalu,selalu
mauuuuuu,mau
slaluuuuu,selalu
kanggggg,kang
edaaann,edan
hatiiii,hati
luuuucuuu,lucu
caantiiik,cantik
luucuuu,lucu
"terus""an",terus-terusan
siiih,sih
pollll,pol
sekaliiii,sekali
mk,maka
naaaa,nya
ademmm,adem
mantapppppp,mantap
positippp,positif
jauuhhh,jauh
slmnya,salamnya
lengkeeett,lengket
caaannnttiikkk,cantik
trusss,terus
apalagiii,apalagi
passs,pas
akuuuur,akur
"mudah""an",mudah-mudahan
"segala""ny",segala-galanya
"ank""",anak-anak
naaahhh,nah
beluumm,belum
sayangggq,sayangku
ciiieee,cie
cieee,cie
cieeee,cie
besokkk,besok
annnnjjjjjjrrrr,anjir
lucuuuuuuuu,lucu
kaaaaaann,kan
nyaaaaaaa,nya
keee,ke
bungkuuussss,bungkus
buanyaaak,banyak
aaamiiinnn,amin
aaamiiin,amin
hiduupppp,hidup
"mentang""",mentang-mentang
benneeeeeerr,benar
anak'y,anaknya
"gtu""",begitu-gitu
aamiiiinnnnn,amin
pengennnn,ingin
siiiiiiippppppppp,sip
donggg,dong
beruntungnyaaaa,beruntungnya
soal'y,soalnya
gueeeee,gue
ankknyaaa,anaknya
centilnyaaaaaa,centilnya
ngacaaa,mengaca
diaaa,dia
centillll,centil
ampyunnnn,ampun
j,saja
"syirik""",syirik-syirik
mampuuu,mampu
bingitzzzz,banget
apasihhh,apasih
genittt,genit
kx,kak
"mentah""",mentah-mentah
lainnn,lain
bagaimanaaa,bagaimana
enakkkkk,enak
poool,pol
jirrrr,anjir
pilihannny,pilihannya
muuuu,mu
uuhhh,uh
semuannyaaa,semuanya
kebnyak'an,kebanyakan
aduuuh,aduh
lhooo,loh
kamuuuu,kamu
smogaaa,semoga
wowoooww,wow
jh,saja
kereeennnn,keren
gilakkk,gila
haloo,halo
mmantab,mantap
bgo,bego
goblk,goblok
ngabarin,mengabarkan
gbsa,ga bisa
ajay,anjay
wuiiihh,wih
pertanyaanny,pertanyaannya
biat,buat
ctk,cantik
mbakyu,mbak ayu
ditelp,ditelpon
kndisi,kondisi
mnganalisa,menganalisa
lebar²,lebar-lebar
trkait,terkait
dilaporkn,dilaporkan
trkena,terkenal
erempuan,perempuan
pleh,oleh
tahunx,tahunnya
paksin,vaksin
trmkash,terima kasih
yesss,yes
dadi,jadi
ngapusi,bohong
guyu,ketawa
siaaap,siap
yaaaaa,ya
kmanusiaan,kemanusiaan
jangaaan,jangan
tks,terima kasih
anjimmm,anjing
sialannn,sialan
coookkk,jancuk
trf,transfer
gabisaa,tidak bisa
cepeet,cepat
adaaa,ada
ket,keterangan
dahhhhhhhhh,deh
hadahhhhhhhh,aduh
diangakt,diangkat
